[2026-07-16 13:01:21] local.ERROR: Undefined array key "database" {"exception":"[object] (ErrorException(code: 0): Undefined array key \"database\" at /Applications/MAMP/htdocs/vending_machine/vendor/laravel/framework/src/Illuminate/Database/Connectors/ConnectionFactory.php:76)
[stacktrace]
#0 /Applications/MAMP/htdocs/vending_machine/vendor/laravel/framework/src/Illuminate/Foundation/Bootstrap/HandleExceptions.php(270): Illuminate\\Foundation\\Bootstrap\\HandleExceptions->handleError(2, 'Undefined array...', '/Applications/M...', 76)
#1 /Applications/MAMP/htdocs/vending_machine/vendor/laravel/framework/src/Illuminate/Database/Connectors/ConnectionFactory.php(76): Illuminate\\Foundation\\Bootstrap\\HandleExceptions->Illuminate\\Foundation\\Bootstrap\\{closure}(2, 'Undefined array...', '/Applications/M...', 76)
#2 /Applications/MAMP/htdocs/vending_machine/vendor/laravel/framework/src/Illuminate/Database/Connectors/ConnectionFactory.php(50): Illuminate\\Database\\Connectors\\ConnectionFactory->createSingleConnection(Array)
#3 /Applications/MAMP/htdocs/vending_machine/vendor/laravel/framework/src/Illuminate/Database/DatabaseManager.php(152): Illuminate\\Database\\Connectors\\ConnectionFactory->make(Array, 'mysql')
#4 /Applications/MAMP/htdocs/vending_machine/vendor/laravel/framework/src/Illuminate/Database/DatabaseManager.php(101): Illuminate\\Database\\DatabaseManager->makeConnection('mysql')
#5 /Applications/MAMP/htdocs/vending_machine/vendor/laravel/framework/src/Illuminate/Database/Migrations/DatabaseMigrationRepository.php(211): Illuminate\\Database\\DatabaseManager->connection('mysql')
#6 /Applications/MAMP/htdocs/vending_machine/vendor/laravel/framework/src/Illuminate/Database/Migrations/DatabaseMigrationRepository.php(167): Illuminate\\Database\\Migrations\\DatabaseMigrationRepository->getConnection()
#7 /Applications/MAMP/htdocs/vending_machine/vendor/laravel/framework/src/Illuminate/Database/Migrations/Migrator.php(722): Illuminate\\Database\\Migrations\\DatabaseMigrationRepository->repositoryExists()
#8 /Applications/MAMP/htdocs/vending_machine/vendor/laravel/framework/src/Illuminate/Database/Console/Migrations/MigrateCommand.php(138): Illuminate\\Database\\Migrations\\Migrator->repositoryExists()
#9 /Applications/MAMP/htdocs/vending_machine/vendor/laravel/framework/src/Illuminate/Support/helpers.php(260): Illuminate\\Database\\Console\\Migrations\\MigrateCommand->Illuminate\\Database\\Console\\Migrations\\{closure}(1)
#10 /Applications/MAMP/htdocs/vending_machine/vendor/laravel/framework/src/Illuminate/Database/Console/Migrations/MigrateCommand.php(138): retry(1, Object(Closure), 0, Object(Closure))
#11 /Applications/MAMP/htdocs/vending_machine/vendor/laravel/framework/src/Illuminate/Database/Console/Migrations/MigrateCommand.php(114): Illuminate\\Database\\Console\\Migrations\\MigrateCommand->repositoryExists()
#12 /Applications/MAMP/htdocs/vending_machine/vendor/laravel/framework/src/Illuminate/Database/Console/Migrations/MigrateCommand.php(82): Illuminate\\Database\\Console\\Migrations\\MigrateCommand->prepareDatabase()
#13 /Applications/MAMP/htdocs/vending_machine/vendor/laravel/framework/src/Illuminate/Database/Migrations/Migrator.php(636): Illuminate\\Database\\Console\\Migrations\\MigrateCommand->Illuminate\\Database\\Console\\Migrations\\{closure}()
#14 /Applications/MAMP/htdocs/vending_machine/vendor/laravel/framework/src/Illuminate/Database/Console/Migrations/MigrateCommand.php(81): Illuminate\\Database\\Migrations\\Migrator->usingConnection(NULL, Object(Closure))
#15 /Applications/MAMP/htdocs/vending_machine/vendor/laravel/framework/src/Illuminate/Container/BoundMethod.php(36): Illuminate\\Database\\Console\\Migrations\\MigrateCommand->handle()
#16 /Applications/MAMP/htdocs/vending_machine/vendor/laravel/framework/src/Illuminate/Container/Util.php(41): Illuminate\\Container\\BoundMethod::Illuminate\\Container\\{closure}()
#17 /Applications/MAMP/htdocs/vending_machine/vendor/laravel/framework/src/Illuminate/Container/BoundMethod.php(93): Illuminate\\Container\\Util::unwrapIfClosure(Object(Closure))
#18 /Applications/MAMP/htdocs/vending_machine/vendor/laravel/framework/src/Illuminate/Container/BoundMethod.php(35): Illuminate\\Container\\BoundMethod::callBoundMethod(Object(Illuminate\\Foundation\\Application), Array, Object(Closure))
#19 /Applications/MAMP/htdocs/vending_machine/vendor/laravel/framework/src/Illuminate/Container/Container.php(661): Illuminate\\Container\\BoundMethod::call(Object(Illuminate\\Foundation\\Application), Array, Array, NULL)
#20 /Applications/MAMP/htdocs/vending_machine/vendor/laravel/framework/src/Illuminate/Console/Command.php(183): Illuminate\\Container\\Container->call(Array)
#21 /Applications/MAMP/htdocs/vending_machine/vendor/symfony/console/Command/Command.php(326): Illuminate\\Console\\Command->execute(Object(Symfony\\Component\\Console\\Input\\ArgvInput), Object(Illuminate\\Console\\OutputStyle))
#22 /Applications/MAMP/htdocs/vending_machine/vendor/laravel/framework/src/Illuminate/Console/Command.php(152): Symfony\\Component\\Console\\Command\\Command->run(Object(Symfony\\Component\\Console\\Input\\ArgvInput), Object(Illuminate\\Console\\OutputStyle))
#23 /Applications/MAMP/htdocs/vending_machine/vendor/symfony/console/Application.php(1098): Illuminate\\Console\\Command->run(Object(Symfony\\Component\\Console\\Input\\ArgvInput), Object(Symfony\\Component\\Console\\Output\\ConsoleOutput))
#24 /Applications/MAMP/htdocs/vending_machine/vendor/symfony/console/Application.php(324): Symfony\\Component\\Console\\Application->doRunCommand(Object(Illuminate\\Database\\Console\\Migrations\\MigrateCommand), Object(Symfony\\Component\\Console\\Input\\ArgvInput), Object(Symfony\\Component\\Console\\Output\\ConsoleOutput))
#25 /Applications/MAMP/htdocs/vending_machine/vendor/symfony/console/Application.php(175): Symfony\\Component\\Console\\Application->doRun(Object(Symfony\\Component\\Console\\Input\\ArgvInput), Object(Symfony\\Component\\Console\\Output\\ConsoleOutput))
#26 /Applications/MAMP/htdocs/vending_machine/vendor/laravel/framework/src/Illuminate/Console/Application.php(102): Symfony\\Component\\Console\\Application->run(Object(Symfony\\Component\\Console\\Input\\ArgvInput), Object(Symfony\\Component\\Console\\Output\\ConsoleOutput))
#27 /Applications/MAMP/htdocs/vending_machine/vendor/laravel/framework/src/Illuminate/Foundation/Console/Kernel.php(155): Illuminate\\Console\\Application->run(Object(Symfony\\Component\\Console\\Input\\ArgvInput), Object(Symfony\\Component\\Console\\Output\\ConsoleOutput))
#28 /Applications/MAMP/htdocs/vending_machine/artisan(35): Illuminate\\Foundation\\Console\\Kernel->handle(Object(Symfony\\Component\\Console\\Input\\ArgvInput), Object(Symfony\\Component\\Console\\Output\\ConsoleOutput))
#29 {main}
"} 
[2026-07-16 13:02:13] local.ERROR: Undefined array key "database" {"exception":"[object] (ErrorException(code: 0): Undefined array key \"database\" at /Applications/MAMP/htdocs/vending_machine/vendor/laravel/framework/src/Illuminate/Database/Connectors/ConnectionFactory.php:76)
[stacktrace]
#0 /Applications/MAMP/htdocs/vending_machine/vendor/laravel/framework/src/Illuminate/Foundation/Bootstrap/HandleExceptions.php(270): Illuminate\\Foundation\\Bootstrap\\HandleExceptions->handleError(2, 'Undefined array...', '/Applications/M...', 76)
#1 /Applications/MAMP/htdocs/vending_machine/vendor/laravel/framework/src/Illuminate/Database/Connectors/ConnectionFactory.php(76): Illuminate\\Foundation\\Bootstrap\\HandleExceptions->Illuminate\\Foundation\\Bootstrap\\{closure}(2, 'Undefined array...', '/Applications/M...', 76)
#2 /Applications/MAMP/htdocs/vending_machine/vendor/laravel/framework/src/Illuminate/Database/Connectors/ConnectionFactory.php(50): Illuminate\\Database\\Connectors\\ConnectionFactory->createSingleConnection(Array)
#3 /Applications/MAMP/htdocs/vending_machine/vendor/laravel/framework/src/Illuminate/Database/DatabaseManager.php(152): Illuminate\\Database\\Connectors\\ConnectionFactory->make(Array, 'mysql')
#4 /Applications/MAMP/htdocs/vending_machine/vendor/laravel/framework/src/Illuminate/Database/DatabaseManager.php(101): Illuminate\\Database\\DatabaseManager->makeConnection('mysql')
#5 /Applications/MAMP/htdocs/vending_machine/vendor/laravel/framework/src/Illuminate/Database/Migrations/DatabaseMigrationRepository.php(211): Illuminate\\Database\\DatabaseManager->connection('mysql')
#6 /Applications/MAMP/htdocs/vending_machine/vendor/laravel/framework/src/Illuminate/Database/Migrations/DatabaseMigrationRepository.php(167): Illuminate\\Database\\Migrations\\DatabaseMigrationRepository->getConnection()
#7 /Applications/MAMP/htdocs/vending_machine/vendor/laravel/framework/src/Illuminate/Database/Migrations/Migrator.php(722): Illuminate\\Database\\Migrations\\DatabaseMigrationRepository->repositoryExists()
#8 /Applications/MAMP/htdocs/vending_machine/vendor/laravel/framework/src/Illuminate/Database/Console/Migrations/MigrateCommand.php(138): Illuminate\\Database\\Migrations\\Migrator->repositoryExists()
#9 /Applications/MAMP/htdocs/vending_machine/vendor/laravel/framework/src/Illuminate/Support/helpers.php(260): Illuminate\\Database\\Console\\Migrations\\MigrateCommand->Illuminate\\Database\\Console\\Migrations\\{closure}(1)
#10 /Applications/MAMP/htdocs/vending_machine/vendor/laravel/framework/src/Illuminate/Database/Console/Migrations/MigrateCommand.php(138): retry(1, Object(Closure), 0, Object(Closure))
#11 /Applications/MAMP/htdocs/vending_machine/vendor/laravel/framework/src/Illuminate/Database/Console/Migrations/MigrateCommand.php(114): Illuminate\\Database\\Console\\Migrations\\MigrateCommand->repositoryExists()
#12 /Applications/MAMP/htdocs/vending_machine/vendor/laravel/framework/src/Illuminate/Database/Console/Migrations/MigrateCommand.php(82): Illuminate\\Database\\Console\\Migrations\\MigrateCommand->prepareDatabase()
#13 /Applications/MAMP/htdocs/vending_machine/vendor/laravel/framework/src/Illuminate/Database/Migrations/Migrator.php(636): Illuminate\\Database\\Console\\Migrations\\MigrateCommand->Illuminate\\Database\\Console\\Migrations\\{closure}()
#14 /Applications/MAMP/htdocs/vending_machine/vendor/laravel/framework/src/Illuminate/Database/Console/Migrations/MigrateCommand.php(81): Illuminate\\Database\\Migrations\\Migrator->usingConnection(NULL, Object(Closure))
#15 /Applications/MAMP/htdocs/vending_machine/vendor/laravel/framework/src/Illuminate/Container/BoundMethod.php(36): Illuminate\\Database\\Console\\Migrations\\MigrateCommand->handle()
#16 /Applications/MAMP/htdocs/vending_machine/vendor/laravel/framework/src/Illuminate/Container/Util.php(41): Illuminate\\Container\\BoundMethod::Illuminate\\Container\\{closure}()
#17 /Applications/MAMP/htdocs/vending_machine/vendor/laravel/framework/src/Illuminate/Container/BoundMethod.php(93): Illuminate\\Container\\Util::unwrapIfClosure(Object(Closure))
#18 /Applications/MAMP/htdocs/vending_machine/vendor/laravel/framework/src/Illuminate/Container/BoundMethod.php(35): Illuminate\\Container\\BoundMethod::callBoundMethod(Object(Illuminate\\Foundation\\Application), Array, Object(Closure))
#19 /Applications/MAMP/htdocs/vending_machine/vendor/laravel/framework/src/Illuminate/Container/Container.php(661): Illuminate\\Container\\BoundMethod::call(Object(Illuminate\\Foundation\\Application), Array, Array, NULL)
#20 /Applications/MAMP/htdocs/vending_machine/vendor/laravel/framework/src/Illuminate/Console/Command.php(183): Illuminate\\Container\\Container->call(Array)
#21 /Applications/MAMP/htdocs/vending_machine/vendor/symfony/console/Command/Command.php(326): Illuminate\\Console\\Command->execute(Object(Symfony\\Component\\Console\\Input\\ArgvInput), Object(Illuminate\\Console\\OutputStyle))
#22 /Applications/MAMP/htdocs/vending_machine/vendor/laravel/framework/src/Illuminate/Console/Command.php(152): Symfony\\Component\\Console\\Command\\Command->run(Object(Symfony\\Component\\Console\\Input\\ArgvInput), Object(Illuminate\\Console\\OutputStyle))
#23 /Applications/MAMP/htdocs/vending_machine/vendor/symfony/console/Application.php(1098): Illuminate\\Console\\Command->run(Object(Symfony\\Component\\Console\\Input\\ArgvInput), Object(Symfony\\Component\\Console\\Output\\ConsoleOutput))
#24 /Applications/MAMP/htdocs/vending_machine/vendor/symfony/console/Application.php(324): Symfony\\Component\\Console\\Application->doRunCommand(Object(Illuminate\\Database\\Console\\Migrations\\MigrateCommand), Object(Symfony\\Component\\Console\\Input\\ArgvInput), Object(Symfony\\Component\\Console\\Output\\ConsoleOutput))
#25 /Applications/MAMP/htdocs/vending_machine/vendor/symfony/console/Application.php(175): Symfony\\Component\\Console\\Application->doRun(Object(Symfony\\Component\\Console\\Input\\ArgvInput), Object(Symfony\\Component\\Console\\Output\\ConsoleOutput))
#26 /Applications/MAMP/htdocs/vending_machine/vendor/laravel/framework/src/Illuminate/Console/Application.php(102): Symfony\\Component\\Console\\Application->run(Object(Symfony\\Component\\Console\\Input\\ArgvInput), Object(Symfony\\Component\\Console\\Output\\ConsoleOutput))
#27 /Applications/MAMP/htdocs/vending_machine/vendor/laravel/framework/src/Illuminate/Foundation/Console/Kernel.php(155): Illuminate\\Console\\Application->run(Object(Symfony\\Component\\Console\\Input\\ArgvInput), Object(Symfony\\Component\\Console\\Output\\ConsoleOutput))
#28 /Applications/MAMP/htdocs/vending_machine/artisan(35): Illuminate\\Foundation\\Console\\Kernel->handle(Object(Symfony\\Component\\Console\\Input\\ArgvInput), Object(Symfony\\Component\\Console\\Output\\ConsoleOutput))
#29 {main}
"} 
[2026-08-07 13:43:24] local.ERROR: SQLSTATE[HY000] [2002] Connection refused (SQL: select `migration` from `migrations` order by `batch` asc, `migration` asc) {"exception":"[object] (Illuminate\\Database\\QueryException(code: 2002): SQLSTATE[HY000] [2002] Connection refused (SQL: select `migration` from `migrations` order by `batch` asc, `migration` asc) at /Users/akimotokeiju/Desktop/vending_machine/vendor/laravel/framework/src/Illuminate/Database/Connection.php:760)
[stacktrace]
#0 /Users/akimotokeiju/Desktop/vending_machine/vendor/laravel/framework/src/Illuminate/Database/Connection.php(899): Illuminate\\Database\\Connection->runQueryCallback('select `migrati...', Array, Object(Closure))
#1 /Users/akimotokeiju/Desktop/vending_machine/vendor/laravel/framework/src/Illuminate/Database/Connection.php(878): Illuminate\\Database\\Connection->tryAgainIfCausedByLostConnection(Object(Illuminate\\Database\\QueryException), 'select `migrati...', Array, Object(Closure))
#2 /Users/akimotokeiju/Desktop/vending_machine/vendor/laravel/framework/src/Illuminate/Database/Connection.php(722): Illuminate\\Database\\Connection->handleQueryException(Object(Illuminate\\Database\\QueryException), 'select `migrati...', Array, Object(Closure))
#3 /Users/akimotokeiju/Desktop/vending_machine/vendor/laravel/framework/src/Illuminate/Database/Connection.php(405): Illuminate\\Database\\Connection->run('select `migrati...', Array, Object(Closure))
#4 /Users/akimotokeiju/Desktop/vending_machine/vendor/laravel/framework/src/Illuminate/Database/Query/Builder.php(2705): Illuminate\\Database\\Connection->select('select `migrati...', Array, false)
#5 /Users/akimotokeiju/Desktop/vending_machine/vendor/laravel/framework/src/Illuminate/Database/Query/Builder.php(2920): Illuminate\\Database\\Query\\Builder->runSelect()
#6 /Users/akimotokeiju/Desktop/vending_machine/vendor/laravel/framework/src/Illuminate/Database/Query/Builder.php(3230): Illuminate\\Database\\Query\\Builder->Illuminate\\Database\\Query\\{closure}()
#7 /Users/akimotokeiju/Desktop/vending_machine/vendor/laravel/framework/src/Illuminate/Database/Query/Builder.php(2916): Illuminate\\Database\\Query\\Builder->onceWithColumns(Array, Object(Closure))
#8 /Users/akimotokeiju/Desktop/vending_machine/vendor/laravel/framework/src/Illuminate/Database/Migrations/DatabaseMigrationRepository.php(53): Illuminate\\Database\\Query\\Builder->pluck('migration')
#9 /Users/akimotokeiju/Desktop/vending_machine/vendor/laravel/framework/src/Illuminate/Database/Migrations/Migrator.php(732): Illuminate\\Database\\Migrations\\DatabaseMigrationRepository->getRan()
#10 /Users/akimotokeiju/Desktop/vending_machine/vendor/laravel/framework/src/Illuminate/Database/Console/Migrations/MigrateCommand.php(126): Illuminate\\Database\\Migrations\\Migrator->hasRunAnyMigrations()
#11 /Users/akimotokeiju/Desktop/vending_machine/vendor/laravel/framework/src/Illuminate/Database/Console/Migrations/MigrateCommand.php(82): Illuminate\\Database\\Console\\Migrations\\MigrateCommand->prepareDatabase()
#12 /Users/akimotokeiju/Desktop/vending_machine/vendor/laravel/framework/src/Illuminate/Database/Migrations/Migrator.php(636): Illuminate\\Database\\Console\\Migrations\\MigrateCommand->Illuminate\\Database\\Console\\Migrations\\{closure}()
#13 /Users/akimotokeiju/Desktop/vending_machine/vendor/laravel/framework/src/Illuminate/Database/Console/Migrations/MigrateCommand.php(81): Illuminate\\Database\\Migrations\\Migrator->usingConnection(NULL, Object(Closure))
#14 /Users/akimotokeiju/Desktop/vending_machine/vendor/laravel/framework/src/Illuminate/Container/BoundMethod.php(36): Illuminate\\Database\\Console\\Migrations\\MigrateCommand->handle()
#15 /Users/akimotokeiju/Desktop/vending_machine/vendor/laravel/framework/src/Illuminate/Container/Util.php(41): Illuminate\\Container\\BoundMethod::Illuminate\\Container\\{closure}()
#16 /Users/akimotokeiju/Desktop/vending_machine/vendor/laravel/framework/src/Illuminate/Container/BoundMethod.php(93): Illuminate\\Container\\Util::unwrapIfClosure(Object(Closure))
#17 /Users/akimotokeiju/Desktop/vending_machine/vendor/laravel/framework/src/Illuminate/Container/BoundMethod.php(35): Illuminate\\Container\\BoundMethod::callBoundMethod(Object(Illuminate\\Foundation\\Application), Array, Object(Closure))
#18 /Users/akimotokeiju/Desktop/vending_machine/vendor/laravel/framework/src/Illuminate/Container/Container.php(661): Illuminate\\Container\\BoundMethod::call(Object(Illuminate\\Foundation\\Application), Array, Array, NULL)
#19 /Users/akimotokeiju/Desktop/vending_machine/vendor/laravel/framework/src/Illuminate/Console/Command.php(183): Illuminate\\Container\\Container->call(Array)
#20 /Users/akimotokeiju/Desktop/vending_machine/vendor/symfony/console/Command/Command.php(326): Illuminate\\Console\\Command->execute(Object(Symfony\\Component\\Console\\Input\\ArgvInput), Object(Illuminate\\Console\\OutputStyle))
#21 /Users/akimotokeiju/Desktop/vending_machine/vendor/laravel/framework/src/Illuminate/Console/Command.php(152): Symfony\\Component\\Console\\Command\\Command->run(Object(Symfony\\Component\\Console\\Input\\ArgvInput), Object(Illuminate\\Console\\OutputStyle))
#22 /Users/akimotokeiju/Desktop/vending_machine/vendor/symfony/console/Application.php(1098): Illuminate\\Console\\Command->run(Object(Symfony\\Component\\Console\\Input\\ArgvInput), Object(Symfony\\Component\\Console\\Output\\ConsoleOutput))
#23 /Users/akimotokeiju/Desktop/vending_machine/vendor/symfony/console/Application.php(324): Symfony\\Component\\Console\\Application->doRunCommand(Object(Illuminate\\Database\\Console\\Migrations\\MigrateCommand), Object(Symfony\\Component\\Console\\Input\\ArgvInput), Object(Symfony\\Component\\Console\\Output\\ConsoleOutput))
#24 /Users/akimotokeiju/Desktop/vending_machine/vendor/symfony/console/Application.php(175): Symfony\\Component\\Console\\Application->doRun(Object(Symfony\\Component\\Console\\Input\\ArgvInput), Object(Symfony\\Component\\Console\\Output\\ConsoleOutput))
#25 /Users/akimotokeiju/Desktop/vending_machine/vendor/laravel/framework/src/Illuminate/Console/Application.php(102): Symfony\\Component\\Console\\Application->run(Object(Symfony\\Component\\Console\\Input\\ArgvInput), Object(Symfony\\Component\\Console\\Output\\ConsoleOutput))
#26 /Users/akimotokeiju/Desktop/vending_machine/vendor/laravel/framework/src/Illuminate/Foundation/Console/Kernel.php(155): Illuminate\\Console\\Application->run(Object(Symfony\\Component\\Console\\Input\\ArgvInput), Object(Symfony\\Component\\Console\\Output\\ConsoleOutput))
#27 /Users/akimotokeiju/Desktop/vending_machine/artisan(35): Illuminate\\Foundation\\Console\\Kernel->handle(Object(Symfony\\Component\\Console\\Input\\ArgvInput), Object(Symfony\\Component\\Console\\Output\\ConsoleOutput))
#28 {main}

[previous exception] [object] (PDOException(code: 2002): SQLSTATE[HY000] [2002] Connection refused at /Users/akimotokeiju/Desktop/vending_machine/vendor/laravel/framework/src/Illuminate/Database/Connectors/Connector.php:70)
[stacktrace]
#0 /Users/akimotokeiju/Desktop/vending_machine/vendor/laravel/framework/src/Illuminate/Database/Connectors/Connector.php(70): PDO->__construct('mysql:host=127....', 'root', Object(SensitiveParameterValue), Array)
#1 /Users/akimotokeiju/Desktop/vending_machine/vendor/laravel/framework/src/Illuminate/Database/Connectors/Connector.php(100): Illuminate\\Database\\Connectors\\Connector->createPdoConnection('mysql:host=127....', 'root', 'root', Array)
#2 /Users/akimotokeiju/Desktop/vending_machine/vendor/laravel/framework/src/Illuminate/Database/Connectors/Connector.php(49): Illuminate\\Database\\Connectors\\Connector->tryAgainIfCausedByLostConnection(Object(PDOException), 'mysql:host=127....', 'root', 'root', Array)
#3 /Users/akimotokeiju/Desktop/vending_machine/vendor/laravel/framework/src/Illuminate/Database/Connectors/MySqlConnector.php(24): Illuminate\\Database\\Connectors\\Connector->createConnection('mysql:host=127....', Array, Array)
#4 /Users/akimotokeiju/Desktop/vending_machine/vendor/laravel/framework/src/Illuminate/Database/Connectors/ConnectionFactory.php(184): Illuminate\\Database\\Connectors\\MySqlConnector->connect(Array)
#5 [internal function]: Illuminate\\Database\\Connectors\\ConnectionFactory->Illuminate\\Database\\Connectors\\{closure}()
#6 /Users/akimotokeiju/Desktop/vending_machine/vendor/laravel/framework/src/Illuminate/Database/Connection.php(1181): call_user_func(Object(Closure))
#7 /Users/akimotokeiju/Desktop/vending_machine/vendor/laravel/framework/src/Illuminate/Database/Connection.php(486): Illuminate\\Database\\Connection->getPdo()
#8 /Users/akimotokeiju/Desktop/vending_machine/vendor/laravel/framework/src/Illuminate/Database/Connection.php(414): Illuminate\\Database\\Connection->getPdoForSelect(false)
#9 /Users/akimotokeiju/Desktop/vending_machine/vendor/laravel/framework/src/Illuminate/Database/Connection.php(753): Illuminate\\Database\\Connection->Illuminate\\Database\\{closure}('select `migrati...', Array)
#10 /Users/akimotokeiju/Desktop/vending_machine/vendor/laravel/framework/src/Illuminate/Database/Connection.php(899): Illuminate\\Database\\Connection->runQueryCallback('select `migrati...', Array, Object(Closure))
#11 /Users/akimotokeiju/Desktop/vending_machine/vendor/laravel/framework/src/Illuminate/Database/Connection.php(878): Illuminate\\Database\\Connection->tryAgainIfCausedByLostConnection(Object(Illuminate\\Database\\QueryException), 'select `migrati...', Array, Object(Closure))
#12 /Users/akimotokeiju/Desktop/vending_machine/vendor/laravel/framework/src/Illuminate/Database/Connection.php(722): Illuminate\\Database\\Connection->handleQueryException(Object(Illuminate\\Database\\QueryException), 'select `migrati...', Array, Object(Closure))
#13 /Users/akimotokeiju/Desktop/vending_machine/vendor/laravel/framework/src/Illuminate/Database/Connection.php(405): Illuminate\\Database\\Connection->run('select `migrati...', Array, Object(Closure))
#14 /Users/akimotokeiju/Desktop/vending_machine/vendor/laravel/framework/src/Illuminate/Database/Query/Builder.php(2705): Illuminate\\Database\\Connection->select('select `migrati...', Array, false)
#15 /Users/akimotokeiju/Desktop/vending_machine/vendor/laravel/framework/src/Illuminate/Database/Query/Builder.php(2920): Illuminate\\Database\\Query\\Builder->runSelect()
#16 /Users/akimotokeiju/Desktop/vending_machine/vendor/laravel/framework/src/Illuminate/Database/Query/Builder.php(3230): Illuminate\\Database\\Query\\Builder->Illuminate\\Database\\Query\\{closure}()
#17 /Users/akimotokeiju/Desktop/vending_machine/vendor/laravel/framework/src/Illuminate/Database/Query/Builder.php(2916): Illuminate\\Database\\Query\\Builder->onceWithColumns(Array, Object(Closure))
#18 /Users/akimotokeiju/Desktop/vending_machine/vendor/laravel/framework/src/Illuminate/Database/Migrations/DatabaseMigrationRepository.php(53): Illuminate\\Database\\Query\\Builder->pluck('migration')
#19 /Users/akimotokeiju/Desktop/vending_machine/vendor/laravel/framework/src/Illuminate/Database/Migrations/Migrator.php(732): Illuminate\\Database\\Migrations\\DatabaseMigrationRepository->getRan()
#20 /Users/akimotokeiju/Desktop/vending_machine/vendor/laravel/framework/src/Illuminate/Database/Console/Migrations/MigrateCommand.php(126): Illuminate\\Database\\Migrations\\Migrator->hasRunAnyMigrations()
#21 /Users/akimotokeiju/Desktop/vending_machine/vendor/laravel/framework/src/Illuminate/Database/Console/Migrations/MigrateCommand.php(82): Illuminate\\Database\\Console\\Migrations\\MigrateCommand->prepareDatabase()
#22 /Users/akimotokeiju/Desktop/vending_machine/vendor/laravel/framework/src/Illuminate/Database/Migrations/Migrator.php(636): Illuminate\\Database\\Console\\Migrations\\MigrateCommand->Illuminate\\Database\\Console\\Migrations\\{closure}()
#23 /Users/akimotokeiju/Desktop/vending_machine/vendor/laravel/framework/src/Illuminate/Database/Console/Migrations/MigrateCommand.php(81): Illuminate\\Database\\Migrations\\Migrator->usingConnection(NULL, Object(Closure))
#24 /Users/akimotokeiju/Desktop/vending_machine/vendor/laravel/framework/src/Illuminate/Container/BoundMethod.php(36): Illuminate\\Database\\Console\\Migrations\\MigrateCommand->handle()
#25 /Users/akimotokeiju/Desktop/vending_machine/vendor/laravel/framework/src/Illuminate/Container/Util.php(41): Illuminate\\Container\\BoundMethod::Illuminate\\Container\\{closure}()
#26 /Users/akimotokeiju/Desktop/vending_machine/vendor/laravel/framework/src/Illuminate/Container/BoundMethod.php(93): Illuminate\\Container\\Util::unwrapIfClosure(Object(Closure))
#27 /Users/akimotokeiju/Desktop/vending_machine/vendor/laravel/framework/src/Illuminate/Container/BoundMethod.php(35): Illuminate\\Container\\BoundMethod::callBoundMethod(Object(Illuminate\\Foundation\\Application), Array, Object(Closure))
#28 /Users/akimotokeiju/Desktop/vending_machine/vendor/laravel/framework/src/Illuminate/Container/Container.php(661): Illuminate\\Container\\BoundMethod::call(Object(Illuminate\\Foundation\\Application), Array, Array, NULL)
#29 /Users/akimotokeiju/Desktop/vending_machine/vendor/laravel/framework/src/Illuminate/Console/Command.php(183): Illuminate\\Container\\Container->call(Array)
#30 /Users/akimotokeiju/Desktop/vending_machine/vendor/symfony/console/Command/Command.php(326): Illuminate\\Console\\Command->execute(Object(Symfony\\Component\\Console\\Input\\ArgvInput), Object(Illuminate\\Console\\OutputStyle))
#31 /Users/akimotokeiju/Desktop/vending_machine/vendor/laravel/framework/src/Illuminate/Console/Command.php(152): Symfony\\Component\\Console\\Command\\Command->run(Object(Symfony\\Component\\Console\\Input\\ArgvInput), Object(Illuminate\\Console\\OutputStyle))
#32 /Users/akimotokeiju/Desktop/vending_machine/vendor/symfony/console/Application.php(1098): Illuminate\\Console\\Command->run(Object(Symfony\\Component\\Console\\Input\\ArgvInput), Object(Symfony\\Component\\Console\\Output\\ConsoleOutput))
#33 /Users/akimotokeiju/Desktop/vending_machine/vendor/symfony/console/Application.php(324): Symfony\\Component\\Console\\Application->doRunCommand(Object(Illuminate\\Database\\Console\\Migrations\\MigrateCommand), Object(Symfony\\Component\\Console\\Input\\ArgvInput), Object(Symfony\\Component\\Console\\Output\\ConsoleOutput))
#34 /Users/akimotokeiju/Desktop/vending_machine/vendor/symfony/console/Application.php(175): Symfony\\Component\\Console\\Application->doRun(Object(Symfony\\Component\\Console\\Input\\ArgvInput), Object(Symfony\\Component\\Console\\Output\\ConsoleOutput))
#35 /Users/akimotokeiju/Desktop/vending_machine/vendor/laravel/framework/src/Illuminate/Console/Application.php(102): Symfony\\Component\\Console\\Application->run(Object(Symfony\\Component\\Console\\Input\\ArgvInput), Object(Symfony\\Component\\Console\\Output\\ConsoleOutput))
#36 /Users/akimotokeiju/Desktop/vending_machine/vendor/laravel/framework/src/Illuminate/Foundation/Console/Kernel.php(155): Illuminate\\Console\\Application->run(Object(Symfony\\Component\\Console\\Input\\ArgvInput), Object(Symfony\\Component\\Console\\Output\\ConsoleOutput))
#37 /Users/akimotokeiju/Desktop/vending_machine/artisan(35): Illuminate\\Foundation\\Console\\Kernel->handle(Object(Symfony\\Component\\Console\\Input\\ArgvInput), Object(Symfony\\Component\\Console\\Output\\ConsoleOutput))
#38 {main}
"} 
[2026-08-07 13:46:22] local.ERROR: SQLSTATE[HY000]: General error: 1812 Tablespace is missing for table `vending_machine`.`migrations`. (SQL: select `migration` from `migrations` order by `batch` asc, `migration` asc) {"exception":"[object] (Illuminate\\Database\\QueryException(code: HY000): SQLSTATE[HY000]: General error: 1812 Tablespace is missing for table `vending_machine`.`migrations`. (SQL: select `migration` from `migrations` order by `batch` asc, `migration` asc) at /Users/akimotokeiju/Desktop/vending_machine/vendor/laravel/framework/src/Illuminate/Database/Connection.php:760)
[stacktrace]
#0 /Users/akimotokeiju/Desktop/vending_machine/vendor/laravel/framework/src/Illuminate/Database/Connection.php(720): Illuminate\\Database\\Connection->runQueryCallback('select `migrati...', Array, Object(Closure))
#1 /Users/akimotokeiju/Desktop/vending_machine/vendor/laravel/framework/src/Illuminate/Database/Connection.php(405): Illuminate\\Database\\Connection->run('select `migrati...', Array, Object(Closure))
#2 /Users/akimotokeiju/Desktop/vending_machine/vendor/laravel/framework/src/Illuminate/Database/Query/Builder.php(2705): Illuminate\\Database\\Connection->select('select `migrati...', Array, false)
#3 /Users/akimotokeiju/Desktop/vending_machine/vendor/laravel/framework/src/Illuminate/Database/Query/Builder.php(2920): Illuminate\\Database\\Query\\Builder->runSelect()
#4 /Users/akimotokeiju/Desktop/vending_machine/vendor/laravel/framework/src/Illuminate/Database/Query/Builder.php(3230): Illuminate\\Database\\Query\\Builder->Illuminate\\Database\\Query\\{closure}()
#5 /Users/akimotokeiju/Desktop/vending_machine/vendor/laravel/framework/src/Illuminate/Database/Query/Builder.php(2916): Illuminate\\Database\\Query\\Builder->onceWithColumns(Array, Object(Closure))
#6 /Users/akimotokeiju/Desktop/vending_machine/vendor/laravel/framework/src/Illuminate/Database/Migrations/DatabaseMigrationRepository.php(53): Illuminate\\Database\\Query\\Builder->pluck('migration')
#7 /Users/akimotokeiju/Desktop/vending_machine/vendor/laravel/framework/src/Illuminate/Database/Migrations/Migrator.php(732): Illuminate\\Database\\Migrations\\DatabaseMigrationRepository->getRan()
#8 /Users/akimotokeiju/Desktop/vending_machine/vendor/laravel/framework/src/Illuminate/Database/Console/Migrations/MigrateCommand.php(126): Illuminate\\Database\\Migrations\\Migrator->hasRunAnyMigrations()
#9 /Users/akimotokeiju/Desktop/vending_machine/vendor/laravel/framework/src/Illuminate/Database/Console/Migrations/MigrateCommand.php(82): Illuminate\\Database\\Console\\Migrations\\MigrateCommand->prepareDatabase()
#10 /Users/akimotokeiju/Desktop/vending_machine/vendor/laravel/framework/src/Illuminate/Database/Migrations/Migrator.php(636): Illuminate\\Database\\Console\\Migrations\\MigrateCommand->Illuminate\\Database\\Console\\Migrations\\{closure}()
#11 /Users/akimotokeiju/Desktop/vending_machine/vendor/laravel/framework/src/Illuminate/Database/Console/Migrations/MigrateCommand.php(81): Illuminate\\Database\\Migrations\\Migrator->usingConnection(NULL, Object(Closure))
#12 /Users/akimotokeiju/Desktop/vending_machine/vendor/laravel/framework/src/Illuminate/Container/BoundMethod.php(36): Illuminate\\Database\\Console\\Migrations\\MigrateCommand->handle()
#13 /Users/akimotokeiju/Desktop/vending_machine/vendor/laravel/framework/src/Illuminate/Container/Util.php(41): Illuminate\\Container\\BoundMethod::Illuminate\\Container\\{closure}()
#14 /Users/akimotokeiju/Desktop/vending_machine/vendor/laravel/framework/src/Illuminate/Container/BoundMethod.php(93): Illuminate\\Container\\Util::unwrapIfClosure(Object(Closure))
#15 /Users/akimotokeiju/Desktop/vending_machine/vendor/laravel/framework/src/Illuminate/Container/BoundMethod.php(35): Illuminate\\Container\\BoundMethod::callBoundMethod(Object(Illuminate\\Foundation\\Application), Array, Object(Closure))
#16 /Users/akimotokeiju/Desktop/vending_machine/vendor/laravel/framework/src/Illuminate/Container/Container.php(661): Illuminate\\Container\\BoundMethod::call(Object(Illuminate\\Foundation\\Application), Array, Array, NULL)
#17 /Users/akimotokeiju/Desktop/vending_machine/vendor/laravel/framework/src/Illuminate/Console/Command.php(183): Illuminate\\Container\\Container->call(Array)
#18 /Users/akimotokeiju/Desktop/vending_machine/vendor/symfony/console/Command/Command.php(326): Illuminate\\Console\\Command->execute(Object(Symfony\\Component\\Console\\Input\\ArgvInput), Object(Illuminate\\Console\\OutputStyle))
#19 /Users/akimotokeiju/Desktop/vending_machine/vendor/laravel/framework/src/Illuminate/Console/Command.php(152): Symfony\\Component\\Console\\Command\\Command->run(Object(Symfony\\Component\\Console\\Input\\ArgvInput), Object(Illuminate\\Console\\OutputStyle))
#20 /Users/akimotokeiju/Desktop/vending_machine/vendor/symfony/console/Application.php(1098): Illuminate\\Console\\Command->run(Object(Symfony\\Component\\Console\\Input\\ArgvInput), Object(Symfony\\Component\\Console\\Output\\ConsoleOutput))
#21 /Users/akimotokeiju/Desktop/vending_machine/vendor/symfony/console/Application.php(324): Symfony\\Component\\Console\\Application->doRunCommand(Object(Illuminate\\Database\\Console\\Migrations\\MigrateCommand), Object(Symfony\\Component\\Console\\Input\\ArgvInput), Object(Symfony\\Component\\Console\\Output\\ConsoleOutput))
#22 /Users/akimotokeiju/Desktop/vending_machine/vendor/symfony/console/Application.php(175): Symfony\\Component\\Console\\Application->doRun(Object(Symfony\\Component\\Console\\Input\\ArgvInput), Object(Symfony\\Component\\Console\\Output\\ConsoleOutput))
#23 /Users/akimotokeiju/Desktop/vending_machine/vendor/laravel/framework/src/Illuminate/Console/Application.php(102): Symfony\\Component\\Console\\Application->run(Object(Symfony\\Component\\Console\\Input\\ArgvInput), Object(Symfony\\Component\\Console\\Output\\ConsoleOutput))
#24 /Users/akimotokeiju/Desktop/vending_machine/vendor/laravel/framework/src/Illuminate/Foundation/Console/Kernel.php(155): Illuminate\\Console\\Application->run(Object(Symfony\\Component\\Console\\Input\\ArgvInput), Object(Symfony\\Component\\Console\\Output\\ConsoleOutput))
#25 /Users/akimotokeiju/Desktop/vending_machine/artisan(35): Illuminate\\Foundation\\Console\\Kernel->handle(Object(Symfony\\Component\\Console\\Input\\ArgvInput), Object(Symfony\\Component\\Console\\Output\\ConsoleOutput))
#26 {main}

[previous exception] [object] (PDOException(code: HY000): SQLSTATE[HY000]: General error: 1812 Tablespace is missing for table `vending_machine`.`migrations`. at /Users/akimotokeiju/Desktop/vending_machine/vendor/laravel/framework/src/Illuminate/Database/Connection.php:414)
[stacktrace]
#0 /Users/akimotokeiju/Desktop/vending_machine/vendor/laravel/framework/src/Illuminate/Database/Connection.php(414): PDO->prepare('select `migrati...')
#1 /Users/akimotokeiju/Desktop/vending_machine/vendor/laravel/framework/src/Illuminate/Database/Connection.php(753): Illuminate\\Database\\Connection->Illuminate\\Database\\{closure}('select `migrati...', Array)
#2 /Users/akimotokeiju/Desktop/vending_machine/vendor/laravel/framework/src/Illuminate/Database/Connection.php(720): Illuminate\\Database\\Connection->runQueryCallback('select `migrati...', Array, Object(Closure))
#3 /Users/akimotokeiju/Desktop/vending_machine/vendor/laravel/framework/src/Illuminate/Database/Connection.php(405): Illuminate\\Database\\Connection->run('select `migrati...', Array, Object(Closure))
#4 /Users/akimotokeiju/Desktop/vending_machine/vendor/laravel/framework/src/Illuminate/Database/Query/Builder.php(2705): Illuminate\\Database\\Connection->select('select `migrati...', Array, false)
#5 /Users/akimotokeiju/Desktop/vending_machine/vendor/laravel/framework/src/Illuminate/Database/Query/Builder.php(2920): Illuminate\\Database\\Query\\Builder->runSelect()
#6 /Users/akimotokeiju/Desktop/vending_machine/vendor/laravel/framework/src/Illuminate/Database/Query/Builder.php(3230): Illuminate\\Database\\Query\\Builder->Illuminate\\Database\\Query\\{closure}()
#7 /Users/akimotokeiju/Desktop/vending_machine/vendor/laravel/framework/src/Illuminate/Database/Query/Builder.php(2916): Illuminate\\Database\\Query\\Builder->onceWithColumns(Array, Object(Closure))
#8 /Users/akimotokeiju/Desktop/vending_machine/vendor/laravel/framework/src/Illuminate/Database/Migrations/DatabaseMigrationRepository.php(53): Illuminate\\Database\\Query\\Builder->pluck('migration')
#9 /Users/akimotokeiju/Desktop/vending_machine/vendor/laravel/framework/src/Illuminate/Database/Migrations/Migrator.php(732): Illuminate\\Database\\Migrations\\DatabaseMigrationRepository->getRan()
#10 /Users/akimotokeiju/Desktop/vending_machine/vendor/laravel/framework/src/Illuminate/Database/Console/Migrations/MigrateCommand.php(126): Illuminate\\Database\\Migrations\\Migrator->hasRunAnyMigrations()
#11 /Users/akimotokeiju/Desktop/vending_machine/vendor/laravel/framework/src/Illuminate/Database/Console/Migrations/MigrateCommand.php(82): Illuminate\\Database\\Console\\Migrations\\MigrateCommand->prepareDatabase()
#12 /Users/akimotokeiju/Desktop/vending_machine/vendor/laravel/framework/src/Illuminate/Database/Migrations/Migrator.php(636): Illuminate\\Database\\Console\\Migrations\\MigrateCommand->Illuminate\\Database\\Console\\Migrations\\{closure}()
#13 /Users/akimotokeiju/Desktop/vending_machine/vendor/laravel/framework/src/Illuminate/Database/Console/Migrations/MigrateCommand.php(81): Illuminate\\Database\\Migrations\\Migrator->usingConnection(NULL, Object(Closure))
#14 /Users/akimotokeiju/Desktop/vending_machine/vendor/laravel/framework/src/Illuminate/Container/BoundMethod.php(36): Illuminate\\Database\\Console\\Migrations\\MigrateCommand->handle()
#15 /Users/akimotokeiju/Desktop/vending_machine/vendor/laravel/framework/src/Illuminate/Container/Util.php(41): Illuminate\\Container\\BoundMethod::Illuminate\\Container\\{closure}()
#16 /Users/akimotokeiju/Desktop/vending_machine/vendor/laravel/framework/src/Illuminate/Container/BoundMethod.php(93): Illuminate\\Container\\Util::unwrapIfClosure(Object(Closure))
#17 /Users/akimotokeiju/Desktop/vending_machine/vendor/laravel/framework/src/Illuminate/Container/BoundMethod.php(35): Illuminate\\Container\\BoundMethod::callBoundMethod(Object(Illuminate\\Foundation\\Application), Array, Object(Closure))
#18 /Users/akimotokeiju/Desktop/vending_machine/vendor/laravel/framework/src/Illuminate/Container/Container.php(661): Illuminate\\Container\\BoundMethod::call(Object(Illuminate\\Foundation\\Application), Array, Array, NULL)
#19 /Users/akimotokeiju/Desktop/vending_machine/vendor/laravel/framework/src/Illuminate/Console/Command.php(183): Illuminate\\Container\\Container->call(Array)
#20 /Users/akimotokeiju/Desktop/vending_machine/vendor/symfony/console/Command/Command.php(326): Illuminate\\Console\\Command->execute(Object(Symfony\\Component\\Console\\Input\\ArgvInput), Object(Illuminate\\Console\\OutputStyle))
#21 /Users/akimotokeiju/Desktop/vending_machine/vendor/laravel/framework/src/Illuminate/Console/Command.php(152): Symfony\\Component\\Console\\Command\\Command->run(Object(Symfony\\Component\\Console\\Input\\ArgvInput), Object(Illuminate\\Console\\OutputStyle))
#22 /Users/akimotokeiju/Desktop/vending_machine/vendor/symfony/console/Application.php(1098): Illuminate\\Console\\Command->run(Object(Symfony\\Component\\Console\\Input\\ArgvInput), Object(Symfony\\Component\\Console\\Output\\ConsoleOutput))
#23 /Users/akimotokeiju/Desktop/vending_machine/vendor/symfony/console/Application.php(324): Symfony\\Component\\Console\\Application->doRunCommand(Object(Illuminate\\Database\\Console\\Migrations\\MigrateCommand), Object(Symfony\\Component\\Console\\Input\\ArgvInput), Object(Symfony\\Component\\Console\\Output\\ConsoleOutput))
#24 /Users/akimotokeiju/Desktop/vending_machine/vendor/symfony/console/Application.php(175): Symfony\\Component\\Console\\Application->doRun(Object(Symfony\\Component\\Console\\Input\\ArgvInput), Object(Symfony\\Component\\Console\\Output\\ConsoleOutput))
#25 /Users/akimotokeiju/Desktop/vending_machine/vendor/laravel/framework/src/Illuminate/Console/Application.php(102): Symfony\\Component\\Console\\Application->run(Object(Symfony\\Component\\Console\\Input\\ArgvInput), Object(Symfony\\Component\\Console\\Output\\ConsoleOutput))
#26 /Users/akimotokeiju/Desktop/vending_machine/vendor/laravel/framework/src/Illuminate/Foundation/Console/Kernel.php(155): Illuminate\\Console\\Application->run(Object(Symfony\\Component\\Console\\Input\\ArgvInput), Object(Symfony\\Component\\Console\\Output\\ConsoleOutput))
#27 /Users/akimotokeiju/Desktop/vending_machine/artisan(35): Illuminate\\Foundation\\Console\\Kernel->handle(Object(Symfony\\Component\\Console\\Input\\ArgvInput), Object(Symfony\\Component\\Console\\Output\\ConsoleOutput))
#28 {main}
"} 
[2026-08-07 13:48:16] local.ERROR: SQLSTATE[HY000]: General error: 1812 Tablespace is missing for table `vending_machine`.`migrations`. (SQL: select `migration` from `migrations` order by `batch` asc, `migration` asc) {"exception":"[object] (Illuminate\\Database\\QueryException(code: HY000): SQLSTATE[HY000]: General error: 1812 Tablespace is missing for table `vending_machine`.`migrations`. (SQL: select `migration` from `migrations` order by `batch` asc, `migration` asc) at /Users/akimotokeiju/Desktop/vending_machine/vendor/laravel/framework/src/Illuminate/Database/Connection.php:760)
[stacktrace]
#0 /Users/akimotokeiju/Desktop/vending_machine/vendor/laravel/framework/src/Illuminate/Database/Connection.php(720): Illuminate\\Database\\Connection->runQueryCallback('select `migrati...', Array, Object(Closure))
#1 /Users/akimotokeiju/Desktop/vending_machine/vendor/laravel/framework/src/Illuminate/Database/Connection.php(405): Illuminate\\Database\\Connection->run('select `migrati...', Array, Object(Closure))
#2 /Users/akimotokeiju/Desktop/vending_machine/vendor/laravel/framework/src/Illuminate/Database/Query/Builder.php(2705): Illuminate\\Database\\Connection->select('select `migrati...', Array, false)
#3 /Users/akimotokeiju/Desktop/vending_machine/vendor/laravel/framework/src/Illuminate/Database/Query/Builder.php(2920): Illuminate\\Database\\Query\\Builder->runSelect()
#4 /Users/akimotokeiju/Desktop/vending_machine/vendor/laravel/framework/src/Illuminate/Database/Query/Builder.php(3230): Illuminate\\Database\\Query\\Builder->Illuminate\\Database\\Query\\{closure}()
#5 /Users/akimotokeiju/Desktop/vending_machine/vendor/laravel/framework/src/Illuminate/Database/Query/Builder.php(2916): Illuminate\\Database\\Query\\Builder->onceWithColumns(Array, Object(Closure))
#6 /Users/akimotokeiju/Desktop/vending_machine/vendor/laravel/framework/src/Illuminate/Database/Migrations/DatabaseMigrationRepository.php(53): Illuminate\\Database\\Query\\Builder->pluck('migration')
#7 /Users/akimotokeiju/Desktop/vending_machine/vendor/laravel/framework/src/Illuminate/Database/Migrations/Migrator.php(732): Illuminate\\Database\\Migrations\\DatabaseMigrationRepository->getRan()
#8 /Users/akimotokeiju/Desktop/vending_machine/vendor/laravel/framework/src/Illuminate/Database/Console/Migrations/MigrateCommand.php(126): Illuminate\\Database\\Migrations\\Migrator->hasRunAnyMigrations()
#9 /Users/akimotokeiju/Desktop/vending_machine/vendor/laravel/framework/src/Illuminate/Database/Console/Migrations/MigrateCommand.php(82): Illuminate\\Database\\Console\\Migrations\\MigrateCommand->prepareDatabase()
#10 /Users/akimotokeiju/Desktop/vending_machine/vendor/laravel/framework/src/Illuminate/Database/Migrations/Migrator.php(636): Illuminate\\Database\\Console\\Migrations\\MigrateCommand->Illuminate\\Database\\Console\\Migrations\\{closure}()
#11 /Users/akimotokeiju/Desktop/vending_machine/vendor/laravel/framework/src/Illuminate/Database/Console/Migrations/MigrateCommand.php(81): Illuminate\\Database\\Migrations\\Migrator->usingConnection(NULL, Object(Closure))
#12 /Users/akimotokeiju/Desktop/vending_machine/vendor/laravel/framework/src/Illuminate/Container/BoundMethod.php(36): Illuminate\\Database\\Console\\Migrations\\MigrateCommand->handle()
#13 /Users/akimotokeiju/Desktop/vending_machine/vendor/laravel/framework/src/Illuminate/Container/Util.php(41): Illuminate\\Container\\BoundMethod::Illuminate\\Container\\{closure}()
#14 /Users/akimotokeiju/Desktop/vending_machine/vendor/laravel/framework/src/Illuminate/Container/BoundMethod.php(93): Illuminate\\Container\\Util::unwrapIfClosure(Object(Closure))
#15 /Users/akimotokeiju/Desktop/vending_machine/vendor/laravel/framework/src/Illuminate/Container/BoundMethod.php(35): Illuminate\\Container\\BoundMethod::callBoundMethod(Object(Illuminate\\Foundation\\Application), Array, Object(Closure))
#16 /Users/akimotokeiju/Desktop/vending_machine/vendor/laravel/framework/src/Illuminate/Container/Container.php(661): Illuminate\\Container\\BoundMethod::call(Object(Illuminate\\Foundation\\Application), Array, Array, NULL)
#17 /Users/akimotokeiju/Desktop/vending_machine/vendor/laravel/framework/src/Illuminate/Console/Command.php(183): Illuminate\\Container\\Container->call(Array)
#18 /Users/akimotokeiju/Desktop/vending_machine/vendor/symfony/console/Command/Command.php(326): Illuminate\\Console\\Command->execute(Object(Symfony\\Component\\Console\\Input\\ArgvInput), Object(Illuminate\\Console\\OutputStyle))
#19 /Users/akimotokeiju/Desktop/vending_machine/vendor/laravel/framework/src/Illuminate/Console/Command.php(152): Symfony\\Component\\Console\\Command\\Command->run(Object(Symfony\\Component\\Console\\Input\\ArgvInput), Object(Illuminate\\Console\\OutputStyle))
#20 /Users/akimotokeiju/Desktop/vending_machine/vendor/symfony/console/Application.php(1098): Illuminate\\Console\\Command->run(Object(Symfony\\Component\\Console\\Input\\ArgvInput), Object(Symfony\\Component\\Console\\Output\\ConsoleOutput))
#21 /Users/akimotokeiju/Desktop/vending_machine/vendor/symfony/console/Application.php(324): Symfony\\Component\\Console\\Application->doRunCommand(Object(Illuminate\\Database\\Console\\Migrations\\MigrateCommand), Object(Symfony\\Component\\Console\\Input\\ArgvInput), Object(Symfony\\Component\\Console\\Output\\ConsoleOutput))
#22 /Users/akimotokeiju/Desktop/vending_machine/vendor/symfony/console/Application.php(175): Symfony\\Component\\Console\\Application->doRun(Object(Symfony\\Component\\Console\\Input\\ArgvInput), Object(Symfony\\Component\\Console\\Output\\ConsoleOutput))
#23 /Users/akimotokeiju/Desktop/vending_machine/vendor/laravel/framework/src/Illuminate/Console/Application.php(102): Symfony\\Component\\Console\\Application->run(Object(Symfony\\Component\\Console\\Input\\ArgvInput), Object(Symfony\\Component\\Console\\Output\\ConsoleOutput))
#24 /Users/akimotokeiju/Desktop/vending_machine/vendor/laravel/framework/src/Illuminate/Foundation/Console/Kernel.php(155): Illuminate\\Console\\Application->run(Object(Symfony\\Component\\Console\\Input\\ArgvInput), Object(Symfony\\Component\\Console\\Output\\ConsoleOutput))
#25 /Users/akimotokeiju/Desktop/vending_machine/artisan(35): Illuminate\\Foundation\\Console\\Kernel->handle(Object(Symfony\\Component\\Console\\Input\\ArgvInput), Object(Symfony\\Component\\Console\\Output\\ConsoleOutput))
#26 {main}

[previous exception] [object] (PDOException(code: HY000): SQLSTATE[HY000]: General error: 1812 Tablespace is missing for table `vending_machine`.`migrations`. at /Users/akimotokeiju/Desktop/vending_machine/vendor/laravel/framework/src/Illuminate/Database/Connection.php:414)
[stacktrace]
#0 /Users/akimotokeiju/Desktop/vending_machine/vendor/laravel/framework/src/Illuminate/Database/Connection.php(414): PDO->prepare('select `migrati...')
#1 /Users/akimotokeiju/Desktop/vending_machine/vendor/laravel/framework/src/Illuminate/Database/Connection.php(753): Illuminate\\Database\\Connection->Illuminate\\Database\\{closure}('select `migrati...', Array)
#2 /Users/akimotokeiju/Desktop/vending_machine/vendor/laravel/framework/src/Illuminate/Database/Connection.php(720): Illuminate\\Database\\Connection->runQueryCallback('select `migrati...', Array, Object(Closure))
#3 /Users/akimotokeiju/Desktop/vending_machine/vendor/laravel/framework/src/Illuminate/Database/Connection.php(405): Illuminate\\Database\\Connection->run('select `migrati...', Array, Object(Closure))
#4 /Users/akimotokeiju/Desktop/vending_machine/vendor/laravel/framework/src/Illuminate/Database/Query/Builder.php(2705): Illuminate\\Database\\Connection->select('select `migrati...', Array, false)
#5 /Users/akimotokeiju/Desktop/vending_machine/vendor/laravel/framework/src/Illuminate/Database/Query/Builder.php(2920): Illuminate\\Database\\Query\\Builder->runSelect()
#6 /Users/akimotokeiju/Desktop/vending_machine/vendor/laravel/framework/src/Illuminate/Database/Query/Builder.php(3230): Illuminate\\Database\\Query\\Builder->Illuminate\\Database\\Query\\{closure}()
#7 /Users/akimotokeiju/Desktop/vending_machine/vendor/laravel/framework/src/Illuminate/Database/Query/Builder.php(2916): Illuminate\\Database\\Query\\Builder->onceWithColumns(Array, Object(Closure))
#8 /Users/akimotokeiju/Desktop/vending_machine/vendor/laravel/framework/src/Illuminate/Database/Migrations/DatabaseMigrationRepository.php(53): Illuminate\\Database\\Query\\Builder->pluck('migration')
#9 /Users/akimotokeiju/Desktop/vending_machine/vendor/laravel/framework/src/Illuminate/Database/Migrations/Migrator.php(732): Illuminate\\Database\\Migrations\\DatabaseMigrationRepository->getRan()
#10 /Users/akimotokeiju/Desktop/vending_machine/vendor/laravel/framework/src/Illuminate/Database/Console/Migrations/MigrateCommand.php(126): Illuminate\\Database\\Migrations\\Migrator->hasRunAnyMigrations()
#11 /Users/akimotokeiju/Desktop/vending_machine/vendor/laravel/framework/src/Illuminate/Database/Console/Migrations/MigrateCommand.php(82): Illuminate\\Database\\Console\\Migrations\\MigrateCommand->prepareDatabase()
#12 /Users/akimotokeiju/Desktop/vending_machine/vendor/laravel/framework/src/Illuminate/Database/Migrations/Migrator.php(636): Illuminate\\Database\\Console\\Migrations\\MigrateCommand->Illuminate\\Database\\Console\\Migrations\\{closure}()
#13 /Users/akimotokeiju/Desktop/vending_machine/vendor/laravel/framework/src/Illuminate/Database/Console/Migrations/MigrateCommand.php(81): Illuminate\\Database\\Migrations\\Migrator->usingConnection(NULL, Object(Closure))
#14 /Users/akimotokeiju/Desktop/vending_machine/vendor/laravel/framework/src/Illuminate/Container/BoundMethod.php(36): Illuminate\\Database\\Console\\Migrations\\MigrateCommand->handle()
#15 /Users/akimotokeiju/Desktop/vending_machine/vendor/laravel/framework/src/Illuminate/Container/Util.php(41): Illuminate\\Container\\BoundMethod::Illuminate\\Container\\{closure}()
#16 /Users/akimotokeiju/Desktop/vending_machine/vendor/laravel/framework/src/Illuminate/Container/BoundMethod.php(93): Illuminate\\Container\\Util::unwrapIfClosure(Object(Closure))
#17 /Users/akimotokeiju/Desktop/vending_machine/vendor/laravel/framework/src/Illuminate/Container/BoundMethod.php(35): Illuminate\\Container\\BoundMethod::callBoundMethod(Object(Illuminate\\Foundation\\Application), Array, Object(Closure))
#18 /Users/akimotokeiju/Desktop/vending_machine/vendor/laravel/framework/src/Illuminate/Container/Container.php(661): Illuminate\\Container\\BoundMethod::call(Object(Illuminate\\Foundation\\Application), Array, Array, NULL)
#19 /Users/akimotokeiju/Desktop/vending_machine/vendor/laravel/framework/src/Illuminate/Console/Command.php(183): Illuminate\\Container\\Container->call(Array)
#20 /Users/akimotokeiju/Desktop/vending_machine/vendor/symfony/console/Command/Command.php(326): Illuminate\\Console\\Command->execute(Object(Symfony\\Component\\Console\\Input\\ArgvInput), Object(Illuminate\\Console\\OutputStyle))
#21 /Users/akimotokeiju/Desktop/vending_machine/vendor/laravel/framework/src/Illuminate/Console/Command.php(152): Symfony\\Component\\Console\\Command\\Command->run(Object(Symfony\\Component\\Console\\Input\\ArgvInput), Object(Illuminate\\Console\\OutputStyle))
#22 /Users/akimotokeiju/Desktop/vending_machine/vendor/symfony/console/Application.php(1098): Illuminate\\Console\\Command->run(Object(Symfony\\Component\\Console\\Input\\ArgvInput), Object(Symfony\\Component\\Console\\Output\\ConsoleOutput))
#23 /Users/akimotokeiju/Desktop/vending_machine/vendor/symfony/console/Application.php(324): Symfony\\Component\\Console\\Application->doRunCommand(Object(Illuminate\\Database\\Console\\Migrations\\MigrateCommand), Object(Symfony\\Component\\Console\\Input\\ArgvInput), Object(Symfony\\Component\\Console\\Output\\ConsoleOutput))
#24 /Users/akimotokeiju/Desktop/vending_machine/vendor/symfony/console/Application.php(175): Symfony\\Component\\Console\\Application->doRun(Object(Symfony\\Component\\Console\\Input\\ArgvInput), Object(Symfony\\Component\\Console\\Output\\ConsoleOutput))
#25 /Users/akimotokeiju/Desktop/vending_machine/vendor/laravel/framework/src/Illuminate/Console/Application.php(102): Symfony\\Component\\Console\\Application->run(Object(Symfony\\Component\\Console\\Input\\ArgvInput), Object(Symfony\\Component\\Console\\Output\\ConsoleOutput))
#26 /Users/akimotokeiju/Desktop/vending_machine/vendor/laravel/framework/src/Illuminate/Foundation/Console/Kernel.php(155): Illuminate\\Console\\Application->run(Object(Symfony\\Component\\Console\\Input\\ArgvInput), Object(Symfony\\Component\\Console\\Output\\ConsoleOutput))
#27 /Users/akimotokeiju/Desktop/vending_machine/artisan(35): Illuminate\\Foundation\\Console\\Kernel->handle(Object(Symfony\\Component\\Console\\Input\\ArgvInput), Object(Symfony\\Component\\Console\\Output\\ConsoleOutput))
#28 {main}
"} 
[2026-08-07 13:49:30] local.ERROR: SQLSTATE[HY000]: General error: 1812 Tablespace is missing for table `vending_machine`.`migrations`. (SQL: select `migration` from `migrations` order by `batch` asc, `migration` asc) {"exception":"[object] (Illuminate\\Database\\QueryException(code: HY000): SQLSTATE[HY000]: General error: 1812 Tablespace is missing for table `vending_machine`.`migrations`. (SQL: select `migration` from `migrations` order by `batch` asc, `migration` asc) at /Users/akimotokeiju/Desktop/vending_machine/vendor/laravel/framework/src/Illuminate/Database/Connection.php:760)
[stacktrace]
#0 /Users/akimotokeiju/Desktop/vending_machine/vendor/laravel/framework/src/Illuminate/Database/Connection.php(720): Illuminate\\Database\\Connection->runQueryCallback('select `migrati...', Array, Object(Closure))
#1 /Users/akimotokeiju/Desktop/vending_machine/vendor/laravel/framework/src/Illuminate/Database/Connection.php(405): Illuminate\\Database\\Connection->run('select `migrati...', Array, Object(Closure))
#2 /Users/akimotokeiju/Desktop/vending_machine/vendor/laravel/framework/src/Illuminate/Database/Query/Builder.php(2705): Illuminate\\Database\\Connection->select('select `migrati...', Array, false)
#3 /Users/akimotokeiju/Desktop/vending_machine/vendor/laravel/framework/src/Illuminate/Database/Query/Builder.php(2920): Illuminate\\Database\\Query\\Builder->runSelect()
#4 /Users/akimotokeiju/Desktop/vending_machine/vendor/laravel/framework/src/Illuminate/Database/Query/Builder.php(3230): Illuminate\\Database\\Query\\Builder->Illuminate\\Database\\Query\\{closure}()
#5 /Users/akimotokeiju/Desktop/vending_machine/vendor/laravel/framework/src/Illuminate/Database/Query/Builder.php(2916): Illuminate\\Database\\Query\\Builder->onceWithColumns(Array, Object(Closure))
#6 /Users/akimotokeiju/Desktop/vending_machine/vendor/laravel/framework/src/Illuminate/Database/Migrations/DatabaseMigrationRepository.php(53): Illuminate\\Database\\Query\\Builder->pluck('migration')
#7 /Users/akimotokeiju/Desktop/vending_machine/vendor/laravel/framework/src/Illuminate/Database/Migrations/Migrator.php(732): Illuminate\\Database\\Migrations\\DatabaseMigrationRepository->getRan()
#8 /Users/akimotokeiju/Desktop/vending_machine/vendor/laravel/framework/src/Illuminate/Database/Console/Migrations/MigrateCommand.php(126): Illuminate\\Database\\Migrations\\Migrator->hasRunAnyMigrations()
#9 /Users/akimotokeiju/Desktop/vending_machine/vendor/laravel/framework/src/Illuminate/Database/Console/Migrations/MigrateCommand.php(82): Illuminate\\Database\\Console\\Migrations\\MigrateCommand->prepareDatabase()
#10 /Users/akimotokeiju/Desktop/vending_machine/vendor/laravel/framework/src/Illuminate/Database/Migrations/Migrator.php(636): Illuminate\\Database\\Console\\Migrations\\MigrateCommand->Illuminate\\Database\\Console\\Migrations\\{closure}()
#11 /Users/akimotokeiju/Desktop/vending_machine/vendor/laravel/framework/src/Illuminate/Database/Console/Migrations/MigrateCommand.php(81): Illuminate\\Database\\Migrations\\Migrator->usingConnection(NULL, Object(Closure))
#12 /Users/akimotokeiju/Desktop/vending_machine/vendor/laravel/framework/src/Illuminate/Container/BoundMethod.php(36): Illuminate\\Database\\Console\\Migrations\\MigrateCommand->handle()
#13 /Users/akimotokeiju/Desktop/vending_machine/vendor/laravel/framework/src/Illuminate/Container/Util.php(41): Illuminate\\Container\\BoundMethod::Illuminate\\Container\\{closure}()
#14 /Users/akimotokeiju/Desktop/vending_machine/vendor/laravel/framework/src/Illuminate/Container/BoundMethod.php(93): Illuminate\\Container\\Util::unwrapIfClosure(Object(Closure))
#15 /Users/akimotokeiju/Desktop/vending_machine/vendor/laravel/framework/src/Illuminate/Container/BoundMethod.php(35): Illuminate\\Container\\BoundMethod::callBoundMethod(Object(Illuminate\\Foundation\\Application), Array, Object(Closure))
#16 /Users/akimotokeiju/Desktop/vending_machine/vendor/laravel/framework/src/Illuminate/Container/Container.php(661): Illuminate\\Container\\BoundMethod::call(Object(Illuminate\\Foundation\\Application), Array, Array, NULL)
#17 /Users/akimotokeiju/Desktop/vending_machine/vendor/laravel/framework/src/Illuminate/Console/Command.php(183): Illuminate\\Container\\Container->call(Array)
#18 /Users/akimotokeiju/Desktop/vending_machine/vendor/symfony/console/Command/Command.php(326): Illuminate\\Console\\Command->execute(Object(Symfony\\Component\\Console\\Input\\ArgvInput), Object(Illuminate\\Console\\OutputStyle))
#19 /Users/akimotokeiju/Desktop/vending_machine/vendor/laravel/framework/src/Illuminate/Console/Command.php(152): Symfony\\Component\\Console\\Command\\Command->run(Object(Symfony\\Component\\Console\\Input\\ArgvInput), Object(Illuminate\\Console\\OutputStyle))
#20 /Users/akimotokeiju/Desktop/vending_machine/vendor/symfony/console/Application.php(1098): Illuminate\\Console\\Command->run(Object(Symfony\\Component\\Console\\Input\\ArgvInput), Object(Symfony\\Component\\Console\\Output\\ConsoleOutput))
#21 /Users/akimotokeiju/Desktop/vending_machine/vendor/symfony/console/Application.php(324): Symfony\\Component\\Console\\Application->doRunCommand(Object(Illuminate\\Database\\Console\\Migrations\\MigrateCommand), Object(Symfony\\Component\\Console\\Input\\ArgvInput), Object(Symfony\\Component\\Console\\Output\\ConsoleOutput))
#22 /Users/akimotokeiju/Desktop/vending_machine/vendor/symfony/console/Application.php(175): Symfony\\Component\\Console\\Application->doRun(Object(Symfony\\Component\\Console\\Input\\ArgvInput), Object(Symfony\\Component\\Console\\Output\\ConsoleOutput))
#23 /Users/akimotokeiju/Desktop/vending_machine/vendor/laravel/framework/src/Illuminate/Console/Application.php(102): Symfony\\Component\\Console\\Application->run(Object(Symfony\\Component\\Console\\Input\\ArgvInput), Object(Symfony\\Component\\Console\\Output\\ConsoleOutput))
#24 /Users/akimotokeiju/Desktop/vending_machine/vendor/laravel/framework/src/Illuminate/Foundation/Console/Kernel.php(155): Illuminate\\Console\\Application->run(Object(Symfony\\Component\\Console\\Input\\ArgvInput), Object(Symfony\\Component\\Console\\Output\\ConsoleOutput))
#25 /Users/akimotokeiju/Desktop/vending_machine/artisan(35): Illuminate\\Foundation\\Console\\Kernel->handle(Object(Symfony\\Component\\Console\\Input\\ArgvInput), Object(Symfony\\Component\\Console\\Output\\ConsoleOutput))
#26 {main}

[previous exception] [object] (PDOException(code: HY000): SQLSTATE[HY000]: General error: 1812 Tablespace is missing for table `vending_machine`.`migrations`. at /Users/akimotokeiju/Desktop/vending_machine/vendor/laravel/framework/src/Illuminate/Database/Connection.php:414)
[stacktrace]
#0 /Users/akimotokeiju/Desktop/vending_machine/vendor/laravel/framework/src/Illuminate/Database/Connection.php(414): PDO->prepare('select `migrati...')
#1 /Users/akimotokeiju/Desktop/vending_machine/vendor/laravel/framework/src/Illuminate/Database/Connection.php(753): Illuminate\\Database\\Connection->Illuminate\\Database\\{closure}('select `migrati...', Array)
#2 /Users/akimotokeiju/Desktop/vending_machine/vendor/laravel/framework/src/Illuminate/Database/Connection.php(720): Illuminate\\Database\\Connection->runQueryCallback('select `migrati...', Array, Object(Closure))
#3 /Users/akimotokeiju/Desktop/vending_machine/vendor/laravel/framework/src/Illuminate/Database/Connection.php(405): Illuminate\\Database\\Connection->run('select `migrati...', Array, Object(Closure))
#4 /Users/akimotokeiju/Desktop/vending_machine/vendor/laravel/framework/src/Illuminate/Database/Query/Builder.php(2705): Illuminate\\Database\\Connection->select('select `migrati...', Array, false)
#5 /Users/akimotokeiju/Desktop/vending_machine/vendor/laravel/framework/src/Illuminate/Database/Query/Builder.php(2920): Illuminate\\Database\\Query\\Builder->runSelect()
#6 /Users/akimotokeiju/Desktop/vending_machine/vendor/laravel/framework/src/Illuminate/Database/Query/Builder.php(3230): Illuminate\\Database\\Query\\Builder->Illuminate\\Database\\Query\\{closure}()
#7 /Users/akimotokeiju/Desktop/vending_machine/vendor/laravel/framework/src/Illuminate/Database/Query/Builder.php(2916): Illuminate\\Database\\Query\\Builder->onceWithColumns(Array, Object(Closure))
#8 /Users/akimotokeiju/Desktop/vending_machine/vendor/laravel/framework/src/Illuminate/Database/Migrations/DatabaseMigrationRepository.php(53): Illuminate\\Database\\Query\\Builder->pluck('migration')
#9 /Users/akimotokeiju/Desktop/vending_machine/vendor/laravel/framework/src/Illuminate/Database/Migrations/Migrator.php(732): Illuminate\\Database\\Migrations\\DatabaseMigrationRepository->getRan()
#10 /Users/akimotokeiju/Desktop/vending_machine/vendor/laravel/framework/src/Illuminate/Database/Console/Migrations/MigrateCommand.php(126): Illuminate\\Database\\Migrations\\Migrator->hasRunAnyMigrations()
#11 /Users/akimotokeiju/Desktop/vending_machine/vendor/laravel/framework/src/Illuminate/Database/Console/Migrations/MigrateCommand.php(82): Illuminate\\Database\\Console\\Migrations\\MigrateCommand->prepareDatabase()
#12 /Users/akimotokeiju/Desktop/vending_machine/vendor/laravel/framework/src/Illuminate/Database/Migrations/Migrator.php(636): Illuminate\\Database\\Console\\Migrations\\MigrateCommand->Illuminate\\Database\\Console\\Migrations\\{closure}()
#13 /Users/akimotokeiju/Desktop/vending_machine/vendor/laravel/framework/src/Illuminate/Database/Console/Migrations/MigrateCommand.php(81): Illuminate\\Database\\Migrations\\Migrator->usingConnection(NULL, Object(Closure))
#14 /Users/akimotokeiju/Desktop/vending_machine/vendor/laravel/framework/src/Illuminate/Container/BoundMethod.php(36): Illuminate\\Database\\Console\\Migrations\\MigrateCommand->handle()
#15 /Users/akimotokeiju/Desktop/vending_machine/vendor/laravel/framework/src/Illuminate/Container/Util.php(41): Illuminate\\Container\\BoundMethod::Illuminate\\Container\\{closure}()
#16 /Users/akimotokeiju/Desktop/vending_machine/vendor/laravel/framework/src/Illuminate/Container/BoundMethod.php(93): Illuminate\\Container\\Util::unwrapIfClosure(Object(Closure))
#17 /Users/akimotokeiju/Desktop/vending_machine/vendor/laravel/framework/src/Illuminate/Container/BoundMethod.php(35): Illuminate\\Container\\BoundMethod::callBoundMethod(Object(Illuminate\\Foundation\\Application), Array, Object(Closure))
#18 /Users/akimotokeiju/Desktop/vending_machine/vendor/laravel/framework/src/Illuminate/Container/Container.php(661): Illuminate\\Container\\BoundMethod::call(Object(Illuminate\\Foundation\\Application), Array, Array, NULL)
#19 /Users/akimotokeiju/Desktop/vending_machine/vendor/laravel/framework/src/Illuminate/Console/Command.php(183): Illuminate\\Container\\Container->call(Array)
#20 /Users/akimotokeiju/Desktop/vending_machine/vendor/symfony/console/Command/Command.php(326): Illuminate\\Console\\Command->execute(Object(Symfony\\Component\\Console\\Input\\ArgvInput), Object(Illuminate\\Console\\OutputStyle))
#21 /Users/akimotokeiju/Desktop/vending_machine/vendor/laravel/framework/src/Illuminate/Console/Command.php(152): Symfony\\Component\\Console\\Command\\Command->run(Object(Symfony\\Component\\Console\\Input\\ArgvInput), Object(Illuminate\\Console\\OutputStyle))
#22 /Users/akimotokeiju/Desktop/vending_machine/vendor/symfony/console/Application.php(1098): Illuminate\\Console\\Command->run(Object(Symfony\\Component\\Console\\Input\\ArgvInput), Object(Symfony\\Component\\Console\\Output\\ConsoleOutput))
#23 /Users/akimotokeiju/Desktop/vending_machine/vendor/symfony/console/Application.php(324): Symfony\\Component\\Console\\Application->doRunCommand(Object(Illuminate\\Database\\Console\\Migrations\\MigrateCommand), Object(Symfony\\Component\\Console\\Input\\ArgvInput), Object(Symfony\\Component\\Console\\Output\\ConsoleOutput))
#24 /Users/akimotokeiju/Desktop/vending_machine/vendor/symfony/console/Application.php(175): Symfony\\Component\\Console\\Application->doRun(Object(Symfony\\Component\\Console\\Input\\ArgvInput), Object(Symfony\\Component\\Console\\Output\\ConsoleOutput))
#25 /Users/akimotokeiju/Desktop/vending_machine/vendor/laravel/framework/src/Illuminate/Console/Application.php(102): Symfony\\Component\\Console\\Application->run(Object(Symfony\\Component\\Console\\Input\\ArgvInput), Object(Symfony\\Component\\Console\\Output\\ConsoleOutput))
#26 /Users/akimotokeiju/Desktop/vending_machine/vendor/laravel/framework/src/Illuminate/Foundation/Console/Kernel.php(155): Illuminate\\Console\\Application->run(Object(Symfony\\Component\\Console\\Input\\ArgvInput), Object(Symfony\\Component\\Console\\Output\\ConsoleOutput))
#27 /Users/akimotokeiju/Desktop/vending_machine/artisan(35): Illuminate\\Foundation\\Console\\Kernel->handle(Object(Symfony\\Component\\Console\\Input\\ArgvInput), Object(Symfony\\Component\\Console\\Output\\ConsoleOutput))
#28 {main}
"} 
[2026-08-07 13:51:16] local.ERROR: SQLSTATE[HY000]: General error: 1812 Tablespace is missing for table `vending_machine`.`migrations`. (SQL: select `migration` from `migrations` order by `batch` asc, `migration` asc) {"exception":"[object] (Illuminate\\Database\\QueryException(code: HY000): SQLSTATE[HY000]: General error: 1812 Tablespace is missing for table `vending_machine`.`migrations`. (SQL: select `migration` from `migrations` order by `batch` asc, `migration` asc) at /Users/akimotokeiju/Desktop/vending_machine/vendor/laravel/framework/src/Illuminate/Database/Connection.php:760)
[stacktrace]
#0 /Users/akimotokeiju/Desktop/vending_machine/vendor/laravel/framework/src/Illuminate/Database/Connection.php(720): Illuminate\\Database\\Connection->runQueryCallback('select `migrati...', Array, Object(Closure))
#1 /Users/akimotokeiju/Desktop/vending_machine/vendor/laravel/framework/src/Illuminate/Database/Connection.php(405): Illuminate\\Database\\Connection->run('select `migrati...', Array, Object(Closure))
#2 /Users/akimotokeiju/Desktop/vending_machine/vendor/laravel/framework/src/Illuminate/Database/Query/Builder.php(2705): Illuminate\\Database\\Connection->select('select `migrati...', Array, false)
#3 /Users/akimotokeiju/Desktop/vending_machine/vendor/laravel/framework/src/Illuminate/Database/Query/Builder.php(2920): Illuminate\\Database\\Query\\Builder->runSelect()
#4 /Users/akimotokeiju/Desktop/vending_machine/vendor/laravel/framework/src/Illuminate/Database/Query/Builder.php(3230): Illuminate\\Database\\Query\\Builder->Illuminate\\Database\\Query\\{closure}()
#5 /Users/akimotokeiju/Desktop/vending_machine/vendor/laravel/framework/src/Illuminate/Database/Query/Builder.php(2916): Illuminate\\Database\\Query\\Builder->onceWithColumns(Array, Object(Closure))
#6 /Users/akimotokeiju/Desktop/vending_machine/vendor/laravel/framework/src/Illuminate/Database/Migrations/DatabaseMigrationRepository.php(53): Illuminate\\Database\\Query\\Builder->pluck('migration')
#7 /Users/akimotokeiju/Desktop/vending_machine/vendor/laravel/framework/src/Illuminate/Database/Migrations/Migrator.php(732): Illuminate\\Database\\Migrations\\DatabaseMigrationRepository->getRan()
#8 /Users/akimotokeiju/Desktop/vending_machine/vendor/laravel/framework/src/Illuminate/Database/Console/Migrations/MigrateCommand.php(126): Illuminate\\Database\\Migrations\\Migrator->hasRunAnyMigrations()
#9 /Users/akimotokeiju/Desktop/vending_machine/vendor/laravel/framework/src/Illuminate/Database/Console/Migrations/MigrateCommand.php(82): Illuminate\\Database\\Console\\Migrations\\MigrateCommand->prepareDatabase()
#10 /Users/akimotokeiju/Desktop/vending_machine/vendor/laravel/framework/src/Illuminate/Database/Migrations/Migrator.php(636): Illuminate\\Database\\Console\\Migrations\\MigrateCommand->Illuminate\\Database\\Console\\Migrations\\{closure}()
#11 /Users/akimotokeiju/Desktop/vending_machine/vendor/laravel/framework/src/Illuminate/Database/Console/Migrations/MigrateCommand.php(81): Illuminate\\Database\\Migrations\\Migrator->usingConnection(NULL, Object(Closure))
#12 /Users/akimotokeiju/Desktop/vending_machine/vendor/laravel/framework/src/Illuminate/Container/BoundMethod.php(36): Illuminate\\Database\\Console\\Migrations\\MigrateCommand->handle()
#13 /Users/akimotokeiju/Desktop/vending_machine/vendor/laravel/framework/src/Illuminate/Container/Util.php(41): Illuminate\\Container\\BoundMethod::Illuminate\\Container\\{closure}()
#14 /Users/akimotokeiju/Desktop/vending_machine/vendor/laravel/framework/src/Illuminate/Container/BoundMethod.php(93): Illuminate\\Container\\Util::unwrapIfClosure(Object(Closure))
#15 /Users/akimotokeiju/Desktop/vending_machine/vendor/laravel/framework/src/Illuminate/Container/BoundMethod.php(35): Illuminate\\Container\\BoundMethod::callBoundMethod(Object(Illuminate\\Foundation\\Application), Array, Object(Closure))
#16 /Users/akimotokeiju/Desktop/vending_machine/vendor/laravel/framework/src/Illuminate/Container/Container.php(661): Illuminate\\Container\\BoundMethod::call(Object(Illuminate\\Foundation\\Application), Array, Array, NULL)
#17 /Users/akimotokeiju/Desktop/vending_machine/vendor/laravel/framework/src/Illuminate/Console/Command.php(183): Illuminate\\Container\\Container->call(Array)
#18 /Users/akimotokeiju/Desktop/vending_machine/vendor/symfony/console/Command/Command.php(326): Illuminate\\Console\\Command->execute(Object(Symfony\\Component\\Console\\Input\\ArgvInput), Object(Illuminate\\Console\\OutputStyle))
#19 /Users/akimotokeiju/Desktop/vending_machine/vendor/laravel/framework/src/Illuminate/Console/Command.php(152): Symfony\\Component\\Console\\Command\\Command->run(Object(Symfony\\Component\\Console\\Input\\ArgvInput), Object(Illuminate\\Console\\OutputStyle))
#20 /Users/akimotokeiju/Desktop/vending_machine/vendor/symfony/console/Application.php(1098): Illuminate\\Console\\Command->run(Object(Symfony\\Component\\Console\\Input\\ArgvInput), Object(Symfony\\Component\\Console\\Output\\ConsoleOutput))
#21 /Users/akimotokeiju/Desktop/vending_machine/vendor/symfony/console/Application.php(324): Symfony\\Component\\Console\\Application->doRunCommand(Object(Illuminate\\Database\\Console\\Migrations\\MigrateCommand), Object(Symfony\\Component\\Console\\Input\\ArgvInput), Object(Symfony\\Component\\Console\\Output\\ConsoleOutput))
#22 /Users/akimotokeiju/Desktop/vending_machine/vendor/symfony/console/Application.php(175): Symfony\\Component\\Console\\Application->doRun(Object(Symfony\\Component\\Console\\Input\\ArgvInput), Object(Symfony\\Component\\Console\\Output\\ConsoleOutput))
#23 /Users/akimotokeiju/Desktop/vending_machine/vendor/laravel/framework/src/Illuminate/Console/Application.php(102): Symfony\\Component\\Console\\Application->run(Object(Symfony\\Component\\Console\\Input\\ArgvInput), Object(Symfony\\Component\\Console\\Output\\ConsoleOutput))
#24 /Users/akimotokeiju/Desktop/vending_machine/vendor/laravel/framework/src/Illuminate/Foundation/Console/Kernel.php(155): Illuminate\\Console\\Application->run(Object(Symfony\\Component\\Console\\Input\\ArgvInput), Object(Symfony\\Component\\Console\\Output\\ConsoleOutput))
#25 /Users/akimotokeiju/Desktop/vending_machine/artisan(35): Illuminate\\Foundation\\Console\\Kernel->handle(Object(Symfony\\Component\\Console\\Input\\ArgvInput), Object(Symfony\\Component\\Console\\Output\\ConsoleOutput))
#26 {main}

[previous exception] [object] (PDOException(code: HY000): SQLSTATE[HY000]: General error: 1812 Tablespace is missing for table `vending_machine`.`migrations`. at /Users/akimotokeiju/Desktop/vending_machine/vendor/laravel/framework/src/Illuminate/Database/Connection.php:414)
[stacktrace]
#0 /Users/akimotokeiju/Desktop/vending_machine/vendor/laravel/framework/src/Illuminate/Database/Connection.php(414): PDO->prepare('select `migrati...')
#1 /Users/akimotokeiju/Desktop/vending_machine/vendor/laravel/framework/src/Illuminate/Database/Connection.php(753): Illuminate\\Database\\Connection->Illuminate\\Database\\{closure}('select `migrati...', Array)
#2 /Users/akimotokeiju/Desktop/vending_machine/vendor/laravel/framework/src/Illuminate/Database/Connection.php(720): Illuminate\\Database\\Connection->runQueryCallback('select `migrati...', Array, Object(Closure))
#3 /Users/akimotokeiju/Desktop/vending_machine/vendor/laravel/framework/src/Illuminate/Database/Connection.php(405): Illuminate\\Database\\Connection->run('select `migrati...', Array, Object(Closure))
#4 /Users/akimotokeiju/Desktop/vending_machine/vendor/laravel/framework/src/Illuminate/Database/Query/Builder.php(2705): Illuminate\\Database\\Connection->select('select `migrati...', Array, false)
#5 /Users/akimotokeiju/Desktop/vending_machine/vendor/laravel/framework/src/Illuminate/Database/Query/Builder.php(2920): Illuminate\\Database\\Query\\Builder->runSelect()
#6 /Users/akimotokeiju/Desktop/vending_machine/vendor/laravel/framework/src/Illuminate/Database/Query/Builder.php(3230): Illuminate\\Database\\Query\\Builder->Illuminate\\Database\\Query\\{closure}()
#7 /Users/akimotokeiju/Desktop/vending_machine/vendor/laravel/framework/src/Illuminate/Database/Query/Builder.php(2916): Illuminate\\Database\\Query\\Builder->onceWithColumns(Array, Object(Closure))
#8 /Users/akimotokeiju/Desktop/vending_machine/vendor/laravel/framework/src/Illuminate/Database/Migrations/DatabaseMigrationRepository.php(53): Illuminate\\Database\\Query\\Builder->pluck('migration')
#9 /Users/akimotokeiju/Desktop/vending_machine/vendor/laravel/framework/src/Illuminate/Database/Migrations/Migrator.php(732): Illuminate\\Database\\Migrations\\DatabaseMigrationRepository->getRan()
#10 /Users/akimotokeiju/Desktop/vending_machine/vendor/laravel/framework/src/Illuminate/Database/Console/Migrations/MigrateCommand.php(126): Illuminate\\Database\\Migrations\\Migrator->hasRunAnyMigrations()
#11 /Users/akimotokeiju/Desktop/vending_machine/vendor/laravel/framework/src/Illuminate/Database/Console/Migrations/MigrateCommand.php(82): Illuminate\\Database\\Console\\Migrations\\MigrateCommand->prepareDatabase()
#12 /Users/akimotokeiju/Desktop/vending_machine/vendor/laravel/framework/src/Illuminate/Database/Migrations/Migrator.php(636): Illuminate\\Database\\Console\\Migrations\\MigrateCommand->Illuminate\\Database\\Console\\Migrations\\{closure}()
#13 /Users/akimotokeiju/Desktop/vending_machine/vendor/laravel/framework/src/Illuminate/Database/Console/Migrations/MigrateCommand.php(81): Illuminate\\Database\\Migrations\\Migrator->usingConnection(NULL, Object(Closure))
#14 /Users/akimotokeiju/Desktop/vending_machine/vendor/laravel/framework/src/Illuminate/Container/BoundMethod.php(36): Illuminate\\Database\\Console\\Migrations\\MigrateCommand->handle()
#15 /Users/akimotokeiju/Desktop/vending_machine/vendor/laravel/framework/src/Illuminate/Container/Util.php(41): Illuminate\\Container\\BoundMethod::Illuminate\\Container\\{closure}()
#16 /Users/akimotokeiju/Desktop/vending_machine/vendor/laravel/framework/src/Illuminate/Container/BoundMethod.php(93): Illuminate\\Container\\Util::unwrapIfClosure(Object(Closure))
#17 /Users/akimotokeiju/Desktop/vending_machine/vendor/laravel/framework/src/Illuminate/Container/BoundMethod.php(35): Illuminate\\Container\\BoundMethod::callBoundMethod(Object(Illuminate\\Foundation\\Application), Array, Object(Closure))
#18 /Users/akimotokeiju/Desktop/vending_machine/vendor/laravel/framework/src/Illuminate/Container/Container.php(661): Illuminate\\Container\\BoundMethod::call(Object(Illuminate\\Foundation\\Application), Array, Array, NULL)
#19 /Users/akimotokeiju/Desktop/vending_machine/vendor/laravel/framework/src/Illuminate/Console/Command.php(183): Illuminate\\Container\\Container->call(Array)
#20 /Users/akimotokeiju/Desktop/vending_machine/vendor/symfony/console/Command/Command.php(326): Illuminate\\Console\\Command->execute(Object(Symfony\\Component\\Console\\Input\\ArgvInput), Object(Illuminate\\Console\\OutputStyle))
#21 /Users/akimotokeiju/Desktop/vending_machine/vendor/laravel/framework/src/Illuminate/Console/Command.php(152): Symfony\\Component\\Console\\Command\\Command->run(Object(Symfony\\Component\\Console\\Input\\ArgvInput), Object(Illuminate\\Console\\OutputStyle))
#22 /Users/akimotokeiju/Desktop/vending_machine/vendor/symfony/console/Application.php(1098): Illuminate\\Console\\Command->run(Object(Symfony\\Component\\Console\\Input\\ArgvInput), Object(Symfony\\Component\\Console\\Output\\ConsoleOutput))
#23 /Users/akimotokeiju/Desktop/vending_machine/vendor/symfony/console/Application.php(324): Symfony\\Component\\Console\\Application->doRunCommand(Object(Illuminate\\Database\\Console\\Migrations\\MigrateCommand), Object(Symfony\\Component\\Console\\Input\\ArgvInput), Object(Symfony\\Component\\Console\\Output\\ConsoleOutput))
#24 /Users/akimotokeiju/Desktop/vending_machine/vendor/symfony/console/Application.php(175): Symfony\\Component\\Console\\Application->doRun(Object(Symfony\\Component\\Console\\Input\\ArgvInput), Object(Symfony\\Component\\Console\\Output\\ConsoleOutput))
#25 /Users/akimotokeiju/Desktop/vending_machine/vendor/laravel/framework/src/Illuminate/Console/Application.php(102): Symfony\\Component\\Console\\Application->run(Object(Symfony\\Component\\Console\\Input\\ArgvInput), Object(Symfony\\Component\\Console\\Output\\ConsoleOutput))
#26 /Users/akimotokeiju/Desktop/vending_machine/vendor/laravel/framework/src/Illuminate/Foundation/Console/Kernel.php(155): Illuminate\\Console\\Application->run(Object(Symfony\\Component\\Console\\Input\\ArgvInput), Object(Symfony\\Component\\Console\\Output\\ConsoleOutput))
#27 /Users/akimotokeiju/Desktop/vending_machine/artisan(35): Illuminate\\Foundation\\Console\\Kernel->handle(Object(Symfony\\Component\\Console\\Input\\ArgvInput), Object(Symfony\\Component\\Console\\Output\\ConsoleOutput))
#28 {main}
"} 
[2026-08-07 13:55:25] local.ERROR: SQLSTATE[HY000]: General error: 1812 Tablespace is missing for table `vending_machine`.`migrations`. (SQL: select `migration` from `migrations` order by `batch` asc, `migration` asc) {"exception":"[object] (Illuminate\\Database\\QueryException(code: HY000): SQLSTATE[HY000]: General error: 1812 Tablespace is missing for table `vending_machine`.`migrations`. (SQL: select `migration` from `migrations` order by `batch` asc, `migration` asc) at /Users/akimotokeiju/Desktop/vending_machine/vendor/laravel/framework/src/Illuminate/Database/Connection.php:760)
[stacktrace]
#0 /Users/akimotokeiju/Desktop/vending_machine/vendor/laravel/framework/src/Illuminate/Database/Connection.php(720): Illuminate\\Database\\Connection->runQueryCallback('select `migrati...', Array, Object(Closure))
#1 /Users/akimotokeiju/Desktop/vending_machine/vendor/laravel/framework/src/Illuminate/Database/Connection.php(405): Illuminate\\Database\\Connection->run('select `migrati...', Array, Object(Closure))
#2 /Users/akimotokeiju/Desktop/vending_machine/vendor/laravel/framework/src/Illuminate/Database/Query/Builder.php(2705): Illuminate\\Database\\Connection->select('select `migrati...', Array, false)
#3 /Users/akimotokeiju/Desktop/vending_machine/vendor/laravel/framework/src/Illuminate/Database/Query/Builder.php(2920): Illuminate\\Database\\Query\\Builder->runSelect()
#4 /Users/akimotokeiju/Desktop/vending_machine/vendor/laravel/framework/src/Illuminate/Database/Query/Builder.php(3230): Illuminate\\Database\\Query\\Builder->Illuminate\\Database\\Query\\{closure}()
#5 /Users/akimotokeiju/Desktop/vending_machine/vendor/laravel/framework/src/Illuminate/Database/Query/Builder.php(2916): Illuminate\\Database\\Query\\Builder->onceWithColumns(Array, Object(Closure))
#6 /Users/akimotokeiju/Desktop/vending_machine/vendor/laravel/framework/src/Illuminate/Database/Migrations/DatabaseMigrationRepository.php(53): Illuminate\\Database\\Query\\Builder->pluck('migration')
#7 /Users/akimotokeiju/Desktop/vending_machine/vendor/laravel/framework/src/Illuminate/Database/Migrations/Migrator.php(732): Illuminate\\Database\\Migrations\\DatabaseMigrationRepository->getRan()
#8 /Users/akimotokeiju/Desktop/vending_machine/vendor/laravel/framework/src/Illuminate/Database/Console/Migrations/MigrateCommand.php(126): Illuminate\\Database\\Migrations\\Migrator->hasRunAnyMigrations()
#9 /Users/akimotokeiju/Desktop/vending_machine/vendor/laravel/framework/src/Illuminate/Database/Console/Migrations/MigrateCommand.php(82): Illuminate\\Database\\Console\\Migrations\\MigrateCommand->prepareDatabase()
#10 /Users/akimotokeiju/Desktop/vending_machine/vendor/laravel/framework/src/Illuminate/Database/Migrations/Migrator.php(636): Illuminate\\Database\\Console\\Migrations\\MigrateCommand->Illuminate\\Database\\Console\\Migrations\\{closure}()
#11 /Users/akimotokeiju/Desktop/vending_machine/vendor/laravel/framework/src/Illuminate/Database/Console/Migrations/MigrateCommand.php(81): Illuminate\\Database\\Migrations\\Migrator->usingConnection(NULL, Object(Closure))
#12 /Users/akimotokeiju/Desktop/vending_machine/vendor/laravel/framework/src/Illuminate/Container/BoundMethod.php(36): Illuminate\\Database\\Console\\Migrations\\MigrateCommand->handle()
#13 /Users/akimotokeiju/Desktop/vending_machine/vendor/laravel/framework/src/Illuminate/Container/Util.php(41): Illuminate\\Container\\BoundMethod::Illuminate\\Container\\{closure}()
#14 /Users/akimotokeiju/Desktop/vending_machine/vendor/laravel/framework/src/Illuminate/Container/BoundMethod.php(93): Illuminate\\Container\\Util::unwrapIfClosure(Object(Closure))
#15 /Users/akimotokeiju/Desktop/vending_machine/vendor/laravel/framework/src/Illuminate/Container/BoundMethod.php(35): Illuminate\\Container\\BoundMethod::callBoundMethod(Object(Illuminate\\Foundation\\Application), Array, Object(Closure))
#16 /Users/akimotokeiju/Desktop/vending_machine/vendor/laravel/framework/src/Illuminate/Container/Container.php(661): Illuminate\\Container\\BoundMethod::call(Object(Illuminate\\Foundation\\Application), Array, Array, NULL)
#17 /Users/akimotokeiju/Desktop/vending_machine/vendor/laravel/framework/src/Illuminate/Console/Command.php(183): Illuminate\\Container\\Container->call(Array)
#18 /Users/akimotokeiju/Desktop/vending_machine/vendor/symfony/console/Command/Command.php(326): Illuminate\\Console\\Command->execute(Object(Symfony\\Component\\Console\\Input\\ArgvInput), Object(Illuminate\\Console\\OutputStyle))
#19 /Users/akimotokeiju/Desktop/vending_machine/vendor/laravel/framework/src/Illuminate/Console/Command.php(152): Symfony\\Component\\Console\\Command\\Command->run(Object(Symfony\\Component\\Console\\Input\\ArgvInput), Object(Illuminate\\Console\\OutputStyle))
#20 /Users/akimotokeiju/Desktop/vending_machine/vendor/symfony/console/Application.php(1098): Illuminate\\Console\\Command->run(Object(Symfony\\Component\\Console\\Input\\ArgvInput), Object(Symfony\\Component\\Console\\Output\\ConsoleOutput))
#21 /Users/akimotokeiju/Desktop/vending_machine/vendor/symfony/console/Application.php(324): Symfony\\Component\\Console\\Application->doRunCommand(Object(Illuminate\\Database\\Console\\Migrations\\MigrateCommand), Object(Symfony\\Component\\Console\\Input\\ArgvInput), Object(Symfony\\Component\\Console\\Output\\ConsoleOutput))
#22 /Users/akimotokeiju/Desktop/vending_machine/vendor/symfony/console/Application.php(175): Symfony\\Component\\Console\\Application->doRun(Object(Symfony\\Component\\Console\\Input\\ArgvInput), Object(Symfony\\Component\\Console\\Output\\ConsoleOutput))
#23 /Users/akimotokeiju/Desktop/vending_machine/vendor/laravel/framework/src/Illuminate/Console/Application.php(102): Symfony\\Component\\Console\\Application->run(Object(Symfony\\Component\\Console\\Input\\ArgvInput), Object(Symfony\\Component\\Console\\Output\\ConsoleOutput))
#24 /Users/akimotokeiju/Desktop/vending_machine/vendor/laravel/framework/src/Illuminate/Foundation/Console/Kernel.php(155): Illuminate\\Console\\Application->run(Object(Symfony\\Component\\Console\\Input\\ArgvInput), Object(Symfony\\Component\\Console\\Output\\ConsoleOutput))
#25 /Users/akimotokeiju/Desktop/vending_machine/artisan(35): Illuminate\\Foundation\\Console\\Kernel->handle(Object(Symfony\\Component\\Console\\Input\\ArgvInput), Object(Symfony\\Component\\Console\\Output\\ConsoleOutput))
#26 {main}

[previous exception] [object] (PDOException(code: HY000): SQLSTATE[HY000]: General error: 1812 Tablespace is missing for table `vending_machine`.`migrations`. at /Users/akimotokeiju/Desktop/vending_machine/vendor/laravel/framework/src/Illuminate/Database/Connection.php:414)
[stacktrace]
#0 /Users/akimotokeiju/Desktop/vending_machine/vendor/laravel/framework/src/Illuminate/Database/Connection.php(414): PDO->prepare('select `migrati...')
#1 /Users/akimotokeiju/Desktop/vending_machine/vendor/laravel/framework/src/Illuminate/Database/Connection.php(753): Illuminate\\Database\\Connection->Illuminate\\Database\\{closure}('select `migrati...', Array)
#2 /Users/akimotokeiju/Desktop/vending_machine/vendor/laravel/framework/src/Illuminate/Database/Connection.php(720): Illuminate\\Database\\Connection->runQueryCallback('select `migrati...', Array, Object(Closure))
#3 /Users/akimotokeiju/Desktop/vending_machine/vendor/laravel/framework/src/Illuminate/Database/Connection.php(405): Illuminate\\Database\\Connection->run('select `migrati...', Array, Object(Closure))
#4 /Users/akimotokeiju/Desktop/vending_machine/vendor/laravel/framework/src/Illuminate/Database/Query/Builder.php(2705): Illuminate\\Database\\Connection->select('select `migrati...', Array, false)
#5 /Users/akimotokeiju/Desktop/vending_machine/vendor/laravel/framework/src/Illuminate/Database/Query/Builder.php(2920): Illuminate\\Database\\Query\\Builder->runSelect()
#6 /Users/akimotokeiju/Desktop/vending_machine/vendor/laravel/framework/src/Illuminate/Database/Query/Builder.php(3230): Illuminate\\Database\\Query\\Builder->Illuminate\\Database\\Query\\{closure}()
#7 /Users/akimotokeiju/Desktop/vending_machine/vendor/laravel/framework/src/Illuminate/Database/Query/Builder.php(2916): Illuminate\\Database\\Query\\Builder->onceWithColumns(Array, Object(Closure))
#8 /Users/akimotokeiju/Desktop/vending_machine/vendor/laravel/framework/src/Illuminate/Database/Migrations/DatabaseMigrationRepository.php(53): Illuminate\\Database\\Query\\Builder->pluck('migration')
#9 /Users/akimotokeiju/Desktop/vending_machine/vendor/laravel/framework/src/Illuminate/Database/Migrations/Migrator.php(732): Illuminate\\Database\\Migrations\\DatabaseMigrationRepository->getRan()
#10 /Users/akimotokeiju/Desktop/vending_machine/vendor/laravel/framework/src/Illuminate/Database/Console/Migrations/MigrateCommand.php(126): Illuminate\\Database\\Migrations\\Migrator->hasRunAnyMigrations()
#11 /Users/akimotokeiju/Desktop/vending_machine/vendor/laravel/framework/src/Illuminate/Database/Console/Migrations/MigrateCommand.php(82): Illuminate\\Database\\Console\\Migrations\\MigrateCommand->prepareDatabase()
#12 /Users/akimotokeiju/Desktop/vending_machine/vendor/laravel/framework/src/Illuminate/Database/Migrations/Migrator.php(636): Illuminate\\Database\\Console\\Migrations\\MigrateCommand->Illuminate\\Database\\Console\\Migrations\\{closure}()
#13 /Users/akimotokeiju/Desktop/vending_machine/vendor/laravel/framework/src/Illuminate/Database/Console/Migrations/MigrateCommand.php(81): Illuminate\\Database\\Migrations\\Migrator->usingConnection(NULL, Object(Closure))
#14 /Users/akimotokeiju/Desktop/vending_machine/vendor/laravel/framework/src/Illuminate/Container/BoundMethod.php(36): Illuminate\\Database\\Console\\Migrations\\MigrateCommand->handle()
#15 /Users/akimotokeiju/Desktop/vending_machine/vendor/laravel/framework/src/Illuminate/Container/Util.php(41): Illuminate\\Container\\BoundMethod::Illuminate\\Container\\{closure}()
#16 /Users/akimotokeiju/Desktop/vending_machine/vendor/laravel/framework/src/Illuminate/Container/BoundMethod.php(93): Illuminate\\Container\\Util::unwrapIfClosure(Object(Closure))
#17 /Users/akimotokeiju/Desktop/vending_machine/vendor/laravel/framework/src/Illuminate/Container/BoundMethod.php(35): Illuminate\\Container\\BoundMethod::callBoundMethod(Object(Illuminate\\Foundation\\Application), Array, Object(Closure))
#18 /Users/akimotokeiju/Desktop/vending_machine/vendor/laravel/framework/src/Illuminate/Container/Container.php(661): Illuminate\\Container\\BoundMethod::call(Object(Illuminate\\Foundation\\Application), Array, Array, NULL)
#19 /Users/akimotokeiju/Desktop/vending_machine/vendor/laravel/framework/src/Illuminate/Console/Command.php(183): Illuminate\\Container\\Container->call(Array)
#20 /Users/akimotokeiju/Desktop/vending_machine/vendor/symfony/console/Command/Command.php(326): Illuminate\\Console\\Command->execute(Object(Symfony\\Component\\Console\\Input\\ArgvInput), Object(Illuminate\\Console\\OutputStyle))
#21 /Users/akimotokeiju/Desktop/vending_machine/vendor/laravel/framework/src/Illuminate/Console/Command.php(152): Symfony\\Component\\Console\\Command\\Command->run(Object(Symfony\\Component\\Console\\Input\\ArgvInput), Object(Illuminate\\Console\\OutputStyle))
#22 /Users/akimotokeiju/Desktop/vending_machine/vendor/symfony/console/Application.php(1098): Illuminate\\Console\\Command->run(Object(Symfony\\Component\\Console\\Input\\ArgvInput), Object(Symfony\\Component\\Console\\Output\\ConsoleOutput))
#23 /Users/akimotokeiju/Desktop/vending_machine/vendor/symfony/console/Application.php(324): Symfony\\Component\\Console\\Application->doRunCommand(Object(Illuminate\\Database\\Console\\Migrations\\MigrateCommand), Object(Symfony\\Component\\Console\\Input\\ArgvInput), Object(Symfony\\Component\\Console\\Output\\ConsoleOutput))
#24 /Users/akimotokeiju/Desktop/vending_machine/vendor/symfony/console/Application.php(175): Symfony\\Component\\Console\\Application->doRun(Object(Symfony\\Component\\Console\\Input\\ArgvInput), Object(Symfony\\Component\\Console\\Output\\ConsoleOutput))
#25 /Users/akimotokeiju/Desktop/vending_machine/vendor/laravel/framework/src/Illuminate/Console/Application.php(102): Symfony\\Component\\Console\\Application->run(Object(Symfony\\Component\\Console\\Input\\ArgvInput), Object(Symfony\\Component\\Console\\Output\\ConsoleOutput))
#26 /Users/akimotokeiju/Desktop/vending_machine/vendor/laravel/framework/src/Illuminate/Foundation/Console/Kernel.php(155): Illuminate\\Console\\Application->run(Object(Symfony\\Component\\Console\\Input\\ArgvInput), Object(Symfony\\Component\\Console\\Output\\ConsoleOutput))
#27 /Users/akimotokeiju/Desktop/vending_machine/artisan(35): Illuminate\\Foundation\\Console\\Kernel->handle(Object(Symfony\\Component\\Console\\Input\\ArgvInput), Object(Symfony\\Component\\Console\\Output\\ConsoleOutput))
#28 {main}
"} 
[2026-08-16 12:37:21] laravel.EMERGENCY: Unable to create configured logger. Using emergency logger. {"exception":"[object] (InvalidArgumentException(code: 0): Log [] is not defined. at /Users/akimotokeiju/Desktop/vending_machine/vendor/laravel/framework/src/Illuminate/Log/LogManager.php:210)
[stacktrace]
#0 /Users/akimotokeiju/Desktop/vending_machine/vendor/laravel/framework/src/Illuminate/Log/LogManager.php(135): Illuminate\\Log\\LogManager->resolve(NULL, NULL)
#1 /Users/akimotokeiju/Desktop/vending_machine/vendor/laravel/framework/src/Illuminate/Log/LogManager.php(122): Illuminate\\Log\\LogManager->get(NULL)
#2 /Users/akimotokeiju/Desktop/vending_machine/vendor/laravel/framework/src/Illuminate/Log/LogManager.php(645): Illuminate\\Log\\LogManager->driver()
#3 /Users/akimotokeiju/Desktop/vending_machine/vendor/laravel/framework/src/Illuminate/Foundation/Exceptions/Handler.php(274): Illuminate\\Log\\LogManager->error('Unable to load ...', Array)
#4 /Users/akimotokeiju/Desktop/vending_machine/vendor/laravel/framework/src/Illuminate/Foundation/Console/Kernel.php(454): Illuminate\\Foundation\\Exceptions\\Handler->report(Object(Exception))
#5 /Users/akimotokeiju/Desktop/vending_machine/vendor/laravel/framework/src/Illuminate/Foundation/Console/Kernel.php(157): Illuminate\\Foundation\\Console\\Kernel->reportException(Object(Exception))
#6 /Users/akimotokeiju/Desktop/vending_machine/artisan(35): Illuminate\\Foundation\\Console\\Kernel->handle(Object(Symfony\\Component\\Console\\Input\\ArgvInput), Object(Symfony\\Component\\Console\\Output\\ConsoleOutput))
#7 {main}
"} 
[2026-08-16 12:37:21] laravel.ERROR: Unable to load the "app" configuration file. {"exception":"[object] (Exception(code: 0): Unable to load the \"app\" configuration file. at /Users/akimotokeiju/Desktop/vending_machine/vendor/laravel/framework/src/Illuminate/Foundation/Bootstrap/LoadConfiguration.php:66)
[stacktrace]
#0 /Users/akimotokeiju/Desktop/vending_machine/vendor/laravel/framework/src/Illuminate/Foundation/Bootstrap/LoadConfiguration.php(39): Illuminate\\Foundation\\Bootstrap\\LoadConfiguration->loadConfigurationFiles(Object(Illuminate\\Foundation\\Application), Object(Illuminate\\Config\\Repository))
#1 /Users/akimotokeiju/Desktop/vending_machine/vendor/laravel/framework/src/Illuminate/Foundation/Application.php(265): Illuminate\\Foundation\\Bootstrap\\LoadConfiguration->bootstrap(Object(Illuminate\\Foundation\\Application))
#2 /Users/akimotokeiju/Desktop/vending_machine/vendor/laravel/framework/src/Illuminate/Foundation/Console/Kernel.php(383): Illuminate\\Foundation\\Application->bootstrapWith(Array)
#3 /Users/akimotokeiju/Desktop/vending_machine/vendor/laravel/framework/src/Illuminate/Foundation/Console/Kernel.php(153): Illuminate\\Foundation\\Console\\Kernel->bootstrap()
#4 /Users/akimotokeiju/Desktop/vending_machine/artisan(35): Illuminate\\Foundation\\Console\\Kernel->handle(Object(Symfony\\Component\\Console\\Input\\ArgvInput), Object(Symfony\\Component\\Console\\Output\\ConsoleOutput))
#5 {main}
"} 
[2026-08-16 12:38:11] laravel.EMERGENCY: Unable to create configured logger. Using emergency logger. {"exception":"[object] (InvalidArgumentException(code: 0): Log [] is not defined. at /Users/akimotokeiju/Desktop/vending_machine/vendor/laravel/framework/src/Illuminate/Log/LogManager.php:210)
[stacktrace]
#0 /Users/akimotokeiju/Desktop/vending_machine/vendor/laravel/framework/src/Illuminate/Log/LogManager.php(135): Illuminate\\Log\\LogManager->resolve(NULL, NULL)
#1 /Users/akimotokeiju/Desktop/vending_machine/vendor/laravel/framework/src/Illuminate/Log/LogManager.php(122): Illuminate\\Log\\LogManager->get(NULL)
#2 /Users/akimotokeiju/Desktop/vending_machine/vendor/laravel/framework/src/Illuminate/Log/LogManager.php(645): Illuminate\\Log\\LogManager->driver()
#3 /Users/akimotokeiju/Desktop/vending_machine/vendor/laravel/framework/src/Illuminate/Foundation/Exceptions/Handler.php(274): Illuminate\\Log\\LogManager->error('Unable to load ...', Array)
#4 /Users/akimotokeiju/Desktop/vending_machine/vendor/laravel/framework/src/Illuminate/Foundation/Console/Kernel.php(454): Illuminate\\Foundation\\Exceptions\\Handler->report(Object(Exception))
#5 /Users/akimotokeiju/Desktop/vending_machine/vendor/laravel/framework/src/Illuminate/Foundation/Console/Kernel.php(157): Illuminate\\Foundation\\Console\\Kernel->reportException(Object(Exception))
#6 /Users/akimotokeiju/Desktop/vending_machine/artisan(35): Illuminate\\Foundation\\Console\\Kernel->handle(Object(Symfony\\Component\\Console\\Input\\ArgvInput), Object(Symfony\\Component\\Console\\Output\\ConsoleOutput))
#7 {main}
"} 
[2026-08-16 12:38:11] laravel.ERROR: Unable to load the "app" configuration file. {"exception":"[object] (Exception(code: 0): Unable to load the \"app\" configuration file. at /Users/akimotokeiju/Desktop/vending_machine/vendor/laravel/framework/src/Illuminate/Foundation/Bootstrap/LoadConfiguration.php:66)
[stacktrace]
#0 /Users/akimotokeiju/Desktop/vending_machine/vendor/laravel/framework/src/Illuminate/Foundation/Bootstrap/LoadConfiguration.php(39): Illuminate\\Foundation\\Bootstrap\\LoadConfiguration->loadConfigurationFiles(Object(Illuminate\\Foundation\\Application), Object(Illuminate\\Config\\Repository))
#1 /Users/akimotokeiju/Desktop/vending_machine/vendor/laravel/framework/src/Illuminate/Foundation/Application.php(265): Illuminate\\Foundation\\Bootstrap\\LoadConfiguration->bootstrap(Object(Illuminate\\Foundation\\Application))
#2 /Users/akimotokeiju/Desktop/vending_machine/vendor/laravel/framework/src/Illuminate/Foundation/Console/Kernel.php(383): Illuminate\\Foundation\\Application->bootstrapWith(Array)
#3 /Users/akimotokeiju/Desktop/vending_machine/vendor/laravel/framework/src/Illuminate/Foundation/Console/Kernel.php(153): Illuminate\\Foundation\\Console\\Kernel->bootstrap()
#4 /Users/akimotokeiju/Desktop/vending_machine/artisan(35): Illuminate\\Foundation\\Console\\Kernel->handle(Object(Symfony\\Component\\Console\\Input\\ArgvInput), Object(Symfony\\Component\\Console\\Output\\ConsoleOutput))
#5 {main}
"} 
[2026-08-16 12:39:10] laravel.EMERGENCY: Unable to create configured logger. Using emergency logger. {"exception":"[object] (InvalidArgumentException(code: 0): Log [] is not defined. at /Users/akimotokeiju/Desktop/vending_machine/vendor/laravel/framework/src/Illuminate/Log/LogManager.php:210)
[stacktrace]
#0 /Users/akimotokeiju/Desktop/vending_machine/vendor/laravel/framework/src/Illuminate/Log/LogManager.php(135): Illuminate\\Log\\LogManager->resolve(NULL, NULL)
#1 /Users/akimotokeiju/Desktop/vending_machine/vendor/laravel/framework/src/Illuminate/Log/LogManager.php(122): Illuminate\\Log\\LogManager->get(NULL)
#2 /Users/akimotokeiju/Desktop/vending_machine/vendor/laravel/framework/src/Illuminate/Log/LogManager.php(645): Illuminate\\Log\\LogManager->driver()
#3 /Users/akimotokeiju/Desktop/vending_machine/vendor/laravel/framework/src/Illuminate/Foundation/Exceptions/Handler.php(274): Illuminate\\Log\\LogManager->error('Call to undefin...', Array)
#4 /Users/akimotokeiju/Desktop/vending_machine/vendor/laravel/framework/src/Illuminate/Foundation/Console/Kernel.php(454): Illuminate\\Foundation\\Exceptions\\Handler->report(Object(Error))
#5 /Users/akimotokeiju/Desktop/vending_machine/vendor/laravel/framework/src/Illuminate/Foundation/Console/Kernel.php(157): Illuminate\\Foundation\\Console\\Kernel->reportException(Object(Error))
#6 /Users/akimotokeiju/Desktop/vending_machine/artisan(35): Illuminate\\Foundation\\Console\\Kernel->handle(Object(Symfony\\Component\\Console\\Input\\ArgvInput), Object(Symfony\\Component\\Console\\Output\\ConsoleOutput))
#7 {main}
"} 
[2026-08-16 12:39:10] laravel.ERROR: Call to undefined method Illuminate\Support\ServiceProvider::defaultProviders() {"exception":"[object] (Error(code: 0): Call to undefined method Illuminate\\Support\\ServiceProvider::defaultProviders() at /Users/akimotokeiju/Desktop/vending_machine/config/app.php:158)
[stacktrace]
#0 /Users/akimotokeiju/Desktop/vending_machine/vendor/laravel/framework/src/Illuminate/Foundation/Bootstrap/LoadConfiguration.php(70): require()
#1 /Users/akimotokeiju/Desktop/vending_machine/vendor/laravel/framework/src/Illuminate/Foundation/Bootstrap/LoadConfiguration.php(39): Illuminate\\Foundation\\Bootstrap\\LoadConfiguration->loadConfigurationFiles(Object(Illuminate\\Foundation\\Application), Object(Illuminate\\Config\\Repository))
#2 /Users/akimotokeiju/Desktop/vending_machine/vendor/laravel/framework/src/Illuminate/Foundation/Application.php(265): Illuminate\\Foundation\\Bootstrap\\LoadConfiguration->bootstrap(Object(Illuminate\\Foundation\\Application))
#3 /Users/akimotokeiju/Desktop/vending_machine/vendor/laravel/framework/src/Illuminate/Foundation/Console/Kernel.php(383): Illuminate\\Foundation\\Application->bootstrapWith(Array)
#4 /Users/akimotokeiju/Desktop/vending_machine/vendor/laravel/framework/src/Illuminate/Foundation/Console/Kernel.php(153): Illuminate\\Foundation\\Console\\Kernel->bootstrap()
#5 /Users/akimotokeiju/Desktop/vending_machine/artisan(35): Illuminate\\Foundation\\Console\\Kernel->handle(Object(Symfony\\Component\\Console\\Input\\ArgvInput), Object(Symfony\\Component\\Console\\Output\\ConsoleOutput))
#6 {main}
"} 
[2026-08-16 12:39:10] laravel.EMERGENCY: Unable to create configured logger. Using emergency logger. {"exception":"[object] (InvalidArgumentException(code: 0): Log [] is not defined. at /Users/akimotokeiju/Desktop/vending_machine/vendor/laravel/framework/src/Illuminate/Log/LogManager.php:210)
[stacktrace]
#0 /Users/akimotokeiju/Desktop/vending_machine/vendor/laravel/framework/src/Illuminate/Log/LogManager.php(135): Illuminate\\Log\\LogManager->resolve(NULL, NULL)
#1 /Users/akimotokeiju/Desktop/vending_machine/vendor/laravel/framework/src/Illuminate/Log/LogManager.php(122): Illuminate\\Log\\LogManager->get(NULL)
#2 /Users/akimotokeiju/Desktop/vending_machine/vendor/laravel/framework/src/Illuminate/Log/LogManager.php(645): Illuminate\\Log\\LogManager->driver()
#3 /Users/akimotokeiju/Desktop/vending_machine/vendor/laravel/framework/src/Illuminate/Foundation/Exceptions/Handler.php(274): Illuminate\\Log\\LogManager->error('Call to undefin...', Array)
#4 /Users/akimotokeiju/Desktop/vending_machine/vendor/laravel/framework/src/Illuminate/Foundation/Console/Kernel.php(454): Illuminate\\Foundation\\Exceptions\\Handler->report(Object(Error))
#5 /Users/akimotokeiju/Desktop/vending_machine/vendor/laravel/framework/src/Illuminate/Foundation/Console/Kernel.php(157): Illuminate\\Foundation\\Console\\Kernel->reportException(Object(Error))
#6 /Users/akimotokeiju/Desktop/vending_machine/artisan(35): Illuminate\\Foundation\\Console\\Kernel->handle(Object(Symfony\\Component\\Console\\Input\\ArgvInput), Object(Symfony\\Component\\Console\\Output\\ConsoleOutput))
#7 {main}
"} 
[2026-08-16 12:39:10] laravel.ERROR: Call to undefined method Illuminate\Support\ServiceProvider::defaultProviders() {"exception":"[object] (Error(code: 0): Call to undefined method Illuminate\\Support\\ServiceProvider::defaultProviders() at /Users/akimotokeiju/Desktop/vending_machine/config/app.php:158)
[stacktrace]
#0 /Users/akimotokeiju/Desktop/vending_machine/vendor/laravel/framework/src/Illuminate/Foundation/Bootstrap/LoadConfiguration.php(70): require()
#1 /Users/akimotokeiju/Desktop/vending_machine/vendor/laravel/framework/src/Illuminate/Foundation/Bootstrap/LoadConfiguration.php(39): Illuminate\\Foundation\\Bootstrap\\LoadConfiguration->loadConfigurationFiles(Object(Illuminate\\Foundation\\Application), Object(Illuminate\\Config\\Repository))
#2 /Users/akimotokeiju/Desktop/vending_machine/vendor/laravel/framework/src/Illuminate/Foundation/Application.php(265): Illuminate\\Foundation\\Bootstrap\\LoadConfiguration->bootstrap(Object(Illuminate\\Foundation\\Application))
#3 /Users/akimotokeiju/Desktop/vending_machine/vendor/laravel/framework/src/Illuminate/Foundation/Console/Kernel.php(383): Illuminate\\Foundation\\Application->bootstrapWith(Array)
#4 /Users/akimotokeiju/Desktop/vending_machine/vendor/laravel/framework/src/Illuminate/Foundation/Console/Kernel.php(153): Illuminate\\Foundation\\Console\\Kernel->bootstrap()
#5 /Users/akimotokeiju/Desktop/vending_machine/artisan(35): Illuminate\\Foundation\\Console\\Kernel->handle(Object(Symfony\\Component\\Console\\Input\\ArgvInput), Object(Symfony\\Component\\Console\\Output\\ConsoleOutput))
#6 {main}
"} 
[2026-08-16 12:51:49] laravel.EMERGENCY: Unable to create configured logger. Using emergency logger. {"exception":"[object] (InvalidArgumentException(code: 0): Log [] is not defined. at /Users/akimotokeiju/Desktop/vending_machine/vendor/laravel/framework/src/Illuminate/Log/LogManager.php:210)
[stacktrace]
#0 /Users/akimotokeiju/Desktop/vending_machine/vendor/laravel/framework/src/Illuminate/Log/LogManager.php(135): Illuminate\\Log\\LogManager->resolve(NULL, NULL)
#1 /Users/akimotokeiju/Desktop/vending_machine/vendor/laravel/framework/src/Illuminate/Log/LogManager.php(122): Illuminate\\Log\\LogManager->get(NULL)
#2 /Users/akimotokeiju/Desktop/vending_machine/vendor/laravel/framework/src/Illuminate/Log/LogManager.php(645): Illuminate\\Log\\LogManager->driver()
#3 /Users/akimotokeiju/Desktop/vending_machine/vendor/laravel/framework/src/Illuminate/Foundation/Exceptions/Handler.php(274): Illuminate\\Log\\LogManager->error('View path not f...', Array)
#4 /Users/akimotokeiju/Desktop/vending_machine/vendor/nunomaduro/collision/src/Adapters/Laravel/ExceptionHandler.php(46): Illuminate\\Foundation\\Exceptions\\Handler->report(Object(RuntimeException))
#5 /Users/akimotokeiju/Desktop/vending_machine/vendor/laravel/framework/src/Illuminate/Foundation/Console/Kernel.php(454): NunoMaduro\\Collision\\Adapters\\Laravel\\ExceptionHandler->report(Object(RuntimeException))
#6 /Users/akimotokeiju/Desktop/vending_machine/vendor/laravel/framework/src/Illuminate/Foundation/Console/Kernel.php(157): Illuminate\\Foundation\\Console\\Kernel->reportException(Object(RuntimeException))
#7 /Users/akimotokeiju/Desktop/vending_machine/artisan(35): Illuminate\\Foundation\\Console\\Kernel->handle(Object(Symfony\\Component\\Console\\Input\\ArgvInput), Object(Symfony\\Component\\Console\\Output\\ConsoleOutput))
#8 {main}
"} 
[2026-08-16 12:51:49] laravel.ERROR: View path not found. {"exception":"[object] (RuntimeException(code: 0): View path not found. at /Users/akimotokeiju/Desktop/vending_machine/vendor/laravel/framework/src/Illuminate/Foundation/Console/ViewClearCommand.php:70)
[stacktrace]
#0 /Users/akimotokeiju/Desktop/vending_machine/vendor/laravel/framework/src/Illuminate/Container/BoundMethod.php(36): Illuminate\\Foundation\\Console\\ViewClearCommand->handle()
#1 /Users/akimotokeiju/Desktop/vending_machine/vendor/laravel/framework/src/Illuminate/Container/Util.php(41): Illuminate\\Container\\BoundMethod::Illuminate\\Container\\{closure}()
#2 /Users/akimotokeiju/Desktop/vending_machine/vendor/laravel/framework/src/Illuminate/Container/BoundMethod.php(93): Illuminate\\Container\\Util::unwrapIfClosure(Object(Closure))
#3 /Users/akimotokeiju/Desktop/vending_machine/vendor/laravel/framework/src/Illuminate/Container/BoundMethod.php(35): Illuminate\\Container\\BoundMethod::callBoundMethod(Object(Illuminate\\Foundation\\Application), Array, Object(Closure))
#4 /Users/akimotokeiju/Desktop/vending_machine/vendor/laravel/framework/src/Illuminate/Container/Container.php(661): Illuminate\\Container\\BoundMethod::call(Object(Illuminate\\Foundation\\Application), Array, Array, NULL)
#5 /Users/akimotokeiju/Desktop/vending_machine/vendor/laravel/framework/src/Illuminate/Console/Command.php(183): Illuminate\\Container\\Container->call(Array)
#6 /Users/akimotokeiju/Desktop/vending_machine/vendor/symfony/console/Command/Command.php(326): Illuminate\\Console\\Command->execute(Object(Symfony\\Component\\Console\\Input\\ArgvInput), Object(Illuminate\\Console\\OutputStyle))
#7 /Users/akimotokeiju/Desktop/vending_machine/vendor/laravel/framework/src/Illuminate/Console/Command.php(152): Symfony\\Component\\Console\\Command\\Command->run(Object(Symfony\\Component\\Console\\Input\\ArgvInput), Object(Illuminate\\Console\\OutputStyle))
#8 /Users/akimotokeiju/Desktop/vending_machine/vendor/symfony/console/Application.php(1098): Illuminate\\Console\\Command->run(Object(Symfony\\Component\\Console\\Input\\ArgvInput), Object(Symfony\\Component\\Console\\Output\\ConsoleOutput))
#9 /Users/akimotokeiju/Desktop/vending_machine/vendor/symfony/console/Application.php(324): Symfony\\Component\\Console\\Application->doRunCommand(Object(Illuminate\\Foundation\\Console\\ViewClearCommand), Object(Symfony\\Component\\Console\\Input\\ArgvInput), Object(Symfony\\Component\\Console\\Output\\ConsoleOutput))
#10 /Users/akimotokeiju/Desktop/vending_machine/vendor/symfony/console/Application.php(175): Symfony\\Component\\Console\\Application->doRun(Object(Symfony\\Component\\Console\\Input\\ArgvInput), Object(Symfony\\Component\\Console\\Output\\ConsoleOutput))
#11 /Users/akimotokeiju/Desktop/vending_machine/vendor/laravel/framework/src/Illuminate/Console/Application.php(102): Symfony\\Component\\Console\\Application->run(Object(Symfony\\Component\\Console\\Input\\ArgvInput), Object(Symfony\\Component\\Console\\Output\\ConsoleOutput))
#12 /Users/akimotokeiju/Desktop/vending_machine/vendor/laravel/framework/src/Illuminate/Foundation/Console/Kernel.php(155): Illuminate\\Console\\Application->run(Object(Symfony\\Component\\Console\\Input\\ArgvInput), Object(Symfony\\Component\\Console\\Output\\ConsoleOutput))
#13 /Users/akimotokeiju/Desktop/vending_machine/artisan(35): Illuminate\\Foundation\\Console\\Kernel->handle(Object(Symfony\\Component\\Console\\Input\\ArgvInput), Object(Symfony\\Component\\Console\\Output\\ConsoleOutput))
#14 {main}
"} 
[2026-08-16 13:10:15] laravel.EMERGENCY: Unable to create configured logger. Using emergency logger. {"exception":"[object] (InvalidArgumentException(code: 0): Log [] is not defined. at /Users/akimotokeiju/Desktop/vending_machine/vendor/laravel/framework/src/Illuminate/Log/LogManager.php:210)
[stacktrace]
#0 /Users/akimotokeiju/Desktop/vending_machine/vendor/laravel/framework/src/Illuminate/Log/LogManager.php(135): Illuminate\\Log\\LogManager->resolve(NULL, NULL)
#1 /Users/akimotokeiju/Desktop/vending_machine/vendor/laravel/framework/src/Illuminate/Log/LogManager.php(122): Illuminate\\Log\\LogManager->get(NULL)
#2 /Users/akimotokeiju/Desktop/vending_machine/vendor/laravel/framework/src/Illuminate/Log/LogManager.php(645): Illuminate\\Log\\LogManager->driver()
#3 /Users/akimotokeiju/Desktop/vending_machine/vendor/laravel/framework/src/Illuminate/Foundation/Exceptions/Handler.php(274): Illuminate\\Log\\LogManager->error('Trying to acces...', Array)
#4 /Users/akimotokeiju/Desktop/vending_machine/vendor/laravel/framework/src/Illuminate/Routing/Pipeline.php(49): Illuminate\\Foundation\\Exceptions\\Handler->report(Object(ErrorException))
#5 /Users/akimotokeiju/Desktop/vending_machine/vendor/laravel/framework/src/Illuminate/Pipeline/Pipeline.php(185): Illuminate\\Routing\\Pipeline->handleException(Object(Illuminate\\Http\\Request), Object(ErrorException))
#6 /Users/akimotokeiju/Desktop/vending_machine/vendor/laravel/framework/src/Illuminate/Cookie/Middleware/EncryptCookies.php(67): Illuminate\\Pipeline\\Pipeline->Illuminate\\Pipeline\\{closure}(Object(Illuminate\\Http\\Request))
#7 /Users/akimotokeiju/Desktop/vending_machine/vendor/laravel/framework/src/Illuminate/Pipeline/Pipeline.php(180): Illuminate\\Cookie\\Middleware\\EncryptCookies->handle(Object(Illuminate\\Http\\Request), Object(Closure))
#8 /Users/akimotokeiju/Desktop/vending_machine/vendor/laravel/framework/src/Illuminate/Pipeline/Pipeline.php(116): Illuminate\\Pipeline\\Pipeline->Illuminate\\Pipeline\\{closure}(Object(Illuminate\\Http\\Request))
#9 /Users/akimotokeiju/Desktop/vending_machine/vendor/laravel/framework/src/Illuminate/Routing/Router.php(797): Illuminate\\Pipeline\\Pipeline->then(Object(Closure))
#10 /Users/akimotokeiju/Desktop/vending_machine/vendor/laravel/framework/src/Illuminate/Routing/Router.php(776): Illuminate\\Routing\\Router->runRouteWithinStack(Object(Illuminate\\Routing\\Route), Object(Illuminate\\Http\\Request))
#11 /Users/akimotokeiju/Desktop/vending_machine/vendor/laravel/framework/src/Illuminate/Routing/Router.php(740): Illuminate\\Routing\\Router->runRoute(Object(Illuminate\\Http\\Request), Object(Illuminate\\Routing\\Route))
#12 /Users/akimotokeiju/Desktop/vending_machine/vendor/laravel/framework/src/Illuminate/Routing/Router.php(729): Illuminate\\Routing\\Router->dispatchToRoute(Object(Illuminate\\Http\\Request))
#13 /Users/akimotokeiju/Desktop/vending_machine/vendor/laravel/framework/src/Illuminate/Foundation/Http/Kernel.php(190): Illuminate\\Routing\\Router->dispatch(Object(Illuminate\\Http\\Request))
#14 /Users/akimotokeiju/Desktop/vending_machine/vendor/laravel/framework/src/Illuminate/Pipeline/Pipeline.php(141): Illuminate\\Foundation\\Http\\Kernel->Illuminate\\Foundation\\Http\\{closure}(Object(Illuminate\\Http\\Request))
#15 /Users/akimotokeiju/Desktop/vending_machine/vendor/laravel/framework/src/Illuminate/Foundation/Http/Middleware/TransformsRequest.php(21): Illuminate\\Pipeline\\Pipeline->Illuminate\\Pipeline\\{closure}(Object(Illuminate\\Http\\Request))
#16 /Users/akimotokeiju/Desktop/vending_machine/vendor/laravel/framework/src/Illuminate/Foundation/Http/Middleware/ConvertEmptyStringsToNull.php(31): Illuminate\\Foundation\\Http\\Middleware\\TransformsRequest->handle(Object(Illuminate\\Http\\Request), Object(Closure))
#17 /Users/akimotokeiju/Desktop/vending_machine/vendor/laravel/framework/src/Illuminate/Pipeline/Pipeline.php(180): Illuminate\\Foundation\\Http\\Middleware\\ConvertEmptyStringsToNull->handle(Object(Illuminate\\Http\\Request), Object(Closure))
#18 /Users/akimotokeiju/Desktop/vending_machine/vendor/laravel/framework/src/Illuminate/Foundation/Http/Middleware/TransformsRequest.php(21): Illuminate\\Pipeline\\Pipeline->Illuminate\\Pipeline\\{closure}(Object(Illuminate\\Http\\Request))
#19 /Users/akimotokeiju/Desktop/vending_machine/vendor/laravel/framework/src/Illuminate/Foundation/Http/Middleware/TrimStrings.php(40): Illuminate\\Foundation\\Http\\Middleware\\TransformsRequest->handle(Object(Illuminate\\Http\\Request), Object(Closure))
#20 /Users/akimotokeiju/Desktop/vending_machine/vendor/laravel/framework/src/Illuminate/Pipeline/Pipeline.php(180): Illuminate\\Foundation\\Http\\Middleware\\TrimStrings->handle(Object(Illuminate\\Http\\Request), Object(Closure))
#21 /Users/akimotokeiju/Desktop/vending_machine/vendor/laravel/framework/src/Illuminate/Foundation/Http/Middleware/ValidatePostSize.php(27): Illuminate\\Pipeline\\Pipeline->Illuminate\\Pipeline\\{closure}(Object(Illuminate\\Http\\Request))
#22 /Users/akimotokeiju/Desktop/vending_machine/vendor/laravel/framework/src/Illuminate/Pipeline/Pipeline.php(180): Illuminate\\Foundation\\Http\\Middleware\\ValidatePostSize->handle(Object(Illuminate\\Http\\Request), Object(Closure))
#23 /Users/akimotokeiju/Desktop/vending_machine/vendor/laravel/framework/src/Illuminate/Foundation/Http/Middleware/PreventRequestsDuringMaintenance.php(86): Illuminate\\Pipeline\\Pipeline->Illuminate\\Pipeline\\{closure}(Object(Illuminate\\Http\\Request))
#24 /Users/akimotokeiju/Desktop/vending_machine/vendor/laravel/framework/src/Illuminate/Pipeline/Pipeline.php(180): Illuminate\\Foundation\\Http\\Middleware\\PreventRequestsDuringMaintenance->handle(Object(Illuminate\\Http\\Request), Object(Closure))
#25 /Users/akimotokeiju/Desktop/vending_machine/vendor/laravel/framework/src/Illuminate/Http/Middleware/HandleCors.php(49): Illuminate\\Pipeline\\Pipeline->Illuminate\\Pipeline\\{closure}(Object(Illuminate\\Http\\Request))
#26 /Users/akimotokeiju/Desktop/vending_machine/vendor/laravel/framework/src/Illuminate/Pipeline/Pipeline.php(180): Illuminate\\Http\\Middleware\\HandleCors->handle(Object(Illuminate\\Http\\Request), Object(Closure))
#27 /Users/akimotokeiju/Desktop/vending_machine/vendor/laravel/framework/src/Illuminate/Http/Middleware/TrustProxies.php(39): Illuminate\\Pipeline\\Pipeline->Illuminate\\Pipeline\\{closure}(Object(Illuminate\\Http\\Request))
#28 /Users/akimotokeiju/Desktop/vending_machine/vendor/laravel/framework/src/Illuminate/Pipeline/Pipeline.php(180): Illuminate\\Http\\Middleware\\TrustProxies->handle(Object(Illuminate\\Http\\Request), Object(Closure))
#29 /Users/akimotokeiju/Desktop/vending_machine/vendor/laravel/framework/src/Illuminate/Pipeline/Pipeline.php(116): Illuminate\\Pipeline\\Pipeline->Illuminate\\Pipeline\\{closure}(Object(Illuminate\\Http\\Request))
#30 /Users/akimotokeiju/Desktop/vending_machine/vendor/laravel/framework/src/Illuminate/Foundation/Http/Kernel.php(165): Illuminate\\Pipeline\\Pipeline->then(Object(Closure))
#31 /Users/akimotokeiju/Desktop/vending_machine/vendor/laravel/framework/src/Illuminate/Foundation/Http/Kernel.php(134): Illuminate\\Foundation\\Http\\Kernel->sendRequestThroughRouter(Object(Illuminate\\Http\\Request))
#32 /Users/akimotokeiju/Desktop/vending_machine/public/index.php(51): Illuminate\\Foundation\\Http\\Kernel->handle(Object(Illuminate\\Http\\Request))
#33 {main}
"} 
[2026-08-16 13:10:15] laravel.ERROR: Trying to access array offset on value of type null {"exception":"[object] (ErrorException(code: 0): Trying to access array offset on value of type null at /Users/akimotokeiju/Desktop/vending_machine/vendor/laravel/framework/src/Illuminate/Cookie/CookieServiceProvider.php:20)
[stacktrace]
#0 /Users/akimotokeiju/Desktop/vending_machine/vendor/laravel/framework/src/Illuminate/Foundation/Bootstrap/HandleExceptions.php(270): Illuminate\\Foundation\\Bootstrap\\HandleExceptions->handleError(2, 'Trying to acces...', '/Users/akimotok...', 20)
#1 /Users/akimotokeiju/Desktop/vending_machine/vendor/laravel/framework/src/Illuminate/Cookie/CookieServiceProvider.php(20): Illuminate\\Foundation\\Bootstrap\\HandleExceptions->Illuminate\\Foundation\\Bootstrap\\{closure}(2, 'Trying to acces...', '/Users/akimotok...', 20)
#2 /Users/akimotokeiju/Desktop/vending_machine/vendor/laravel/framework/src/Illuminate/Container/Container.php(885): Illuminate\\Cookie\\CookieServiceProvider->Illuminate\\Cookie\\{closure}(Object(Illuminate\\Foundation\\Application), Array)
#3 /Users/akimotokeiju/Desktop/vending_machine/vendor/laravel/framework/src/Illuminate/Container/Container.php(770): Illuminate\\Container\\Container->build(Object(Closure))
#4 /Users/akimotokeiju/Desktop/vending_machine/vendor/laravel/framework/src/Illuminate/Foundation/Application.php(881): Illuminate\\Container\\Container->resolve('cookie', Array, true)
#5 /Users/akimotokeiju/Desktop/vending_machine/vendor/laravel/framework/src/Illuminate/Container/Container.php(706): Illuminate\\Foundation\\Application->resolve('cookie', Array)
#6 /Users/akimotokeiju/Desktop/vending_machine/vendor/laravel/framework/src/Illuminate/Foundation/Application.php(866): Illuminate\\Container\\Container->make('cookie', Array)
#7 /Users/akimotokeiju/Desktop/vending_machine/vendor/laravel/framework/src/Illuminate/Container/Container.php(1043): Illuminate\\Foundation\\Application->make('cookie')
#8 /Users/akimotokeiju/Desktop/vending_machine/vendor/laravel/framework/src/Illuminate/Container/Container.php(959): Illuminate\\Container\\Container->resolveClass(Object(ReflectionParameter))
#9 /Users/akimotokeiju/Desktop/vending_machine/vendor/laravel/framework/src/Illuminate/Container/Container.php(920): Illuminate\\Container\\Container->resolveDependencies(Array)
#10 /Users/akimotokeiju/Desktop/vending_machine/vendor/laravel/framework/src/Illuminate/Container/Container.php(770): Illuminate\\Container\\Container->build('Illuminate\\\\Cook...')
#11 /Users/akimotokeiju/Desktop/vending_machine/vendor/laravel/framework/src/Illuminate/Foundation/Application.php(881): Illuminate\\Container\\Container->resolve('Illuminate\\\\Cook...', Array, true)
#12 /Users/akimotokeiju/Desktop/vending_machine/vendor/laravel/framework/src/Illuminate/Container/Container.php(706): Illuminate\\Foundation\\Application->resolve('Illuminate\\\\Cook...', Array)
#13 /Users/akimotokeiju/Desktop/vending_machine/vendor/laravel/framework/src/Illuminate/Foundation/Application.php(866): Illuminate\\Container\\Container->make('Illuminate\\\\Cook...', Array)
#14 /Users/akimotokeiju/Desktop/vending_machine/vendor/laravel/framework/src/Illuminate/Pipeline/Pipeline.php(169): Illuminate\\Foundation\\Application->make('Illuminate\\\\Cook...')
#15 /Users/akimotokeiju/Desktop/vending_machine/vendor/laravel/framework/src/Illuminate/Cookie/Middleware/EncryptCookies.php(67): Illuminate\\Pipeline\\Pipeline->Illuminate\\Pipeline\\{closure}(Object(Illuminate\\Http\\Request))
#16 /Users/akimotokeiju/Desktop/vending_machine/vendor/laravel/framework/src/Illuminate/Pipeline/Pipeline.php(180): Illuminate\\Cookie\\Middleware\\EncryptCookies->handle(Object(Illuminate\\Http\\Request), Object(Closure))
#17 /Users/akimotokeiju/Desktop/vending_machine/vendor/laravel/framework/src/Illuminate/Pipeline/Pipeline.php(116): Illuminate\\Pipeline\\Pipeline->Illuminate\\Pipeline\\{closure}(Object(Illuminate\\Http\\Request))
#18 /Users/akimotokeiju/Desktop/vending_machine/vendor/laravel/framework/src/Illuminate/Routing/Router.php(797): Illuminate\\Pipeline\\Pipeline->then(Object(Closure))
#19 /Users/akimotokeiju/Desktop/vending_machine/vendor/laravel/framework/src/Illuminate/Routing/Router.php(776): Illuminate\\Routing\\Router->runRouteWithinStack(Object(Illuminate\\Routing\\Route), Object(Illuminate\\Http\\Request))
#20 /Users/akimotokeiju/Desktop/vending_machine/vendor/laravel/framework/src/Illuminate/Routing/Router.php(740): Illuminate\\Routing\\Router->runRoute(Object(Illuminate\\Http\\Request), Object(Illuminate\\Routing\\Route))
#21 /Users/akimotokeiju/Desktop/vending_machine/vendor/laravel/framework/src/Illuminate/Routing/Router.php(729): Illuminate\\Routing\\Router->dispatchToRoute(Object(Illuminate\\Http\\Request))
#22 /Users/akimotokeiju/Desktop/vending_machine/vendor/laravel/framework/src/Illuminate/Foundation/Http/Kernel.php(190): Illuminate\\Routing\\Router->dispatch(Object(Illuminate\\Http\\Request))
#23 /Users/akimotokeiju/Desktop/vending_machine/vendor/laravel/framework/src/Illuminate/Pipeline/Pipeline.php(141): Illuminate\\Foundation\\Http\\Kernel->Illuminate\\Foundation\\Http\\{closure}(Object(Illuminate\\Http\\Request))
#24 /Users/akimotokeiju/Desktop/vending_machine/vendor/laravel/framework/src/Illuminate/Foundation/Http/Middleware/TransformsRequest.php(21): Illuminate\\Pipeline\\Pipeline->Illuminate\\Pipeline\\{closure}(Object(Illuminate\\Http\\Request))
#25 /Users/akimotokeiju/Desktop/vending_machine/vendor/laravel/framework/src/Illuminate/Foundation/Http/Middleware/ConvertEmptyStringsToNull.php(31): Illuminate\\Foundation\\Http\\Middleware\\TransformsRequest->handle(Object(Illuminate\\Http\\Request), Object(Closure))
#26 /Users/akimotokeiju/Desktop/vending_machine/vendor/laravel/framework/src/Illuminate/Pipeline/Pipeline.php(180): Illuminate\\Foundation\\Http\\Middleware\\ConvertEmptyStringsToNull->handle(Object(Illuminate\\Http\\Request), Object(Closure))
#27 /Users/akimotokeiju/Desktop/vending_machine/vendor/laravel/framework/src/Illuminate/Foundation/Http/Middleware/TransformsRequest.php(21): Illuminate\\Pipeline\\Pipeline->Illuminate\\Pipeline\\{closure}(Object(Illuminate\\Http\\Request))
#28 /Users/akimotokeiju/Desktop/vending_machine/vendor/laravel/framework/src/Illuminate/Foundation/Http/Middleware/TrimStrings.php(40): Illuminate\\Foundation\\Http\\Middleware\\TransformsRequest->handle(Object(Illuminate\\Http\\Request), Object(Closure))
#29 /Users/akimotokeiju/Desktop/vending_machine/vendor/laravel/framework/src/Illuminate/Pipeline/Pipeline.php(180): Illuminate\\Foundation\\Http\\Middleware\\TrimStrings->handle(Object(Illuminate\\Http\\Request), Object(Closure))
#30 /Users/akimotokeiju/Desktop/vending_machine/vendor/laravel/framework/src/Illuminate/Foundation/Http/Middleware/ValidatePostSize.php(27): Illuminate\\Pipeline\\Pipeline->Illuminate\\Pipeline\\{closure}(Object(Illuminate\\Http\\Request))
#31 /Users/akimotokeiju/Desktop/vending_machine/vendor/laravel/framework/src/Illuminate/Pipeline/Pipeline.php(180): Illuminate\\Foundation\\Http\\Middleware\\ValidatePostSize->handle(Object(Illuminate\\Http\\Request), Object(Closure))
#32 /Users/akimotokeiju/Desktop/vending_machine/vendor/laravel/framework/src/Illuminate/Foundation/Http/Middleware/PreventRequestsDuringMaintenance.php(86): Illuminate\\Pipeline\\Pipeline->Illuminate\\Pipeline\\{closure}(Object(Illuminate\\Http\\Request))
#33 /Users/akimotokeiju/Desktop/vending_machine/vendor/laravel/framework/src/Illuminate/Pipeline/Pipeline.php(180): Illuminate\\Foundation\\Http\\Middleware\\PreventRequestsDuringMaintenance->handle(Object(Illuminate\\Http\\Request), Object(Closure))
#34 /Users/akimotokeiju/Desktop/vending_machine/vendor/laravel/framework/src/Illuminate/Http/Middleware/HandleCors.php(49): Illuminate\\Pipeline\\Pipeline->Illuminate\\Pipeline\\{closure}(Object(Illuminate\\Http\\Request))
#35 /Users/akimotokeiju/Desktop/vending_machine/vendor/laravel/framework/src/Illuminate/Pipeline/Pipeline.php(180): Illuminate\\Http\\Middleware\\HandleCors->handle(Object(Illuminate\\Http\\Request), Object(Closure))
#36 /Users/akimotokeiju/Desktop/vending_machine/vendor/laravel/framework/src/Illuminate/Http/Middleware/TrustProxies.php(39): Illuminate\\Pipeline\\Pipeline->Illuminate\\Pipeline\\{closure}(Object(Illuminate\\Http\\Request))
#37 /Users/akimotokeiju/Desktop/vending_machine/vendor/laravel/framework/src/Illuminate/Pipeline/Pipeline.php(180): Illuminate\\Http\\Middleware\\TrustProxies->handle(Object(Illuminate\\Http\\Request), Object(Closure))
#38 /Users/akimotokeiju/Desktop/vending_machine/vendor/laravel/framework/src/Illuminate/Pipeline/Pipeline.php(116): Illuminate\\Pipeline\\Pipeline->Illuminate\\Pipeline\\{closure}(Object(Illuminate\\Http\\Request))
#39 /Users/akimotokeiju/Desktop/vending_machine/vendor/laravel/framework/src/Illuminate/Foundation/Http/Kernel.php(165): Illuminate\\Pipeline\\Pipeline->then(Object(Closure))
#40 /Users/akimotokeiju/Desktop/vending_machine/vendor/laravel/framework/src/Illuminate/Foundation/Http/Kernel.php(134): Illuminate\\Foundation\\Http\\Kernel->sendRequestThroughRouter(Object(Illuminate\\Http\\Request))
#41 /Users/akimotokeiju/Desktop/vending_machine/public/index.php(51): Illuminate\\Foundation\\Http\\Kernel->handle(Object(Illuminate\\Http\\Request))
#42 {main}
"} 
[2026-08-16 13:10:15] laravel.EMERGENCY: Unable to create configured logger. Using emergency logger. {"exception":"[object] (InvalidArgumentException(code: 0): Log [] is not defined. at /Users/akimotokeiju/Desktop/vending_machine/vendor/laravel/framework/src/Illuminate/Log/LogManager.php:210)
[stacktrace]
#0 /Users/akimotokeiju/Desktop/vending_machine/vendor/laravel/framework/src/Illuminate/Log/LogManager.php(135): Illuminate\\Log\\LogManager->resolve(NULL, NULL)
#1 /Users/akimotokeiju/Desktop/vending_machine/vendor/laravel/framework/src/Illuminate/Log/LogManager.php(122): Illuminate\\Log\\LogManager->get(NULL)
#2 /Users/akimotokeiju/Desktop/vending_machine/vendor/laravel/framework/src/Illuminate/Log/LogManager.php(645): Illuminate\\Log\\LogManager->driver()
#3 /Users/akimotokeiju/Desktop/vending_machine/vendor/laravel/framework/src/Illuminate/Foundation/Exceptions/Handler.php(274): Illuminate\\Log\\LogManager->error('Trying to acces...', Array)
#4 /Users/akimotokeiju/Desktop/vending_machine/vendor/laravel/framework/src/Illuminate/Foundation/Bootstrap/HandleExceptions.php(198): Illuminate\\Foundation\\Exceptions\\Handler->report(Object(ErrorException))
#5 /Users/akimotokeiju/Desktop/vending_machine/vendor/laravel/framework/src/Illuminate/Foundation/Bootstrap/HandleExceptions.php(270): Illuminate\\Foundation\\Bootstrap\\HandleExceptions->handleException(Object(ErrorException))
#6 [internal function]: Illuminate\\Foundation\\Bootstrap\\HandleExceptions->Illuminate\\Foundation\\Bootstrap\\{closure}(Object(ErrorException))
#7 {main}
"} 
[2026-08-16 13:10:15] laravel.ERROR: Trying to access array offset on value of type null {"exception":"[object] (ErrorException(code: 0): Trying to access array offset on value of type null at /Users/akimotokeiju/Desktop/vending_machine/vendor/laravel/framework/src/Illuminate/Cookie/CookieServiceProvider.php:20)
[stacktrace]
#0 /Users/akimotokeiju/Desktop/vending_machine/vendor/laravel/framework/src/Illuminate/Foundation/Bootstrap/HandleExceptions.php(270): Illuminate\\Foundation\\Bootstrap\\HandleExceptions->handleError(2, 'Trying to acces...', '/Users/akimotok...', 20)
#1 /Users/akimotokeiju/Desktop/vending_machine/vendor/laravel/framework/src/Illuminate/Cookie/CookieServiceProvider.php(20): Illuminate\\Foundation\\Bootstrap\\HandleExceptions->Illuminate\\Foundation\\Bootstrap\\{closure}(2, 'Trying to acces...', '/Users/akimotok...', 20)
#2 /Users/akimotokeiju/Desktop/vending_machine/vendor/laravel/framework/src/Illuminate/Container/Container.php(885): Illuminate\\Cookie\\CookieServiceProvider->Illuminate\\Cookie\\{closure}(Object(Illuminate\\Foundation\\Application), Array)
#3 /Users/akimotokeiju/Desktop/vending_machine/vendor/laravel/framework/src/Illuminate/Container/Container.php(770): Illuminate\\Container\\Container->build(Object(Closure))
#4 /Users/akimotokeiju/Desktop/vending_machine/vendor/laravel/framework/src/Illuminate/Foundation/Application.php(881): Illuminate\\Container\\Container->resolve('cookie', Array, true)
#5 /Users/akimotokeiju/Desktop/vending_machine/vendor/laravel/framework/src/Illuminate/Container/Container.php(706): Illuminate\\Foundation\\Application->resolve('cookie', Array)
#6 /Users/akimotokeiju/Desktop/vending_machine/vendor/laravel/framework/src/Illuminate/Foundation/Application.php(866): Illuminate\\Container\\Container->make('cookie', Array)
#7 /Users/akimotokeiju/Desktop/vending_machine/vendor/laravel/framework/src/Illuminate/Container/Container.php(1043): Illuminate\\Foundation\\Application->make('cookie')
#8 /Users/akimotokeiju/Desktop/vending_machine/vendor/laravel/framework/src/Illuminate/Container/Container.php(959): Illuminate\\Container\\Container->resolveClass(Object(ReflectionParameter))
#9 /Users/akimotokeiju/Desktop/vending_machine/vendor/laravel/framework/src/Illuminate/Container/Container.php(920): Illuminate\\Container\\Container->resolveDependencies(Array)
#10 /Users/akimotokeiju/Desktop/vending_machine/vendor/laravel/framework/src/Illuminate/Container/Container.php(770): Illuminate\\Container\\Container->build('Illuminate\\\\Cook...')
#11 /Users/akimotokeiju/Desktop/vending_machine/vendor/laravel/framework/src/Illuminate/Foundation/Application.php(881): Illuminate\\Container\\Container->resolve('Illuminate\\\\Cook...', Array, true)
#12 /Users/akimotokeiju/Desktop/vending_machine/vendor/laravel/framework/src/Illuminate/Container/Container.php(706): Illuminate\\Foundation\\Application->resolve('Illuminate\\\\Cook...', Array)
#13 /Users/akimotokeiju/Desktop/vending_machine/vendor/laravel/framework/src/Illuminate/Foundation/Application.php(866): Illuminate\\Container\\Container->make('Illuminate\\\\Cook...', Array)
#14 /Users/akimotokeiju/Desktop/vending_machine/vendor/laravel/framework/src/Illuminate/Foundation/Http/Kernel.php(239): Illuminate\\Foundation\\Application->make('Illuminate\\\\Cook...')
#15 /Users/akimotokeiju/Desktop/vending_machine/vendor/laravel/framework/src/Illuminate/Foundation/Http/Kernel.php(203): Illuminate\\Foundation\\Http\\Kernel->terminateMiddleware(Object(Illuminate\\Http\\Request), Object(Illuminate\\Http\\Response))
#16 /Users/akimotokeiju/Desktop/vending_machine/public/index.php(55): Illuminate\\Foundation\\Http\\Kernel->terminate(Object(Illuminate\\Http\\Request), Object(Illuminate\\Http\\Response))
#17 {main}
"} 
[2026-08-16 13:10:15] laravel.EMERGENCY: Unable to create configured logger. Using emergency logger. {"exception":"[object] (InvalidArgumentException(code: 0): Log [] is not defined. at /Users/akimotokeiju/Desktop/vending_machine/vendor/laravel/framework/src/Illuminate/Log/LogManager.php:210)
[stacktrace]
#0 /Users/akimotokeiju/Desktop/vending_machine/vendor/laravel/framework/src/Illuminate/Log/LogManager.php(135): Illuminate\\Log\\LogManager->resolve(NULL, NULL)
#1 /Users/akimotokeiju/Desktop/vending_machine/vendor/laravel/framework/src/Illuminate/Log/LogManager.php(122): Illuminate\\Log\\LogManager->get(NULL)
#2 /Users/akimotokeiju/Desktop/vending_machine/vendor/laravel/framework/src/Illuminate/Log/LogManager.php(645): Illuminate\\Log\\LogManager->driver()
#3 /Users/akimotokeiju/Desktop/vending_machine/vendor/laravel/framework/src/Illuminate/Foundation/Exceptions/Handler.php(274): Illuminate\\Log\\LogManager->error('Trying to acces...', Array)
#4 /Users/akimotokeiju/Desktop/vending_machine/vendor/laravel/framework/src/Illuminate/Routing/Pipeline.php(49): Illuminate\\Foundation\\Exceptions\\Handler->report(Object(ErrorException))
#5 /Users/akimotokeiju/Desktop/vending_machine/vendor/laravel/framework/src/Illuminate/Pipeline/Pipeline.php(185): Illuminate\\Routing\\Pipeline->handleException(Object(Illuminate\\Http\\Request), Object(ErrorException))
#6 /Users/akimotokeiju/Desktop/vending_machine/vendor/laravel/framework/src/Illuminate/Cookie/Middleware/EncryptCookies.php(67): Illuminate\\Pipeline\\Pipeline->Illuminate\\Pipeline\\{closure}(Object(Illuminate\\Http\\Request))
#7 /Users/akimotokeiju/Desktop/vending_machine/vendor/laravel/framework/src/Illuminate/Pipeline/Pipeline.php(180): Illuminate\\Cookie\\Middleware\\EncryptCookies->handle(Object(Illuminate\\Http\\Request), Object(Closure))
#8 /Users/akimotokeiju/Desktop/vending_machine/vendor/laravel/framework/src/Illuminate/Pipeline/Pipeline.php(116): Illuminate\\Pipeline\\Pipeline->Illuminate\\Pipeline\\{closure}(Object(Illuminate\\Http\\Request))
#9 /Users/akimotokeiju/Desktop/vending_machine/vendor/laravel/framework/src/Illuminate/Routing/Router.php(797): Illuminate\\Pipeline\\Pipeline->then(Object(Closure))
#10 /Users/akimotokeiju/Desktop/vending_machine/vendor/laravel/framework/src/Illuminate/Routing/Router.php(776): Illuminate\\Routing\\Router->runRouteWithinStack(Object(Illuminate\\Routing\\Route), Object(Illuminate\\Http\\Request))
#11 /Users/akimotokeiju/Desktop/vending_machine/vendor/laravel/framework/src/Illuminate/Routing/Router.php(740): Illuminate\\Routing\\Router->runRoute(Object(Illuminate\\Http\\Request), Object(Illuminate\\Routing\\Route))
#12 /Users/akimotokeiju/Desktop/vending_machine/vendor/laravel/framework/src/Illuminate/Routing/Router.php(729): Illuminate\\Routing\\Router->dispatchToRoute(Object(Illuminate\\Http\\Request))
#13 /Users/akimotokeiju/Desktop/vending_machine/vendor/laravel/framework/src/Illuminate/Foundation/Http/Kernel.php(190): Illuminate\\Routing\\Router->dispatch(Object(Illuminate\\Http\\Request))
#14 /Users/akimotokeiju/Desktop/vending_machine/vendor/laravel/framework/src/Illuminate/Pipeline/Pipeline.php(141): Illuminate\\Foundation\\Http\\Kernel->Illuminate\\Foundation\\Http\\{closure}(Object(Illuminate\\Http\\Request))
#15 /Users/akimotokeiju/Desktop/vending_machine/vendor/laravel/framework/src/Illuminate/Foundation/Http/Middleware/TransformsRequest.php(21): Illuminate\\Pipeline\\Pipeline->Illuminate\\Pipeline\\{closure}(Object(Illuminate\\Http\\Request))
#16 /Users/akimotokeiju/Desktop/vending_machine/vendor/laravel/framework/src/Illuminate/Foundation/Http/Middleware/ConvertEmptyStringsToNull.php(31): Illuminate\\Foundation\\Http\\Middleware\\TransformsRequest->handle(Object(Illuminate\\Http\\Request), Object(Closure))
#17 /Users/akimotokeiju/Desktop/vending_machine/vendor/laravel/framework/src/Illuminate/Pipeline/Pipeline.php(180): Illuminate\\Foundation\\Http\\Middleware\\ConvertEmptyStringsToNull->handle(Object(Illuminate\\Http\\Request), Object(Closure))
#18 /Users/akimotokeiju/Desktop/vending_machine/vendor/laravel/framework/src/Illuminate/Foundation/Http/Middleware/TransformsRequest.php(21): Illuminate\\Pipeline\\Pipeline->Illuminate\\Pipeline\\{closure}(Object(Illuminate\\Http\\Request))
#19 /Users/akimotokeiju/Desktop/vending_machine/vendor/laravel/framework/src/Illuminate/Foundation/Http/Middleware/TrimStrings.php(40): Illuminate\\Foundation\\Http\\Middleware\\TransformsRequest->handle(Object(Illuminate\\Http\\Request), Object(Closure))
#20 /Users/akimotokeiju/Desktop/vending_machine/vendor/laravel/framework/src/Illuminate/Pipeline/Pipeline.php(180): Illuminate\\Foundation\\Http\\Middleware\\TrimStrings->handle(Object(Illuminate\\Http\\Request), Object(Closure))
#21 /Users/akimotokeiju/Desktop/vending_machine/vendor/laravel/framework/src/Illuminate/Foundation/Http/Middleware/ValidatePostSize.php(27): Illuminate\\Pipeline\\Pipeline->Illuminate\\Pipeline\\{closure}(Object(Illuminate\\Http\\Request))
#22 /Users/akimotokeiju/Desktop/vending_machine/vendor/laravel/framework/src/Illuminate/Pipeline/Pipeline.php(180): Illuminate\\Foundation\\Http\\Middleware\\ValidatePostSize->handle(Object(Illuminate\\Http\\Request), Object(Closure))
#23 /Users/akimotokeiju/Desktop/vending_machine/vendor/laravel/framework/src/Illuminate/Foundation/Http/Middleware/PreventRequestsDuringMaintenance.php(86): Illuminate\\Pipeline\\Pipeline->Illuminate\\Pipeline\\{closure}(Object(Illuminate\\Http\\Request))
#24 /Users/akimotokeiju/Desktop/vending_machine/vendor/laravel/framework/src/Illuminate/Pipeline/Pipeline.php(180): Illuminate\\Foundation\\Http\\Middleware\\PreventRequestsDuringMaintenance->handle(Object(Illuminate\\Http\\Request), Object(Closure))
#25 /Users/akimotokeiju/Desktop/vending_machine/vendor/laravel/framework/src/Illuminate/Http/Middleware/HandleCors.php(49): Illuminate\\Pipeline\\Pipeline->Illuminate\\Pipeline\\{closure}(Object(Illuminate\\Http\\Request))
#26 /Users/akimotokeiju/Desktop/vending_machine/vendor/laravel/framework/src/Illuminate/Pipeline/Pipeline.php(180): Illuminate\\Http\\Middleware\\HandleCors->handle(Object(Illuminate\\Http\\Request), Object(Closure))
#27 /Users/akimotokeiju/Desktop/vending_machine/vendor/laravel/framework/src/Illuminate/Http/Middleware/TrustProxies.php(39): Illuminate\\Pipeline\\Pipeline->Illuminate\\Pipeline\\{closure}(Object(Illuminate\\Http\\Request))
#28 /Users/akimotokeiju/Desktop/vending_machine/vendor/laravel/framework/src/Illuminate/Pipeline/Pipeline.php(180): Illuminate\\Http\\Middleware\\TrustProxies->handle(Object(Illuminate\\Http\\Request), Object(Closure))
#29 /Users/akimotokeiju/Desktop/vending_machine/vendor/laravel/framework/src/Illuminate/Pipeline/Pipeline.php(116): Illuminate\\Pipeline\\Pipeline->Illuminate\\Pipeline\\{closure}(Object(Illuminate\\Http\\Request))
#30 /Users/akimotokeiju/Desktop/vending_machine/vendor/laravel/framework/src/Illuminate/Foundation/Http/Kernel.php(165): Illuminate\\Pipeline\\Pipeline->then(Object(Closure))
#31 /Users/akimotokeiju/Desktop/vending_machine/vendor/laravel/framework/src/Illuminate/Foundation/Http/Kernel.php(134): Illuminate\\Foundation\\Http\\Kernel->sendRequestThroughRouter(Object(Illuminate\\Http\\Request))
#32 /Users/akimotokeiju/Desktop/vending_machine/public/index.php(51): Illuminate\\Foundation\\Http\\Kernel->handle(Object(Illuminate\\Http\\Request))
#33 {main}
"} 
[2026-08-16 13:10:15] laravel.ERROR: Trying to access array offset on value of type null {"exception":"[object] (ErrorException(code: 0): Trying to access array offset on value of type null at /Users/akimotokeiju/Desktop/vending_machine/vendor/laravel/framework/src/Illuminate/Cookie/CookieServiceProvider.php:20)
[stacktrace]
#0 /Users/akimotokeiju/Desktop/vending_machine/vendor/laravel/framework/src/Illuminate/Foundation/Bootstrap/HandleExceptions.php(270): Illuminate\\Foundation\\Bootstrap\\HandleExceptions->handleError(2, 'Trying to acces...', '/Users/akimotok...', 20)
#1 /Users/akimotokeiju/Desktop/vending_machine/vendor/laravel/framework/src/Illuminate/Cookie/CookieServiceProvider.php(20): Illuminate\\Foundation\\Bootstrap\\HandleExceptions->Illuminate\\Foundation\\Bootstrap\\{closure}(2, 'Trying to acces...', '/Users/akimotok...', 20)
#2 /Users/akimotokeiju/Desktop/vending_machine/vendor/laravel/framework/src/Illuminate/Container/Container.php(885): Illuminate\\Cookie\\CookieServiceProvider->Illuminate\\Cookie\\{closure}(Object(Illuminate\\Foundation\\Application), Array)
#3 /Users/akimotokeiju/Desktop/vending_machine/vendor/laravel/framework/src/Illuminate/Container/Container.php(770): Illuminate\\Container\\Container->build(Object(Closure))
#4 /Users/akimotokeiju/Desktop/vending_machine/vendor/laravel/framework/src/Illuminate/Foundation/Application.php(881): Illuminate\\Container\\Container->resolve('cookie', Array, true)
#5 /Users/akimotokeiju/Desktop/vending_machine/vendor/laravel/framework/src/Illuminate/Container/Container.php(706): Illuminate\\Foundation\\Application->resolve('cookie', Array)
#6 /Users/akimotokeiju/Desktop/vending_machine/vendor/laravel/framework/src/Illuminate/Foundation/Application.php(866): Illuminate\\Container\\Container->make('cookie', Array)
#7 /Users/akimotokeiju/Desktop/vending_machine/vendor/laravel/framework/src/Illuminate/Container/Container.php(1043): Illuminate\\Foundation\\Application->make('cookie')
#8 /Users/akimotokeiju/Desktop/vending_machine/vendor/laravel/framework/src/Illuminate/Container/Container.php(959): Illuminate\\Container\\Container->resolveClass(Object(ReflectionParameter))
#9 /Users/akimotokeiju/Desktop/vending_machine/vendor/laravel/framework/src/Illuminate/Container/Container.php(920): Illuminate\\Container\\Container->resolveDependencies(Array)
#10 /Users/akimotokeiju/Desktop/vending_machine/vendor/laravel/framework/src/Illuminate/Container/Container.php(770): Illuminate\\Container\\Container->build('Illuminate\\\\Cook...')
#11 /Users/akimotokeiju/Desktop/vending_machine/vendor/laravel/framework/src/Illuminate/Foundation/Application.php(881): Illuminate\\Container\\Container->resolve('Illuminate\\\\Cook...', Array, true)
#12 /Users/akimotokeiju/Desktop/vending_machine/vendor/laravel/framework/src/Illuminate/Container/Container.php(706): Illuminate\\Foundation\\Application->resolve('Illuminate\\\\Cook...', Array)
#13 /Users/akimotokeiju/Desktop/vending_machine/vendor/laravel/framework/src/Illuminate/Foundation/Application.php(866): Illuminate\\Container\\Container->make('Illuminate\\\\Cook...', Array)
#14 /Users/akimotokeiju/Desktop/vending_machine/vendor/laravel/framework/src/Illuminate/Pipeline/Pipeline.php(169): Illuminate\\Foundation\\Application->make('Illuminate\\\\Cook...')
#15 /Users/akimotokeiju/Desktop/vending_machine/vendor/laravel/framework/src/Illuminate/Cookie/Middleware/EncryptCookies.php(67): Illuminate\\Pipeline\\Pipeline->Illuminate\\Pipeline\\{closure}(Object(Illuminate\\Http\\Request))
#16 /Users/akimotokeiju/Desktop/vending_machine/vendor/laravel/framework/src/Illuminate/Pipeline/Pipeline.php(180): Illuminate\\Cookie\\Middleware\\EncryptCookies->handle(Object(Illuminate\\Http\\Request), Object(Closure))
#17 /Users/akimotokeiju/Desktop/vending_machine/vendor/laravel/framework/src/Illuminate/Pipeline/Pipeline.php(116): Illuminate\\Pipeline\\Pipeline->Illuminate\\Pipeline\\{closure}(Object(Illuminate\\Http\\Request))
#18 /Users/akimotokeiju/Desktop/vending_machine/vendor/laravel/framework/src/Illuminate/Routing/Router.php(797): Illuminate\\Pipeline\\Pipeline->then(Object(Closure))
#19 /Users/akimotokeiju/Desktop/vending_machine/vendor/laravel/framework/src/Illuminate/Routing/Router.php(776): Illuminate\\Routing\\Router->runRouteWithinStack(Object(Illuminate\\Routing\\Route), Object(Illuminate\\Http\\Request))
#20 /Users/akimotokeiju/Desktop/vending_machine/vendor/laravel/framework/src/Illuminate/Routing/Router.php(740): Illuminate\\Routing\\Router->runRoute(Object(Illuminate\\Http\\Request), Object(Illuminate\\Routing\\Route))
#21 /Users/akimotokeiju/Desktop/vending_machine/vendor/laravel/framework/src/Illuminate/Routing/Router.php(729): Illuminate\\Routing\\Router->dispatchToRoute(Object(Illuminate\\Http\\Request))
#22 /Users/akimotokeiju/Desktop/vending_machine/vendor/laravel/framework/src/Illuminate/Foundation/Http/Kernel.php(190): Illuminate\\Routing\\Router->dispatch(Object(Illuminate\\Http\\Request))
#23 /Users/akimotokeiju/Desktop/vending_machine/vendor/laravel/framework/src/Illuminate/Pipeline/Pipeline.php(141): Illuminate\\Foundation\\Http\\Kernel->Illuminate\\Foundation\\Http\\{closure}(Object(Illuminate\\Http\\Request))
#24 /Users/akimotokeiju/Desktop/vending_machine/vendor/laravel/framework/src/Illuminate/Foundation/Http/Middleware/TransformsRequest.php(21): Illuminate\\Pipeline\\Pipeline->Illuminate\\Pipeline\\{closure}(Object(Illuminate\\Http\\Request))
#25 /Users/akimotokeiju/Desktop/vending_machine/vendor/laravel/framework/src/Illuminate/Foundation/Http/Middleware/ConvertEmptyStringsToNull.php(31): Illuminate\\Foundation\\Http\\Middleware\\TransformsRequest->handle(Object(Illuminate\\Http\\Request), Object(Closure))
#26 /Users/akimotokeiju/Desktop/vending_machine/vendor/laravel/framework/src/Illuminate/Pipeline/Pipeline.php(180): Illuminate\\Foundation\\Http\\Middleware\\ConvertEmptyStringsToNull->handle(Object(Illuminate\\Http\\Request), Object(Closure))
#27 /Users/akimotokeiju/Desktop/vending_machine/vendor/laravel/framework/src/Illuminate/Foundation/Http/Middleware/TransformsRequest.php(21): Illuminate\\Pipeline\\Pipeline->Illuminate\\Pipeline\\{closure}(Object(Illuminate\\Http\\Request))
#28 /Users/akimotokeiju/Desktop/vending_machine/vendor/laravel/framework/src/Illuminate/Foundation/Http/Middleware/TrimStrings.php(40): Illuminate\\Foundation\\Http\\Middleware\\TransformsRequest->handle(Object(Illuminate\\Http\\Request), Object(Closure))
#29 /Users/akimotokeiju/Desktop/vending_machine/vendor/laravel/framework/src/Illuminate/Pipeline/Pipeline.php(180): Illuminate\\Foundation\\Http\\Middleware\\TrimStrings->handle(Object(Illuminate\\Http\\Request), Object(Closure))
#30 /Users/akimotokeiju/Desktop/vending_machine/vendor/laravel/framework/src/Illuminate/Foundation/Http/Middleware/ValidatePostSize.php(27): Illuminate\\Pipeline\\Pipeline->Illuminate\\Pipeline\\{closure}(Object(Illuminate\\Http\\Request))
#31 /Users/akimotokeiju/Desktop/vending_machine/vendor/laravel/framework/src/Illuminate/Pipeline/Pipeline.php(180): Illuminate\\Foundation\\Http\\Middleware\\ValidatePostSize->handle(Object(Illuminate\\Http\\Request), Object(Closure))
#32 /Users/akimotokeiju/Desktop/vending_machine/vendor/laravel/framework/src/Illuminate/Foundation/Http/Middleware/PreventRequestsDuringMaintenance.php(86): Illuminate\\Pipeline\\Pipeline->Illuminate\\Pipeline\\{closure}(Object(Illuminate\\Http\\Request))
#33 /Users/akimotokeiju/Desktop/vending_machine/vendor/laravel/framework/src/Illuminate/Pipeline/Pipeline.php(180): Illuminate\\Foundation\\Http\\Middleware\\PreventRequestsDuringMaintenance->handle(Object(Illuminate\\Http\\Request), Object(Closure))
#34 /Users/akimotokeiju/Desktop/vending_machine/vendor/laravel/framework/src/Illuminate/Http/Middleware/HandleCors.php(49): Illuminate\\Pipeline\\Pipeline->Illuminate\\Pipeline\\{closure}(Object(Illuminate\\Http\\Request))
#35 /Users/akimotokeiju/Desktop/vending_machine/vendor/laravel/framework/src/Illuminate/Pipeline/Pipeline.php(180): Illuminate\\Http\\Middleware\\HandleCors->handle(Object(Illuminate\\Http\\Request), Object(Closure))
#36 /Users/akimotokeiju/Desktop/vending_machine/vendor/laravel/framework/src/Illuminate/Http/Middleware/TrustProxies.php(39): Illuminate\\Pipeline\\Pipeline->Illuminate\\Pipeline\\{closure}(Object(Illuminate\\Http\\Request))
#37 /Users/akimotokeiju/Desktop/vending_machine/vendor/laravel/framework/src/Illuminate/Pipeline/Pipeline.php(180): Illuminate\\Http\\Middleware\\TrustProxies->handle(Object(Illuminate\\Http\\Request), Object(Closure))
#38 /Users/akimotokeiju/Desktop/vending_machine/vendor/laravel/framework/src/Illuminate/Pipeline/Pipeline.php(116): Illuminate\\Pipeline\\Pipeline->Illuminate\\Pipeline\\{closure}(Object(Illuminate\\Http\\Request))
#39 /Users/akimotokeiju/Desktop/vending_machine/vendor/laravel/framework/src/Illuminate/Foundation/Http/Kernel.php(165): Illuminate\\Pipeline\\Pipeline->then(Object(Closure))
#40 /Users/akimotokeiju/Desktop/vending_machine/vendor/laravel/framework/src/Illuminate/Foundation/Http/Kernel.php(134): Illuminate\\Foundation\\Http\\Kernel->sendRequestThroughRouter(Object(Illuminate\\Http\\Request))
#41 /Users/akimotokeiju/Desktop/vending_machine/public/index.php(51): Illuminate\\Foundation\\Http\\Kernel->handle(Object(Illuminate\\Http\\Request))
#42 {main}
"} 
[2026-08-16 13:10:16] laravel.EMERGENCY: Unable to create configured logger. Using emergency logger. {"exception":"[object] (InvalidArgumentException(code: 0): Log [] is not defined. at /Users/akimotokeiju/Desktop/vending_machine/vendor/laravel/framework/src/Illuminate/Log/LogManager.php:210)
[stacktrace]
#0 /Users/akimotokeiju/Desktop/vending_machine/vendor/laravel/framework/src/Illuminate/Log/LogManager.php(135): Illuminate\\Log\\LogManager->resolve(NULL, NULL)
#1 /Users/akimotokeiju/Desktop/vending_machine/vendor/laravel/framework/src/Illuminate/Log/LogManager.php(122): Illuminate\\Log\\LogManager->get(NULL)
#2 /Users/akimotokeiju/Desktop/vending_machine/vendor/laravel/framework/src/Illuminate/Log/LogManager.php(645): Illuminate\\Log\\LogManager->driver()
#3 /Users/akimotokeiju/Desktop/vending_machine/vendor/laravel/framework/src/Illuminate/Foundation/Exceptions/Handler.php(274): Illuminate\\Log\\LogManager->error('Trying to acces...', Array)
#4 /Users/akimotokeiju/Desktop/vending_machine/vendor/laravel/framework/src/Illuminate/Foundation/Bootstrap/HandleExceptions.php(198): Illuminate\\Foundation\\Exceptions\\Handler->report(Object(ErrorException))
#5 /Users/akimotokeiju/Desktop/vending_machine/vendor/laravel/framework/src/Illuminate/Foundation/Bootstrap/HandleExceptions.php(270): Illuminate\\Foundation\\Bootstrap\\HandleExceptions->handleException(Object(ErrorException))
#6 [internal function]: Illuminate\\Foundation\\Bootstrap\\HandleExceptions->Illuminate\\Foundation\\Bootstrap\\{closure}(Object(ErrorException))
#7 {main}
"} 
[2026-08-16 13:10:16] laravel.ERROR: Trying to access array offset on value of type null {"exception":"[object] (ErrorException(code: 0): Trying to access array offset on value of type null at /Users/akimotokeiju/Desktop/vending_machine/vendor/laravel/framework/src/Illuminate/Cookie/CookieServiceProvider.php:20)
[stacktrace]
#0 /Users/akimotokeiju/Desktop/vending_machine/vendor/laravel/framework/src/Illuminate/Foundation/Bootstrap/HandleExceptions.php(270): Illuminate\\Foundation\\Bootstrap\\HandleExceptions->handleError(2, 'Trying to acces...', '/Users/akimotok...', 20)
#1 /Users/akimotokeiju/Desktop/vending_machine/vendor/laravel/framework/src/Illuminate/Cookie/CookieServiceProvider.php(20): Illuminate\\Foundation\\Bootstrap\\HandleExceptions->Illuminate\\Foundation\\Bootstrap\\{closure}(2, 'Trying to acces...', '/Users/akimotok...', 20)
#2 /Users/akimotokeiju/Desktop/vending_machine/vendor/laravel/framework/src/Illuminate/Container/Container.php(885): Illuminate\\Cookie\\CookieServiceProvider->Illuminate\\Cookie\\{closure}(Object(Illuminate\\Foundation\\Application), Array)
#3 /Users/akimotokeiju/Desktop/vending_machine/vendor/laravel/framework/src/Illuminate/Container/Container.php(770): Illuminate\\Container\\Container->build(Object(Closure))
#4 /Users/akimotokeiju/Desktop/vending_machine/vendor/laravel/framework/src/Illuminate/Foundation/Application.php(881): Illuminate\\Container\\Container->resolve('cookie', Array, true)
#5 /Users/akimotokeiju/Desktop/vending_machine/vendor/laravel/framework/src/Illuminate/Container/Container.php(706): Illuminate\\Foundation\\Application->resolve('cookie', Array)
#6 /Users/akimotokeiju/Desktop/vending_machine/vendor/laravel/framework/src/Illuminate/Foundation/Application.php(866): Illuminate\\Container\\Container->make('cookie', Array)
#7 /Users/akimotokeiju/Desktop/vending_machine/vendor/laravel/framework/src/Illuminate/Container/Container.php(1043): Illuminate\\Foundation\\Application->make('cookie')
#8 /Users/akimotokeiju/Desktop/vending_machine/vendor/laravel/framework/src/Illuminate/Container/Container.php(959): Illuminate\\Container\\Container->resolveClass(Object(ReflectionParameter))
#9 /Users/akimotokeiju/Desktop/vending_machine/vendor/laravel/framework/src/Illuminate/Container/Container.php(920): Illuminate\\Container\\Container->resolveDependencies(Array)
#10 /Users/akimotokeiju/Desktop/vending_machine/vendor/laravel/framework/src/Illuminate/Container/Container.php(770): Illuminate\\Container\\Container->build('Illuminate\\\\Cook...')
#11 /Users/akimotokeiju/Desktop/vending_machine/vendor/laravel/framework/src/Illuminate/Foundation/Application.php(881): Illuminate\\Container\\Container->resolve('Illuminate\\\\Cook...', Array, true)
#12 /Users/akimotokeiju/Desktop/vending_machine/vendor/laravel/framework/src/Illuminate/Container/Container.php(706): Illuminate\\Foundation\\Application->resolve('Illuminate\\\\Cook...', Array)
#13 /Users/akimotokeiju/Desktop/vending_machine/vendor/laravel/framework/src/Illuminate/Foundation/Application.php(866): Illuminate\\Container\\Container->make('Illuminate\\\\Cook...', Array)
#14 /Users/akimotokeiju/Desktop/vending_machine/vendor/laravel/framework/src/Illuminate/Foundation/Http/Kernel.php(239): Illuminate\\Foundation\\Application->make('Illuminate\\\\Cook...')
#15 /Users/akimotokeiju/Desktop/vending_machine/vendor/laravel/framework/src/Illuminate/Foundation/Http/Kernel.php(203): Illuminate\\Foundation\\Http\\Kernel->terminateMiddleware(Object(Illuminate\\Http\\Request), Object(Illuminate\\Http\\Response))
#16 /Users/akimotokeiju/Desktop/vending_machine/public/index.php(55): Illuminate\\Foundation\\Http\\Kernel->terminate(Object(Illuminate\\Http\\Request), Object(Illuminate\\Http\\Response))
#17 {main}
"} 
[2026-08-16 13:10:30] laravel.EMERGENCY: Unable to create configured logger. Using emergency logger. {"exception":"[object] (InvalidArgumentException(code: 0): Log [] is not defined. at /Users/akimotokeiju/Desktop/vending_machine/vendor/laravel/framework/src/Illuminate/Log/LogManager.php:210)
[stacktrace]
#0 /Users/akimotokeiju/Desktop/vending_machine/vendor/laravel/framework/src/Illuminate/Log/LogManager.php(135): Illuminate\\Log\\LogManager->resolve(NULL, NULL)
#1 /Users/akimotokeiju/Desktop/vending_machine/vendor/laravel/framework/src/Illuminate/Log/LogManager.php(122): Illuminate\\Log\\LogManager->get(NULL)
#2 /Users/akimotokeiju/Desktop/vending_machine/vendor/laravel/framework/src/Illuminate/Log/LogManager.php(645): Illuminate\\Log\\LogManager->driver()
#3 /Users/akimotokeiju/Desktop/vending_machine/vendor/laravel/framework/src/Illuminate/Foundation/Exceptions/Handler.php(274): Illuminate\\Log\\LogManager->error('Trying to acces...', Array)
#4 /Users/akimotokeiju/Desktop/vending_machine/vendor/laravel/framework/src/Illuminate/Routing/Pipeline.php(49): Illuminate\\Foundation\\Exceptions\\Handler->report(Object(ErrorException))
#5 /Users/akimotokeiju/Desktop/vending_machine/vendor/laravel/framework/src/Illuminate/Pipeline/Pipeline.php(185): Illuminate\\Routing\\Pipeline->handleException(Object(Illuminate\\Http\\Request), Object(ErrorException))
#6 /Users/akimotokeiju/Desktop/vending_machine/vendor/laravel/framework/src/Illuminate/Cookie/Middleware/EncryptCookies.php(67): Illuminate\\Pipeline\\Pipeline->Illuminate\\Pipeline\\{closure}(Object(Illuminate\\Http\\Request))
#7 /Users/akimotokeiju/Desktop/vending_machine/vendor/laravel/framework/src/Illuminate/Pipeline/Pipeline.php(180): Illuminate\\Cookie\\Middleware\\EncryptCookies->handle(Object(Illuminate\\Http\\Request), Object(Closure))
#8 /Users/akimotokeiju/Desktop/vending_machine/vendor/laravel/framework/src/Illuminate/Pipeline/Pipeline.php(116): Illuminate\\Pipeline\\Pipeline->Illuminate\\Pipeline\\{closure}(Object(Illuminate\\Http\\Request))
#9 /Users/akimotokeiju/Desktop/vending_machine/vendor/laravel/framework/src/Illuminate/Routing/Router.php(797): Illuminate\\Pipeline\\Pipeline->then(Object(Closure))
#10 /Users/akimotokeiju/Desktop/vending_machine/vendor/laravel/framework/src/Illuminate/Routing/Router.php(776): Illuminate\\Routing\\Router->runRouteWithinStack(Object(Illuminate\\Routing\\Route), Object(Illuminate\\Http\\Request))
#11 /Users/akimotokeiju/Desktop/vending_machine/vendor/laravel/framework/src/Illuminate/Routing/Router.php(740): Illuminate\\Routing\\Router->runRoute(Object(Illuminate\\Http\\Request), Object(Illuminate\\Routing\\Route))
#12 /Users/akimotokeiju/Desktop/vending_machine/vendor/laravel/framework/src/Illuminate/Routing/Router.php(729): Illuminate\\Routing\\Router->dispatchToRoute(Object(Illuminate\\Http\\Request))
#13 /Users/akimotokeiju/Desktop/vending_machine/vendor/laravel/framework/src/Illuminate/Foundation/Http/Kernel.php(190): Illuminate\\Routing\\Router->dispatch(Object(Illuminate\\Http\\Request))
#14 /Users/akimotokeiju/Desktop/vending_machine/vendor/laravel/framework/src/Illuminate/Pipeline/Pipeline.php(141): Illuminate\\Foundation\\Http\\Kernel->Illuminate\\Foundation\\Http\\{closure}(Object(Illuminate\\Http\\Request))
#15 /Users/akimotokeiju/Desktop/vending_machine/vendor/laravel/framework/src/Illuminate/Foundation/Http/Middleware/TransformsRequest.php(21): Illuminate\\Pipeline\\Pipeline->Illuminate\\Pipeline\\{closure}(Object(Illuminate\\Http\\Request))
#16 /Users/akimotokeiju/Desktop/vending_machine/vendor/laravel/framework/src/Illuminate/Foundation/Http/Middleware/ConvertEmptyStringsToNull.php(31): Illuminate\\Foundation\\Http\\Middleware\\TransformsRequest->handle(Object(Illuminate\\Http\\Request), Object(Closure))
#17 /Users/akimotokeiju/Desktop/vending_machine/vendor/laravel/framework/src/Illuminate/Pipeline/Pipeline.php(180): Illuminate\\Foundation\\Http\\Middleware\\ConvertEmptyStringsToNull->handle(Object(Illuminate\\Http\\Request), Object(Closure))
#18 /Users/akimotokeiju/Desktop/vending_machine/vendor/laravel/framework/src/Illuminate/Foundation/Http/Middleware/TransformsRequest.php(21): Illuminate\\Pipeline\\Pipeline->Illuminate\\Pipeline\\{closure}(Object(Illuminate\\Http\\Request))
#19 /Users/akimotokeiju/Desktop/vending_machine/vendor/laravel/framework/src/Illuminate/Foundation/Http/Middleware/TrimStrings.php(40): Illuminate\\Foundation\\Http\\Middleware\\TransformsRequest->handle(Object(Illuminate\\Http\\Request), Object(Closure))
#20 /Users/akimotokeiju/Desktop/vending_machine/vendor/laravel/framework/src/Illuminate/Pipeline/Pipeline.php(180): Illuminate\\Foundation\\Http\\Middleware\\TrimStrings->handle(Object(Illuminate\\Http\\Request), Object(Closure))
#21 /Users/akimotokeiju/Desktop/vending_machine/vendor/laravel/framework/src/Illuminate/Foundation/Http/Middleware/ValidatePostSize.php(27): Illuminate\\Pipeline\\Pipeline->Illuminate\\Pipeline\\{closure}(Object(Illuminate\\Http\\Request))
#22 /Users/akimotokeiju/Desktop/vending_machine/vendor/laravel/framework/src/Illuminate/Pipeline/Pipeline.php(180): Illuminate\\Foundation\\Http\\Middleware\\ValidatePostSize->handle(Object(Illuminate\\Http\\Request), Object(Closure))
#23 /Users/akimotokeiju/Desktop/vending_machine/vendor/laravel/framework/src/Illuminate/Foundation/Http/Middleware/PreventRequestsDuringMaintenance.php(86): Illuminate\\Pipeline\\Pipeline->Illuminate\\Pipeline\\{closure}(Object(Illuminate\\Http\\Request))
#24 /Users/akimotokeiju/Desktop/vending_machine/vendor/laravel/framework/src/Illuminate/Pipeline/Pipeline.php(180): Illuminate\\Foundation\\Http\\Middleware\\PreventRequestsDuringMaintenance->handle(Object(Illuminate\\Http\\Request), Object(Closure))
#25 /Users/akimotokeiju/Desktop/vending_machine/vendor/laravel/framework/src/Illuminate/Http/Middleware/HandleCors.php(49): Illuminate\\Pipeline\\Pipeline->Illuminate\\Pipeline\\{closure}(Object(Illuminate\\Http\\Request))
#26 /Users/akimotokeiju/Desktop/vending_machine/vendor/laravel/framework/src/Illuminate/Pipeline/Pipeline.php(180): Illuminate\\Http\\Middleware\\HandleCors->handle(Object(Illuminate\\Http\\Request), Object(Closure))
#27 /Users/akimotokeiju/Desktop/vending_machine/vendor/laravel/framework/src/Illuminate/Http/Middleware/TrustProxies.php(39): Illuminate\\Pipeline\\Pipeline->Illuminate\\Pipeline\\{closure}(Object(Illuminate\\Http\\Request))
#28 /Users/akimotokeiju/Desktop/vending_machine/vendor/laravel/framework/src/Illuminate/Pipeline/Pipeline.php(180): Illuminate\\Http\\Middleware\\TrustProxies->handle(Object(Illuminate\\Http\\Request), Object(Closure))
#29 /Users/akimotokeiju/Desktop/vending_machine/vendor/laravel/framework/src/Illuminate/Pipeline/Pipeline.php(116): Illuminate\\Pipeline\\Pipeline->Illuminate\\Pipeline\\{closure}(Object(Illuminate\\Http\\Request))
#30 /Users/akimotokeiju/Desktop/vending_machine/vendor/laravel/framework/src/Illuminate/Foundation/Http/Kernel.php(165): Illuminate\\Pipeline\\Pipeline->then(Object(Closure))
#31 /Users/akimotokeiju/Desktop/vending_machine/vendor/laravel/framework/src/Illuminate/Foundation/Http/Kernel.php(134): Illuminate\\Foundation\\Http\\Kernel->sendRequestThroughRouter(Object(Illuminate\\Http\\Request))
#32 /Users/akimotokeiju/Desktop/vending_machine/public/index.php(51): Illuminate\\Foundation\\Http\\Kernel->handle(Object(Illuminate\\Http\\Request))
#33 {main}
"} 
[2026-08-16 13:10:30] laravel.ERROR: Trying to access array offset on value of type null {"exception":"[object] (ErrorException(code: 0): Trying to access array offset on value of type null at /Users/akimotokeiju/Desktop/vending_machine/vendor/laravel/framework/src/Illuminate/Cookie/CookieServiceProvider.php:20)
[stacktrace]
#0 /Users/akimotokeiju/Desktop/vending_machine/vendor/laravel/framework/src/Illuminate/Foundation/Bootstrap/HandleExceptions.php(270): Illuminate\\Foundation\\Bootstrap\\HandleExceptions->handleError(2, 'Trying to acces...', '/Users/akimotok...', 20)
#1 /Users/akimotokeiju/Desktop/vending_machine/vendor/laravel/framework/src/Illuminate/Cookie/CookieServiceProvider.php(20): Illuminate\\Foundation\\Bootstrap\\HandleExceptions->Illuminate\\Foundation\\Bootstrap\\{closure}(2, 'Trying to acces...', '/Users/akimotok...', 20)
#2 /Users/akimotokeiju/Desktop/vending_machine/vendor/laravel/framework/src/Illuminate/Container/Container.php(885): Illuminate\\Cookie\\CookieServiceProvider->Illuminate\\Cookie\\{closure}(Object(Illuminate\\Foundation\\Application), Array)
#3 /Users/akimotokeiju/Desktop/vending_machine/vendor/laravel/framework/src/Illuminate/Container/Container.php(770): Illuminate\\Container\\Container->build(Object(Closure))
#4 /Users/akimotokeiju/Desktop/vending_machine/vendor/laravel/framework/src/Illuminate/Foundation/Application.php(881): Illuminate\\Container\\Container->resolve('cookie', Array, true)
#5 /Users/akimotokeiju/Desktop/vending_machine/vendor/laravel/framework/src/Illuminate/Container/Container.php(706): Illuminate\\Foundation\\Application->resolve('cookie', Array)
#6 /Users/akimotokeiju/Desktop/vending_machine/vendor/laravel/framework/src/Illuminate/Foundation/Application.php(866): Illuminate\\Container\\Container->make('cookie', Array)
#7 /Users/akimotokeiju/Desktop/vending_machine/vendor/laravel/framework/src/Illuminate/Container/Container.php(1043): Illuminate\\Foundation\\Application->make('cookie')
#8 /Users/akimotokeiju/Desktop/vending_machine/vendor/laravel/framework/src/Illuminate/Container/Container.php(959): Illuminate\\Container\\Container->resolveClass(Object(ReflectionParameter))
#9 /Users/akimotokeiju/Desktop/vending_machine/vendor/laravel/framework/src/Illuminate/Container/Container.php(920): Illuminate\\Container\\Container->resolveDependencies(Array)
#10 /Users/akimotokeiju/Desktop/vending_machine/vendor/laravel/framework/src/Illuminate/Container/Container.php(770): Illuminate\\Container\\Container->build('Illuminate\\\\Cook...')
#11 /Users/akimotokeiju/Desktop/vending_machine/vendor/laravel/framework/src/Illuminate/Foundation/Application.php(881): Illuminate\\Container\\Container->resolve('Illuminate\\\\Cook...', Array, true)
#12 /Users/akimotokeiju/Desktop/vending_machine/vendor/laravel/framework/src/Illuminate/Container/Container.php(706): Illuminate\\Foundation\\Application->resolve('Illuminate\\\\Cook...', Array)
#13 /Users/akimotokeiju/Desktop/vending_machine/vendor/laravel/framework/src/Illuminate/Foundation/Application.php(866): Illuminate\\Container\\Container->make('Illuminate\\\\Cook...', Array)
#14 /Users/akimotokeiju/Desktop/vending_machine/vendor/laravel/framework/src/Illuminate/Pipeline/Pipeline.php(169): Illuminate\\Foundation\\Application->make('Illuminate\\\\Cook...')
#15 /Users/akimotokeiju/Desktop/vending_machine/vendor/laravel/framework/src/Illuminate/Cookie/Middleware/EncryptCookies.php(67): Illuminate\\Pipeline\\Pipeline->Illuminate\\Pipeline\\{closure}(Object(Illuminate\\Http\\Request))
#16 /Users/akimotokeiju/Desktop/vending_machine/vendor/laravel/framework/src/Illuminate/Pipeline/Pipeline.php(180): Illuminate\\Cookie\\Middleware\\EncryptCookies->handle(Object(Illuminate\\Http\\Request), Object(Closure))
#17 /Users/akimotokeiju/Desktop/vending_machine/vendor/laravel/framework/src/Illuminate/Pipeline/Pipeline.php(116): Illuminate\\Pipeline\\Pipeline->Illuminate\\Pipeline\\{closure}(Object(Illuminate\\Http\\Request))
#18 /Users/akimotokeiju/Desktop/vending_machine/vendor/laravel/framework/src/Illuminate/Routing/Router.php(797): Illuminate\\Pipeline\\Pipeline->then(Object(Closure))
#19 /Users/akimotokeiju/Desktop/vending_machine/vendor/laravel/framework/src/Illuminate/Routing/Router.php(776): Illuminate\\Routing\\Router->runRouteWithinStack(Object(Illuminate\\Routing\\Route), Object(Illuminate\\Http\\Request))
#20 /Users/akimotokeiju/Desktop/vending_machine/vendor/laravel/framework/src/Illuminate/Routing/Router.php(740): Illuminate\\Routing\\Router->runRoute(Object(Illuminate\\Http\\Request), Object(Illuminate\\Routing\\Route))
#21 /Users/akimotokeiju/Desktop/vending_machine/vendor/laravel/framework/src/Illuminate/Routing/Router.php(729): Illuminate\\Routing\\Router->dispatchToRoute(Object(Illuminate\\Http\\Request))
#22 /Users/akimotokeiju/Desktop/vending_machine/vendor/laravel/framework/src/Illuminate/Foundation/Http/Kernel.php(190): Illuminate\\Routing\\Router->dispatch(Object(Illuminate\\Http\\Request))
#23 /Users/akimotokeiju/Desktop/vending_machine/vendor/laravel/framework/src/Illuminate/Pipeline/Pipeline.php(141): Illuminate\\Foundation\\Http\\Kernel->Illuminate\\Foundation\\Http\\{closure}(Object(Illuminate\\Http\\Request))
#24 /Users/akimotokeiju/Desktop/vending_machine/vendor/laravel/framework/src/Illuminate/Foundation/Http/Middleware/TransformsRequest.php(21): Illuminate\\Pipeline\\Pipeline->Illuminate\\Pipeline\\{closure}(Object(Illuminate\\Http\\Request))
#25 /Users/akimotokeiju/Desktop/vending_machine/vendor/laravel/framework/src/Illuminate/Foundation/Http/Middleware/ConvertEmptyStringsToNull.php(31): Illuminate\\Foundation\\Http\\Middleware\\TransformsRequest->handle(Object(Illuminate\\Http\\Request), Object(Closure))
#26 /Users/akimotokeiju/Desktop/vending_machine/vendor/laravel/framework/src/Illuminate/Pipeline/Pipeline.php(180): Illuminate\\Foundation\\Http\\Middleware\\ConvertEmptyStringsToNull->handle(Object(Illuminate\\Http\\Request), Object(Closure))
#27 /Users/akimotokeiju/Desktop/vending_machine/vendor/laravel/framework/src/Illuminate/Foundation/Http/Middleware/TransformsRequest.php(21): Illuminate\\Pipeline\\Pipeline->Illuminate\\Pipeline\\{closure}(Object(Illuminate\\Http\\Request))
#28 /Users/akimotokeiju/Desktop/vending_machine/vendor/laravel/framework/src/Illuminate/Foundation/Http/Middleware/TrimStrings.php(40): Illuminate\\Foundation\\Http\\Middleware\\TransformsRequest->handle(Object(Illuminate\\Http\\Request), Object(Closure))
#29 /Users/akimotokeiju/Desktop/vending_machine/vendor/laravel/framework/src/Illuminate/Pipeline/Pipeline.php(180): Illuminate\\Foundation\\Http\\Middleware\\TrimStrings->handle(Object(Illuminate\\Http\\Request), Object(Closure))
#30 /Users/akimotokeiju/Desktop/vending_machine/vendor/laravel/framework/src/Illuminate/Foundation/Http/Middleware/ValidatePostSize.php(27): Illuminate\\Pipeline\\Pipeline->Illuminate\\Pipeline\\{closure}(Object(Illuminate\\Http\\Request))
#31 /Users/akimotokeiju/Desktop/vending_machine/vendor/laravel/framework/src/Illuminate/Pipeline/Pipeline.php(180): Illuminate\\Foundation\\Http\\Middleware\\ValidatePostSize->handle(Object(Illuminate\\Http\\Request), Object(Closure))
#32 /Users/akimotokeiju/Desktop/vending_machine/vendor/laravel/framework/src/Illuminate/Foundation/Http/Middleware/PreventRequestsDuringMaintenance.php(86): Illuminate\\Pipeline\\Pipeline->Illuminate\\Pipeline\\{closure}(Object(Illuminate\\Http\\Request))
#33 /Users/akimotokeiju/Desktop/vending_machine/vendor/laravel/framework/src/Illuminate/Pipeline/Pipeline.php(180): Illuminate\\Foundation\\Http\\Middleware\\PreventRequestsDuringMaintenance->handle(Object(Illuminate\\Http\\Request), Object(Closure))
#34 /Users/akimotokeiju/Desktop/vending_machine/vendor/laravel/framework/src/Illuminate/Http/Middleware/HandleCors.php(49): Illuminate\\Pipeline\\Pipeline->Illuminate\\Pipeline\\{closure}(Object(Illuminate\\Http\\Request))
#35 /Users/akimotokeiju/Desktop/vending_machine/vendor/laravel/framework/src/Illuminate/Pipeline/Pipeline.php(180): Illuminate\\Http\\Middleware\\HandleCors->handle(Object(Illuminate\\Http\\Request), Object(Closure))
#36 /Users/akimotokeiju/Desktop/vending_machine/vendor/laravel/framework/src/Illuminate/Http/Middleware/TrustProxies.php(39): Illuminate\\Pipeline\\Pipeline->Illuminate\\Pipeline\\{closure}(Object(Illuminate\\Http\\Request))
#37 /Users/akimotokeiju/Desktop/vending_machine/vendor/laravel/framework/src/Illuminate/Pipeline/Pipeline.php(180): Illuminate\\Http\\Middleware\\TrustProxies->handle(Object(Illuminate\\Http\\Request), Object(Closure))
#38 /Users/akimotokeiju/Desktop/vending_machine/vendor/laravel/framework/src/Illuminate/Pipeline/Pipeline.php(116): Illuminate\\Pipeline\\Pipeline->Illuminate\\Pipeline\\{closure}(Object(Illuminate\\Http\\Request))
#39 /Users/akimotokeiju/Desktop/vending_machine/vendor/laravel/framework/src/Illuminate/Foundation/Http/Kernel.php(165): Illuminate\\Pipeline\\Pipeline->then(Object(Closure))
#40 /Users/akimotokeiju/Desktop/vending_machine/vendor/laravel/framework/src/Illuminate/Foundation/Http/Kernel.php(134): Illuminate\\Foundation\\Http\\Kernel->sendRequestThroughRouter(Object(Illuminate\\Http\\Request))
#41 /Users/akimotokeiju/Desktop/vending_machine/public/index.php(51): Illuminate\\Foundation\\Http\\Kernel->handle(Object(Illuminate\\Http\\Request))
#42 {main}
"} 
[2026-08-16 13:10:30] laravel.EMERGENCY: Unable to create configured logger. Using emergency logger. {"exception":"[object] (InvalidArgumentException(code: 0): Log [] is not defined. at /Users/akimotokeiju/Desktop/vending_machine/vendor/laravel/framework/src/Illuminate/Log/LogManager.php:210)
[stacktrace]
#0 /Users/akimotokeiju/Desktop/vending_machine/vendor/laravel/framework/src/Illuminate/Log/LogManager.php(135): Illuminate\\Log\\LogManager->resolve(NULL, NULL)
#1 /Users/akimotokeiju/Desktop/vending_machine/vendor/laravel/framework/src/Illuminate/Log/LogManager.php(122): Illuminate\\Log\\LogManager->get(NULL)
#2 /Users/akimotokeiju/Desktop/vending_machine/vendor/laravel/framework/src/Illuminate/Log/LogManager.php(645): Illuminate\\Log\\LogManager->driver()
#3 /Users/akimotokeiju/Desktop/vending_machine/vendor/laravel/framework/src/Illuminate/Foundation/Exceptions/Handler.php(274): Illuminate\\Log\\LogManager->error('Trying to acces...', Array)
#4 /Users/akimotokeiju/Desktop/vending_machine/vendor/laravel/framework/src/Illuminate/Foundation/Bootstrap/HandleExceptions.php(198): Illuminate\\Foundation\\Exceptions\\Handler->report(Object(ErrorException))
#5 /Users/akimotokeiju/Desktop/vending_machine/vendor/laravel/framework/src/Illuminate/Foundation/Bootstrap/HandleExceptions.php(270): Illuminate\\Foundation\\Bootstrap\\HandleExceptions->handleException(Object(ErrorException))
#6 [internal function]: Illuminate\\Foundation\\Bootstrap\\HandleExceptions->Illuminate\\Foundation\\Bootstrap\\{closure}(Object(ErrorException))
#7 {main}
"} 
[2026-08-16 13:10:30] laravel.ERROR: Trying to access array offset on value of type null {"exception":"[object] (ErrorException(code: 0): Trying to access array offset on value of type null at /Users/akimotokeiju/Desktop/vending_machine/vendor/laravel/framework/src/Illuminate/Cookie/CookieServiceProvider.php:20)
[stacktrace]
#0 /Users/akimotokeiju/Desktop/vending_machine/vendor/laravel/framework/src/Illuminate/Foundation/Bootstrap/HandleExceptions.php(270): Illuminate\\Foundation\\Bootstrap\\HandleExceptions->handleError(2, 'Trying to acces...', '/Users/akimotok...', 20)
#1 /Users/akimotokeiju/Desktop/vending_machine/vendor/laravel/framework/src/Illuminate/Cookie/CookieServiceProvider.php(20): Illuminate\\Foundation\\Bootstrap\\HandleExceptions->Illuminate\\Foundation\\Bootstrap\\{closure}(2, 'Trying to acces...', '/Users/akimotok...', 20)
#2 /Users/akimotokeiju/Desktop/vending_machine/vendor/laravel/framework/src/Illuminate/Container/Container.php(885): Illuminate\\Cookie\\CookieServiceProvider->Illuminate\\Cookie\\{closure}(Object(Illuminate\\Foundation\\Application), Array)
#3 /Users/akimotokeiju/Desktop/vending_machine/vendor/laravel/framework/src/Illuminate/Container/Container.php(770): Illuminate\\Container\\Container->build(Object(Closure))
#4 /Users/akimotokeiju/Desktop/vending_machine/vendor/laravel/framework/src/Illuminate/Foundation/Application.php(881): Illuminate\\Container\\Container->resolve('cookie', Array, true)
#5 /Users/akimotokeiju/Desktop/vending_machine/vendor/laravel/framework/src/Illuminate/Container/Container.php(706): Illuminate\\Foundation\\Application->resolve('cookie', Array)
#6 /Users/akimotokeiju/Desktop/vending_machine/vendor/laravel/framework/src/Illuminate/Foundation/Application.php(866): Illuminate\\Container\\Container->make('cookie', Array)
#7 /Users/akimotokeiju/Desktop/vending_machine/vendor/laravel/framework/src/Illuminate/Container/Container.php(1043): Illuminate\\Foundation\\Application->make('cookie')
#8 /Users/akimotokeiju/Desktop/vending_machine/vendor/laravel/framework/src/Illuminate/Container/Container.php(959): Illuminate\\Container\\Container->resolveClass(Object(ReflectionParameter))
#9 /Users/akimotokeiju/Desktop/vending_machine/vendor/laravel/framework/src/Illuminate/Container/Container.php(920): Illuminate\\Container\\Container->resolveDependencies(Array)
#10 /Users/akimotokeiju/Desktop/vending_machine/vendor/laravel/framework/src/Illuminate/Container/Container.php(770): Illuminate\\Container\\Container->build('Illuminate\\\\Cook...')
#11 /Users/akimotokeiju/Desktop/vending_machine/vendor/laravel/framework/src/Illuminate/Foundation/Application.php(881): Illuminate\\Container\\Container->resolve('Illuminate\\\\Cook...', Array, true)
#12 /Users/akimotokeiju/Desktop/vending_machine/vendor/laravel/framework/src/Illuminate/Container/Container.php(706): Illuminate\\Foundation\\Application->resolve('Illuminate\\\\Cook...', Array)
#13 /Users/akimotokeiju/Desktop/vending_machine/vendor/laravel/framework/src/Illuminate/Foundation/Application.php(866): Illuminate\\Container\\Container->make('Illuminate\\\\Cook...', Array)
#14 /Users/akimotokeiju/Desktop/vending_machine/vendor/laravel/framework/src/Illuminate/Foundation/Http/Kernel.php(239): Illuminate\\Foundation\\Application->make('Illuminate\\\\Cook...')
#15 /Users/akimotokeiju/Desktop/vending_machine/vendor/laravel/framework/src/Illuminate/Foundation/Http/Kernel.php(203): Illuminate\\Foundation\\Http\\Kernel->terminateMiddleware(Object(Illuminate\\Http\\Request), Object(Illuminate\\Http\\Response))
#16 /Users/akimotokeiju/Desktop/vending_machine/public/index.php(55): Illuminate\\Foundation\\Http\\Kernel->terminate(Object(Illuminate\\Http\\Request), Object(Illuminate\\Http\\Response))
#17 {main}
"} 
[2026-08-16 13:12:37] laravel.EMERGENCY: Unable to create configured logger. Using emergency logger. {"exception":"[object] (InvalidArgumentException(code: 0): Log [] is not defined. at /Users/akimotokeiju/Desktop/vending_machine/vendor/laravel/framework/src/Illuminate/Log/LogManager.php:210)
[stacktrace]
#0 /Users/akimotokeiju/Desktop/vending_machine/vendor/laravel/framework/src/Illuminate/Log/LogManager.php(135): Illuminate\\Log\\LogManager->resolve(NULL, NULL)
#1 /Users/akimotokeiju/Desktop/vending_machine/vendor/laravel/framework/src/Illuminate/Log/LogManager.php(122): Illuminate\\Log\\LogManager->get(NULL)
#2 /Users/akimotokeiju/Desktop/vending_machine/vendor/laravel/framework/src/Illuminate/Log/LogManager.php(645): Illuminate\\Log\\LogManager->driver()
#3 /Users/akimotokeiju/Desktop/vending_machine/vendor/laravel/framework/src/Illuminate/Foundation/Exceptions/Handler.php(274): Illuminate\\Log\\LogManager->error('Trying to acces...', Array)
#4 /Users/akimotokeiju/Desktop/vending_machine/vendor/laravel/framework/src/Illuminate/Routing/Pipeline.php(49): Illuminate\\Foundation\\Exceptions\\Handler->report(Object(ErrorException))
#5 /Users/akimotokeiju/Desktop/vending_machine/vendor/laravel/framework/src/Illuminate/Pipeline/Pipeline.php(185): Illuminate\\Routing\\Pipeline->handleException(Object(Illuminate\\Http\\Request), Object(ErrorException))
#6 /Users/akimotokeiju/Desktop/vending_machine/vendor/laravel/framework/src/Illuminate/Cookie/Middleware/EncryptCookies.php(67): Illuminate\\Pipeline\\Pipeline->Illuminate\\Pipeline\\{closure}(Object(Illuminate\\Http\\Request))
#7 /Users/akimotokeiju/Desktop/vending_machine/vendor/laravel/framework/src/Illuminate/Pipeline/Pipeline.php(180): Illuminate\\Cookie\\Middleware\\EncryptCookies->handle(Object(Illuminate\\Http\\Request), Object(Closure))
#8 /Users/akimotokeiju/Desktop/vending_machine/vendor/laravel/framework/src/Illuminate/Pipeline/Pipeline.php(116): Illuminate\\Pipeline\\Pipeline->Illuminate\\Pipeline\\{closure}(Object(Illuminate\\Http\\Request))
#9 /Users/akimotokeiju/Desktop/vending_machine/vendor/laravel/framework/src/Illuminate/Routing/Router.php(797): Illuminate\\Pipeline\\Pipeline->then(Object(Closure))
#10 /Users/akimotokeiju/Desktop/vending_machine/vendor/laravel/framework/src/Illuminate/Routing/Router.php(776): Illuminate\\Routing\\Router->runRouteWithinStack(Object(Illuminate\\Routing\\Route), Object(Illuminate\\Http\\Request))
#11 /Users/akimotokeiju/Desktop/vending_machine/vendor/laravel/framework/src/Illuminate/Routing/Router.php(740): Illuminate\\Routing\\Router->runRoute(Object(Illuminate\\Http\\Request), Object(Illuminate\\Routing\\Route))
#12 /Users/akimotokeiju/Desktop/vending_machine/vendor/laravel/framework/src/Illuminate/Routing/Router.php(729): Illuminate\\Routing\\Router->dispatchToRoute(Object(Illuminate\\Http\\Request))
#13 /Users/akimotokeiju/Desktop/vending_machine/vendor/laravel/framework/src/Illuminate/Foundation/Http/Kernel.php(190): Illuminate\\Routing\\Router->dispatch(Object(Illuminate\\Http\\Request))
#14 /Users/akimotokeiju/Desktop/vending_machine/vendor/laravel/framework/src/Illuminate/Pipeline/Pipeline.php(141): Illuminate\\Foundation\\Http\\Kernel->Illuminate\\Foundation\\Http\\{closure}(Object(Illuminate\\Http\\Request))
#15 /Users/akimotokeiju/Desktop/vending_machine/vendor/laravel/framework/src/Illuminate/Foundation/Http/Middleware/TransformsRequest.php(21): Illuminate\\Pipeline\\Pipeline->Illuminate\\Pipeline\\{closure}(Object(Illuminate\\Http\\Request))
#16 /Users/akimotokeiju/Desktop/vending_machine/vendor/laravel/framework/src/Illuminate/Foundation/Http/Middleware/ConvertEmptyStringsToNull.php(31): Illuminate\\Foundation\\Http\\Middleware\\TransformsRequest->handle(Object(Illuminate\\Http\\Request), Object(Closure))
#17 /Users/akimotokeiju/Desktop/vending_machine/vendor/laravel/framework/src/Illuminate/Pipeline/Pipeline.php(180): Illuminate\\Foundation\\Http\\Middleware\\ConvertEmptyStringsToNull->handle(Object(Illuminate\\Http\\Request), Object(Closure))
#18 /Users/akimotokeiju/Desktop/vending_machine/vendor/laravel/framework/src/Illuminate/Foundation/Http/Middleware/TransformsRequest.php(21): Illuminate\\Pipeline\\Pipeline->Illuminate\\Pipeline\\{closure}(Object(Illuminate\\Http\\Request))
#19 /Users/akimotokeiju/Desktop/vending_machine/vendor/laravel/framework/src/Illuminate/Foundation/Http/Middleware/TrimStrings.php(40): Illuminate\\Foundation\\Http\\Middleware\\TransformsRequest->handle(Object(Illuminate\\Http\\Request), Object(Closure))
#20 /Users/akimotokeiju/Desktop/vending_machine/vendor/laravel/framework/src/Illuminate/Pipeline/Pipeline.php(180): Illuminate\\Foundation\\Http\\Middleware\\TrimStrings->handle(Object(Illuminate\\Http\\Request), Object(Closure))
#21 /Users/akimotokeiju/Desktop/vending_machine/vendor/laravel/framework/src/Illuminate/Foundation/Http/Middleware/ValidatePostSize.php(27): Illuminate\\Pipeline\\Pipeline->Illuminate\\Pipeline\\{closure}(Object(Illuminate\\Http\\Request))
#22 /Users/akimotokeiju/Desktop/vending_machine/vendor/laravel/framework/src/Illuminate/Pipeline/Pipeline.php(180): Illuminate\\Foundation\\Http\\Middleware\\ValidatePostSize->handle(Object(Illuminate\\Http\\Request), Object(Closure))
#23 /Users/akimotokeiju/Desktop/vending_machine/vendor/laravel/framework/src/Illuminate/Foundation/Http/Middleware/PreventRequestsDuringMaintenance.php(86): Illuminate\\Pipeline\\Pipeline->Illuminate\\Pipeline\\{closure}(Object(Illuminate\\Http\\Request))
#24 /Users/akimotokeiju/Desktop/vending_machine/vendor/laravel/framework/src/Illuminate/Pipeline/Pipeline.php(180): Illuminate\\Foundation\\Http\\Middleware\\PreventRequestsDuringMaintenance->handle(Object(Illuminate\\Http\\Request), Object(Closure))
#25 /Users/akimotokeiju/Desktop/vending_machine/vendor/laravel/framework/src/Illuminate/Http/Middleware/HandleCors.php(49): Illuminate\\Pipeline\\Pipeline->Illuminate\\Pipeline\\{closure}(Object(Illuminate\\Http\\Request))
#26 /Users/akimotokeiju/Desktop/vending_machine/vendor/laravel/framework/src/Illuminate/Pipeline/Pipeline.php(180): Illuminate\\Http\\Middleware\\HandleCors->handle(Object(Illuminate\\Http\\Request), Object(Closure))
#27 /Users/akimotokeiju/Desktop/vending_machine/vendor/laravel/framework/src/Illuminate/Http/Middleware/TrustProxies.php(39): Illuminate\\Pipeline\\Pipeline->Illuminate\\Pipeline\\{closure}(Object(Illuminate\\Http\\Request))
#28 /Users/akimotokeiju/Desktop/vending_machine/vendor/laravel/framework/src/Illuminate/Pipeline/Pipeline.php(180): Illuminate\\Http\\Middleware\\TrustProxies->handle(Object(Illuminate\\Http\\Request), Object(Closure))
#29 /Users/akimotokeiju/Desktop/vending_machine/vendor/laravel/framework/src/Illuminate/Pipeline/Pipeline.php(116): Illuminate\\Pipeline\\Pipeline->Illuminate\\Pipeline\\{closure}(Object(Illuminate\\Http\\Request))
#30 /Users/akimotokeiju/Desktop/vending_machine/vendor/laravel/framework/src/Illuminate/Foundation/Http/Kernel.php(165): Illuminate\\Pipeline\\Pipeline->then(Object(Closure))
#31 /Users/akimotokeiju/Desktop/vending_machine/vendor/laravel/framework/src/Illuminate/Foundation/Http/Kernel.php(134): Illuminate\\Foundation\\Http\\Kernel->sendRequestThroughRouter(Object(Illuminate\\Http\\Request))
#32 /Users/akimotokeiju/Desktop/vending_machine/public/index.php(51): Illuminate\\Foundation\\Http\\Kernel->handle(Object(Illuminate\\Http\\Request))
#33 {main}
"} 
[2026-08-16 13:12:37] laravel.ERROR: Trying to access array offset on value of type null {"exception":"[object] (ErrorException(code: 0): Trying to access array offset on value of type null at /Users/akimotokeiju/Desktop/vending_machine/vendor/laravel/framework/src/Illuminate/Cookie/CookieServiceProvider.php:20)
[stacktrace]
#0 /Users/akimotokeiju/Desktop/vending_machine/vendor/laravel/framework/src/Illuminate/Foundation/Bootstrap/HandleExceptions.php(270): Illuminate\\Foundation\\Bootstrap\\HandleExceptions->handleError(2, 'Trying to acces...', '/Users/akimotok...', 20)
#1 /Users/akimotokeiju/Desktop/vending_machine/vendor/laravel/framework/src/Illuminate/Cookie/CookieServiceProvider.php(20): Illuminate\\Foundation\\Bootstrap\\HandleExceptions->Illuminate\\Foundation\\Bootstrap\\{closure}(2, 'Trying to acces...', '/Users/akimotok...', 20)
#2 /Users/akimotokeiju/Desktop/vending_machine/vendor/laravel/framework/src/Illuminate/Container/Container.php(885): Illuminate\\Cookie\\CookieServiceProvider->Illuminate\\Cookie\\{closure}(Object(Illuminate\\Foundation\\Application), Array)
#3 /Users/akimotokeiju/Desktop/vending_machine/vendor/laravel/framework/src/Illuminate/Container/Container.php(770): Illuminate\\Container\\Container->build(Object(Closure))
#4 /Users/akimotokeiju/Desktop/vending_machine/vendor/laravel/framework/src/Illuminate/Foundation/Application.php(881): Illuminate\\Container\\Container->resolve('cookie', Array, true)
#5 /Users/akimotokeiju/Desktop/vending_machine/vendor/laravel/framework/src/Illuminate/Container/Container.php(706): Illuminate\\Foundation\\Application->resolve('cookie', Array)
#6 /Users/akimotokeiju/Desktop/vending_machine/vendor/laravel/framework/src/Illuminate/Foundation/Application.php(866): Illuminate\\Container\\Container->make('cookie', Array)
#7 /Users/akimotokeiju/Desktop/vending_machine/vendor/laravel/framework/src/Illuminate/Container/Container.php(1043): Illuminate\\Foundation\\Application->make('cookie')
#8 /Users/akimotokeiju/Desktop/vending_machine/vendor/laravel/framework/src/Illuminate/Container/Container.php(959): Illuminate\\Container\\Container->resolveClass(Object(ReflectionParameter))
#9 /Users/akimotokeiju/Desktop/vending_machine/vendor/laravel/framework/src/Illuminate/Container/Container.php(920): Illuminate\\Container\\Container->resolveDependencies(Array)
#10 /Users/akimotokeiju/Desktop/vending_machine/vendor/laravel/framework/src/Illuminate/Container/Container.php(770): Illuminate\\Container\\Container->build('Illuminate\\\\Cook...')
#11 /Users/akimotokeiju/Desktop/vending_machine/vendor/laravel/framework/src/Illuminate/Foundation/Application.php(881): Illuminate\\Container\\Container->resolve('Illuminate\\\\Cook...', Array, true)
#12 /Users/akimotokeiju/Desktop/vending_machine/vendor/laravel/framework/src/Illuminate/Container/Container.php(706): Illuminate\\Foundation\\Application->resolve('Illuminate\\\\Cook...', Array)
#13 /Users/akimotokeiju/Desktop/vending_machine/vendor/laravel/framework/src/Illuminate/Foundation/Application.php(866): Illuminate\\Container\\Container->make('Illuminate\\\\Cook...', Array)
#14 /Users/akimotokeiju/Desktop/vending_machine/vendor/laravel/framework/src/Illuminate/Pipeline/Pipeline.php(169): Illuminate\\Foundation\\Application->make('Illuminate\\\\Cook...')
#15 /Users/akimotokeiju/Desktop/vending_machine/vendor/laravel/framework/src/Illuminate/Cookie/Middleware/EncryptCookies.php(67): Illuminate\\Pipeline\\Pipeline->Illuminate\\Pipeline\\{closure}(Object(Illuminate\\Http\\Request))
#16 /Users/akimotokeiju/Desktop/vending_machine/vendor/laravel/framework/src/Illuminate/Pipeline/Pipeline.php(180): Illuminate\\Cookie\\Middleware\\EncryptCookies->handle(Object(Illuminate\\Http\\Request), Object(Closure))
#17 /Users/akimotokeiju/Desktop/vending_machine/vendor/laravel/framework/src/Illuminate/Pipeline/Pipeline.php(116): Illuminate\\Pipeline\\Pipeline->Illuminate\\Pipeline\\{closure}(Object(Illuminate\\Http\\Request))
#18 /Users/akimotokeiju/Desktop/vending_machine/vendor/laravel/framework/src/Illuminate/Routing/Router.php(797): Illuminate\\Pipeline\\Pipeline->then(Object(Closure))
#19 /Users/akimotokeiju/Desktop/vending_machine/vendor/laravel/framework/src/Illuminate/Routing/Router.php(776): Illuminate\\Routing\\Router->runRouteWithinStack(Object(Illuminate\\Routing\\Route), Object(Illuminate\\Http\\Request))
#20 /Users/akimotokeiju/Desktop/vending_machine/vendor/laravel/framework/src/Illuminate/Routing/Router.php(740): Illuminate\\Routing\\Router->runRoute(Object(Illuminate\\Http\\Request), Object(Illuminate\\Routing\\Route))
#21 /Users/akimotokeiju/Desktop/vending_machine/vendor/laravel/framework/src/Illuminate/Routing/Router.php(729): Illuminate\\Routing\\Router->dispatchToRoute(Object(Illuminate\\Http\\Request))
#22 /Users/akimotokeiju/Desktop/vending_machine/vendor/laravel/framework/src/Illuminate/Foundation/Http/Kernel.php(190): Illuminate\\Routing\\Router->dispatch(Object(Illuminate\\Http\\Request))
#23 /Users/akimotokeiju/Desktop/vending_machine/vendor/laravel/framework/src/Illuminate/Pipeline/Pipeline.php(141): Illuminate\\Foundation\\Http\\Kernel->Illuminate\\Foundation\\Http\\{closure}(Object(Illuminate\\Http\\Request))
#24 /Users/akimotokeiju/Desktop/vending_machine/vendor/laravel/framework/src/Illuminate/Foundation/Http/Middleware/TransformsRequest.php(21): Illuminate\\Pipeline\\Pipeline->Illuminate\\Pipeline\\{closure}(Object(Illuminate\\Http\\Request))
#25 /Users/akimotokeiju/Desktop/vending_machine/vendor/laravel/framework/src/Illuminate/Foundation/Http/Middleware/ConvertEmptyStringsToNull.php(31): Illuminate\\Foundation\\Http\\Middleware\\TransformsRequest->handle(Object(Illuminate\\Http\\Request), Object(Closure))
#26 /Users/akimotokeiju/Desktop/vending_machine/vendor/laravel/framework/src/Illuminate/Pipeline/Pipeline.php(180): Illuminate\\Foundation\\Http\\Middleware\\ConvertEmptyStringsToNull->handle(Object(Illuminate\\Http\\Request), Object(Closure))
#27 /Users/akimotokeiju/Desktop/vending_machine/vendor/laravel/framework/src/Illuminate/Foundation/Http/Middleware/TransformsRequest.php(21): Illuminate\\Pipeline\\Pipeline->Illuminate\\Pipeline\\{closure}(Object(Illuminate\\Http\\Request))
#28 /Users/akimotokeiju/Desktop/vending_machine/vendor/laravel/framework/src/Illuminate/Foundation/Http/Middleware/TrimStrings.php(40): Illuminate\\Foundation\\Http\\Middleware\\TransformsRequest->handle(Object(Illuminate\\Http\\Request), Object(Closure))
#29 /Users/akimotokeiju/Desktop/vending_machine/vendor/laravel/framework/src/Illuminate/Pipeline/Pipeline.php(180): Illuminate\\Foundation\\Http\\Middleware\\TrimStrings->handle(Object(Illuminate\\Http\\Request), Object(Closure))
#30 /Users/akimotokeiju/Desktop/vending_machine/vendor/laravel/framework/src/Illuminate/Foundation/Http/Middleware/ValidatePostSize.php(27): Illuminate\\Pipeline\\Pipeline->Illuminate\\Pipeline\\{closure}(Object(Illuminate\\Http\\Request))
#31 /Users/akimotokeiju/Desktop/vending_machine/vendor/laravel/framework/src/Illuminate/Pipeline/Pipeline.php(180): Illuminate\\Foundation\\Http\\Middleware\\ValidatePostSize->handle(Object(Illuminate\\Http\\Request), Object(Closure))
#32 /Users/akimotokeiju/Desktop/vending_machine/vendor/laravel/framework/src/Illuminate/Foundation/Http/Middleware/PreventRequestsDuringMaintenance.php(86): Illuminate\\Pipeline\\Pipeline->Illuminate\\Pipeline\\{closure}(Object(Illuminate\\Http\\Request))
#33 /Users/akimotokeiju/Desktop/vending_machine/vendor/laravel/framework/src/Illuminate/Pipeline/Pipeline.php(180): Illuminate\\Foundation\\Http\\Middleware\\PreventRequestsDuringMaintenance->handle(Object(Illuminate\\Http\\Request), Object(Closure))
#34 /Users/akimotokeiju/Desktop/vending_machine/vendor/laravel/framework/src/Illuminate/Http/Middleware/HandleCors.php(49): Illuminate\\Pipeline\\Pipeline->Illuminate\\Pipeline\\{closure}(Object(Illuminate\\Http\\Request))
#35 /Users/akimotokeiju/Desktop/vending_machine/vendor/laravel/framework/src/Illuminate/Pipeline/Pipeline.php(180): Illuminate\\Http\\Middleware\\HandleCors->handle(Object(Illuminate\\Http\\Request), Object(Closure))
#36 /Users/akimotokeiju/Desktop/vending_machine/vendor/laravel/framework/src/Illuminate/Http/Middleware/TrustProxies.php(39): Illuminate\\Pipeline\\Pipeline->Illuminate\\Pipeline\\{closure}(Object(Illuminate\\Http\\Request))
#37 /Users/akimotokeiju/Desktop/vending_machine/vendor/laravel/framework/src/Illuminate/Pipeline/Pipeline.php(180): Illuminate\\Http\\Middleware\\TrustProxies->handle(Object(Illuminate\\Http\\Request), Object(Closure))
#38 /Users/akimotokeiju/Desktop/vending_machine/vendor/laravel/framework/src/Illuminate/Pipeline/Pipeline.php(116): Illuminate\\Pipeline\\Pipeline->Illuminate\\Pipeline\\{closure}(Object(Illuminate\\Http\\Request))
#39 /Users/akimotokeiju/Desktop/vending_machine/vendor/laravel/framework/src/Illuminate/Foundation/Http/Kernel.php(165): Illuminate\\Pipeline\\Pipeline->then(Object(Closure))
#40 /Users/akimotokeiju/Desktop/vending_machine/vendor/laravel/framework/src/Illuminate/Foundation/Http/Kernel.php(134): Illuminate\\Foundation\\Http\\Kernel->sendRequestThroughRouter(Object(Illuminate\\Http\\Request))
#41 /Users/akimotokeiju/Desktop/vending_machine/public/index.php(51): Illuminate\\Foundation\\Http\\Kernel->handle(Object(Illuminate\\Http\\Request))
#42 {main}
"} 
[2026-08-16 13:12:37] laravel.EMERGENCY: Unable to create configured logger. Using emergency logger. {"exception":"[object] (InvalidArgumentException(code: 0): Log [] is not defined. at /Users/akimotokeiju/Desktop/vending_machine/vendor/laravel/framework/src/Illuminate/Log/LogManager.php:210)
[stacktrace]
#0 /Users/akimotokeiju/Desktop/vending_machine/vendor/laravel/framework/src/Illuminate/Log/LogManager.php(135): Illuminate\\Log\\LogManager->resolve(NULL, NULL)
#1 /Users/akimotokeiju/Desktop/vending_machine/vendor/laravel/framework/src/Illuminate/Log/LogManager.php(122): Illuminate\\Log\\LogManager->get(NULL)
#2 /Users/akimotokeiju/Desktop/vending_machine/vendor/laravel/framework/src/Illuminate/Log/LogManager.php(645): Illuminate\\Log\\LogManager->driver()
#3 /Users/akimotokeiju/Desktop/vending_machine/vendor/laravel/framework/src/Illuminate/Foundation/Exceptions/Handler.php(274): Illuminate\\Log\\LogManager->error('Trying to acces...', Array)
#4 /Users/akimotokeiju/Desktop/vending_machine/vendor/laravel/framework/src/Illuminate/Foundation/Bootstrap/HandleExceptions.php(198): Illuminate\\Foundation\\Exceptions\\Handler->report(Object(ErrorException))
#5 /Users/akimotokeiju/Desktop/vending_machine/vendor/laravel/framework/src/Illuminate/Foundation/Bootstrap/HandleExceptions.php(270): Illuminate\\Foundation\\Bootstrap\\HandleExceptions->handleException(Object(ErrorException))
#6 [internal function]: Illuminate\\Foundation\\Bootstrap\\HandleExceptions->Illuminate\\Foundation\\Bootstrap\\{closure}(Object(ErrorException))
#7 {main}
"} 
[2026-08-16 13:12:37] laravel.ERROR: Trying to access array offset on value of type null {"exception":"[object] (ErrorException(code: 0): Trying to access array offset on value of type null at /Users/akimotokeiju/Desktop/vending_machine/vendor/laravel/framework/src/Illuminate/Cookie/CookieServiceProvider.php:20)
[stacktrace]
#0 /Users/akimotokeiju/Desktop/vending_machine/vendor/laravel/framework/src/Illuminate/Foundation/Bootstrap/HandleExceptions.php(270): Illuminate\\Foundation\\Bootstrap\\HandleExceptions->handleError(2, 'Trying to acces...', '/Users/akimotok...', 20)
#1 /Users/akimotokeiju/Desktop/vending_machine/vendor/laravel/framework/src/Illuminate/Cookie/CookieServiceProvider.php(20): Illuminate\\Foundation\\Bootstrap\\HandleExceptions->Illuminate\\Foundation\\Bootstrap\\{closure}(2, 'Trying to acces...', '/Users/akimotok...', 20)
#2 /Users/akimotokeiju/Desktop/vending_machine/vendor/laravel/framework/src/Illuminate/Container/Container.php(885): Illuminate\\Cookie\\CookieServiceProvider->Illuminate\\Cookie\\{closure}(Object(Illuminate\\Foundation\\Application), Array)
#3 /Users/akimotokeiju/Desktop/vending_machine/vendor/laravel/framework/src/Illuminate/Container/Container.php(770): Illuminate\\Container\\Container->build(Object(Closure))
#4 /Users/akimotokeiju/Desktop/vending_machine/vendor/laravel/framework/src/Illuminate/Foundation/Application.php(881): Illuminate\\Container\\Container->resolve('cookie', Array, true)
#5 /Users/akimotokeiju/Desktop/vending_machine/vendor/laravel/framework/src/Illuminate/Container/Container.php(706): Illuminate\\Foundation\\Application->resolve('cookie', Array)
#6 /Users/akimotokeiju/Desktop/vending_machine/vendor/laravel/framework/src/Illuminate/Foundation/Application.php(866): Illuminate\\Container\\Container->make('cookie', Array)
#7 /Users/akimotokeiju/Desktop/vending_machine/vendor/laravel/framework/src/Illuminate/Container/Container.php(1043): Illuminate\\Foundation\\Application->make('cookie')
#8 /Users/akimotokeiju/Desktop/vending_machine/vendor/laravel/framework/src/Illuminate/Container/Container.php(959): Illuminate\\Container\\Container->resolveClass(Object(ReflectionParameter))
#9 /Users/akimotokeiju/Desktop/vending_machine/vendor/laravel/framework/src/Illuminate/Container/Container.php(920): Illuminate\\Container\\Container->resolveDependencies(Array)
#10 /Users/akimotokeiju/Desktop/vending_machine/vendor/laravel/framework/src/Illuminate/Container/Container.php(770): Illuminate\\Container\\Container->build('Illuminate\\\\Cook...')
#11 /Users/akimotokeiju/Desktop/vending_machine/vendor/laravel/framework/src/Illuminate/Foundation/Application.php(881): Illuminate\\Container\\Container->resolve('Illuminate\\\\Cook...', Array, true)
#12 /Users/akimotokeiju/Desktop/vending_machine/vendor/laravel/framework/src/Illuminate/Container/Container.php(706): Illuminate\\Foundation\\Application->resolve('Illuminate\\\\Cook...', Array)
#13 /Users/akimotokeiju/Desktop/vending_machine/vendor/laravel/framework/src/Illuminate/Foundation/Application.php(866): Illuminate\\Container\\Container->make('Illuminate\\\\Cook...', Array)
#14 /Users/akimotokeiju/Desktop/vending_machine/vendor/laravel/framework/src/Illuminate/Foundation/Http/Kernel.php(239): Illuminate\\Foundation\\Application->make('Illuminate\\\\Cook...')
#15 /Users/akimotokeiju/Desktop/vending_machine/vendor/laravel/framework/src/Illuminate/Foundation/Http/Kernel.php(203): Illuminate\\Foundation\\Http\\Kernel->terminateMiddleware(Object(Illuminate\\Http\\Request), Object(Illuminate\\Http\\Response))
#16 /Users/akimotokeiju/Desktop/vending_machine/public/index.php(55): Illuminate\\Foundation\\Http\\Kernel->terminate(Object(Illuminate\\Http\\Request), Object(Illuminate\\Http\\Response))
#17 {main}
"} 
[2026-08-16 13:12:40] laravel.EMERGENCY: Unable to create configured logger. Using emergency logger. {"exception":"[object] (InvalidArgumentException(code: 0): Log [] is not defined. at /Users/akimotokeiju/Desktop/vending_machine/vendor/laravel/framework/src/Illuminate/Log/LogManager.php:210)
[stacktrace]
#0 /Users/akimotokeiju/Desktop/vending_machine/vendor/laravel/framework/src/Illuminate/Log/LogManager.php(135): Illuminate\\Log\\LogManager->resolve(NULL, NULL)
#1 /Users/akimotokeiju/Desktop/vending_machine/vendor/laravel/framework/src/Illuminate/Log/LogManager.php(122): Illuminate\\Log\\LogManager->get(NULL)
#2 /Users/akimotokeiju/Desktop/vending_machine/vendor/laravel/framework/src/Illuminate/Log/LogManager.php(645): Illuminate\\Log\\LogManager->driver()
#3 /Users/akimotokeiju/Desktop/vending_machine/vendor/laravel/framework/src/Illuminate/Foundation/Exceptions/Handler.php(274): Illuminate\\Log\\LogManager->error('Trying to acces...', Array)
#4 /Users/akimotokeiju/Desktop/vending_machine/vendor/laravel/framework/src/Illuminate/Routing/Pipeline.php(49): Illuminate\\Foundation\\Exceptions\\Handler->report(Object(ErrorException))
#5 /Users/akimotokeiju/Desktop/vending_machine/vendor/laravel/framework/src/Illuminate/Pipeline/Pipeline.php(185): Illuminate\\Routing\\Pipeline->handleException(Object(Illuminate\\Http\\Request), Object(ErrorException))
#6 /Users/akimotokeiju/Desktop/vending_machine/vendor/laravel/framework/src/Illuminate/Cookie/Middleware/EncryptCookies.php(67): Illuminate\\Pipeline\\Pipeline->Illuminate\\Pipeline\\{closure}(Object(Illuminate\\Http\\Request))
#7 /Users/akimotokeiju/Desktop/vending_machine/vendor/laravel/framework/src/Illuminate/Pipeline/Pipeline.php(180): Illuminate\\Cookie\\Middleware\\EncryptCookies->handle(Object(Illuminate\\Http\\Request), Object(Closure))
#8 /Users/akimotokeiju/Desktop/vending_machine/vendor/laravel/framework/src/Illuminate/Pipeline/Pipeline.php(116): Illuminate\\Pipeline\\Pipeline->Illuminate\\Pipeline\\{closure}(Object(Illuminate\\Http\\Request))
#9 /Users/akimotokeiju/Desktop/vending_machine/vendor/laravel/framework/src/Illuminate/Routing/Router.php(797): Illuminate\\Pipeline\\Pipeline->then(Object(Closure))
#10 /Users/akimotokeiju/Desktop/vending_machine/vendor/laravel/framework/src/Illuminate/Routing/Router.php(776): Illuminate\\Routing\\Router->runRouteWithinStack(Object(Illuminate\\Routing\\Route), Object(Illuminate\\Http\\Request))
#11 /Users/akimotokeiju/Desktop/vending_machine/vendor/laravel/framework/src/Illuminate/Routing/Router.php(740): Illuminate\\Routing\\Router->runRoute(Object(Illuminate\\Http\\Request), Object(Illuminate\\Routing\\Route))
#12 /Users/akimotokeiju/Desktop/vending_machine/vendor/laravel/framework/src/Illuminate/Routing/Router.php(729): Illuminate\\Routing\\Router->dispatchToRoute(Object(Illuminate\\Http\\Request))
#13 /Users/akimotokeiju/Desktop/vending_machine/vendor/laravel/framework/src/Illuminate/Foundation/Http/Kernel.php(190): Illuminate\\Routing\\Router->dispatch(Object(Illuminate\\Http\\Request))
#14 /Users/akimotokeiju/Desktop/vending_machine/vendor/laravel/framework/src/Illuminate/Pipeline/Pipeline.php(141): Illuminate\\Foundation\\Http\\Kernel->Illuminate\\Foundation\\Http\\{closure}(Object(Illuminate\\Http\\Request))
#15 /Users/akimotokeiju/Desktop/vending_machine/vendor/laravel/framework/src/Illuminate/Foundation/Http/Middleware/TransformsRequest.php(21): Illuminate\\Pipeline\\Pipeline->Illuminate\\Pipeline\\{closure}(Object(Illuminate\\Http\\Request))
#16 /Users/akimotokeiju/Desktop/vending_machine/vendor/laravel/framework/src/Illuminate/Foundation/Http/Middleware/ConvertEmptyStringsToNull.php(31): Illuminate\\Foundation\\Http\\Middleware\\TransformsRequest->handle(Object(Illuminate\\Http\\Request), Object(Closure))
#17 /Users/akimotokeiju/Desktop/vending_machine/vendor/laravel/framework/src/Illuminate/Pipeline/Pipeline.php(180): Illuminate\\Foundation\\Http\\Middleware\\ConvertEmptyStringsToNull->handle(Object(Illuminate\\Http\\Request), Object(Closure))
#18 /Users/akimotokeiju/Desktop/vending_machine/vendor/laravel/framework/src/Illuminate/Foundation/Http/Middleware/TransformsRequest.php(21): Illuminate\\Pipeline\\Pipeline->Illuminate\\Pipeline\\{closure}(Object(Illuminate\\Http\\Request))
#19 /Users/akimotokeiju/Desktop/vending_machine/vendor/laravel/framework/src/Illuminate/Foundation/Http/Middleware/TrimStrings.php(40): Illuminate\\Foundation\\Http\\Middleware\\TransformsRequest->handle(Object(Illuminate\\Http\\Request), Object(Closure))
#20 /Users/akimotokeiju/Desktop/vending_machine/vendor/laravel/framework/src/Illuminate/Pipeline/Pipeline.php(180): Illuminate\\Foundation\\Http\\Middleware\\TrimStrings->handle(Object(Illuminate\\Http\\Request), Object(Closure))
#21 /Users/akimotokeiju/Desktop/vending_machine/vendor/laravel/framework/src/Illuminate/Foundation/Http/Middleware/ValidatePostSize.php(27): Illuminate\\Pipeline\\Pipeline->Illuminate\\Pipeline\\{closure}(Object(Illuminate\\Http\\Request))
#22 /Users/akimotokeiju/Desktop/vending_machine/vendor/laravel/framework/src/Illuminate/Pipeline/Pipeline.php(180): Illuminate\\Foundation\\Http\\Middleware\\ValidatePostSize->handle(Object(Illuminate\\Http\\Request), Object(Closure))
#23 /Users/akimotokeiju/Desktop/vending_machine/vendor/laravel/framework/src/Illuminate/Foundation/Http/Middleware/PreventRequestsDuringMaintenance.php(86): Illuminate\\Pipeline\\Pipeline->Illuminate\\Pipeline\\{closure}(Object(Illuminate\\Http\\Request))
#24 /Users/akimotokeiju/Desktop/vending_machine/vendor/laravel/framework/src/Illuminate/Pipeline/Pipeline.php(180): Illuminate\\Foundation\\Http\\Middleware\\PreventRequestsDuringMaintenance->handle(Object(Illuminate\\Http\\Request), Object(Closure))
#25 /Users/akimotokeiju/Desktop/vending_machine/vendor/laravel/framework/src/Illuminate/Http/Middleware/HandleCors.php(49): Illuminate\\Pipeline\\Pipeline->Illuminate\\Pipeline\\{closure}(Object(Illuminate\\Http\\Request))
#26 /Users/akimotokeiju/Desktop/vending_machine/vendor/laravel/framework/src/Illuminate/Pipeline/Pipeline.php(180): Illuminate\\Http\\Middleware\\HandleCors->handle(Object(Illuminate\\Http\\Request), Object(Closure))
#27 /Users/akimotokeiju/Desktop/vending_machine/vendor/laravel/framework/src/Illuminate/Http/Middleware/TrustProxies.php(39): Illuminate\\Pipeline\\Pipeline->Illuminate\\Pipeline\\{closure}(Object(Illuminate\\Http\\Request))
#28 /Users/akimotokeiju/Desktop/vending_machine/vendor/laravel/framework/src/Illuminate/Pipeline/Pipeline.php(180): Illuminate\\Http\\Middleware\\TrustProxies->handle(Object(Illuminate\\Http\\Request), Object(Closure))
#29 /Users/akimotokeiju/Desktop/vending_machine/vendor/laravel/framework/src/Illuminate/Pipeline/Pipeline.php(116): Illuminate\\Pipeline\\Pipeline->Illuminate\\Pipeline\\{closure}(Object(Illuminate\\Http\\Request))
#30 /Users/akimotokeiju/Desktop/vending_machine/vendor/laravel/framework/src/Illuminate/Foundation/Http/Kernel.php(165): Illuminate\\Pipeline\\Pipeline->then(Object(Closure))
#31 /Users/akimotokeiju/Desktop/vending_machine/vendor/laravel/framework/src/Illuminate/Foundation/Http/Kernel.php(134): Illuminate\\Foundation\\Http\\Kernel->sendRequestThroughRouter(Object(Illuminate\\Http\\Request))
#32 /Users/akimotokeiju/Desktop/vending_machine/public/index.php(51): Illuminate\\Foundation\\Http\\Kernel->handle(Object(Illuminate\\Http\\Request))
#33 {main}
"} 
[2026-08-16 13:12:40] laravel.ERROR: Trying to access array offset on value of type null {"exception":"[object] (ErrorException(code: 0): Trying to access array offset on value of type null at /Users/akimotokeiju/Desktop/vending_machine/vendor/laravel/framework/src/Illuminate/Cookie/CookieServiceProvider.php:20)
[stacktrace]
#0 /Users/akimotokeiju/Desktop/vending_machine/vendor/laravel/framework/src/Illuminate/Foundation/Bootstrap/HandleExceptions.php(270): Illuminate\\Foundation\\Bootstrap\\HandleExceptions->handleError(2, 'Trying to acces...', '/Users/akimotok...', 20)
#1 /Users/akimotokeiju/Desktop/vending_machine/vendor/laravel/framework/src/Illuminate/Cookie/CookieServiceProvider.php(20): Illuminate\\Foundation\\Bootstrap\\HandleExceptions->Illuminate\\Foundation\\Bootstrap\\{closure}(2, 'Trying to acces...', '/Users/akimotok...', 20)
#2 /Users/akimotokeiju/Desktop/vending_machine/vendor/laravel/framework/src/Illuminate/Container/Container.php(885): Illuminate\\Cookie\\CookieServiceProvider->Illuminate\\Cookie\\{closure}(Object(Illuminate\\Foundation\\Application), Array)
#3 /Users/akimotokeiju/Desktop/vending_machine/vendor/laravel/framework/src/Illuminate/Container/Container.php(770): Illuminate\\Container\\Container->build(Object(Closure))
#4 /Users/akimotokeiju/Desktop/vending_machine/vendor/laravel/framework/src/Illuminate/Foundation/Application.php(881): Illuminate\\Container\\Container->resolve('cookie', Array, true)
#5 /Users/akimotokeiju/Desktop/vending_machine/vendor/laravel/framework/src/Illuminate/Container/Container.php(706): Illuminate\\Foundation\\Application->resolve('cookie', Array)
#6 /Users/akimotokeiju/Desktop/vending_machine/vendor/laravel/framework/src/Illuminate/Foundation/Application.php(866): Illuminate\\Container\\Container->make('cookie', Array)
#7 /Users/akimotokeiju/Desktop/vending_machine/vendor/laravel/framework/src/Illuminate/Container/Container.php(1043): Illuminate\\Foundation\\Application->make('cookie')
#8 /Users/akimotokeiju/Desktop/vending_machine/vendor/laravel/framework/src/Illuminate/Container/Container.php(959): Illuminate\\Container\\Container->resolveClass(Object(ReflectionParameter))
#9 /Users/akimotokeiju/Desktop/vending_machine/vendor/laravel/framework/src/Illuminate/Container/Container.php(920): Illuminate\\Container\\Container->resolveDependencies(Array)
#10 /Users/akimotokeiju/Desktop/vending_machine/vendor/laravel/framework/src/Illuminate/Container/Container.php(770): Illuminate\\Container\\Container->build('Illuminate\\\\Cook...')
#11 /Users/akimotokeiju/Desktop/vending_machine/vendor/laravel/framework/src/Illuminate/Foundation/Application.php(881): Illuminate\\Container\\Container->resolve('Illuminate\\\\Cook...', Array, true)
#12 /Users/akimotokeiju/Desktop/vending_machine/vendor/laravel/framework/src/Illuminate/Container/Container.php(706): Illuminate\\Foundation\\Application->resolve('Illuminate\\\\Cook...', Array)
#13 /Users/akimotokeiju/Desktop/vending_machine/vendor/laravel/framework/src/Illuminate/Foundation/Application.php(866): Illuminate\\Container\\Container->make('Illuminate\\\\Cook...', Array)
#14 /Users/akimotokeiju/Desktop/vending_machine/vendor/laravel/framework/src/Illuminate/Pipeline/Pipeline.php(169): Illuminate\\Foundation\\Application->make('Illuminate\\\\Cook...')
#15 /Users/akimotokeiju/Desktop/vending_machine/vendor/laravel/framework/src/Illuminate/Cookie/Middleware/EncryptCookies.php(67): Illuminate\\Pipeline\\Pipeline->Illuminate\\Pipeline\\{closure}(Object(Illuminate\\Http\\Request))
#16 /Users/akimotokeiju/Desktop/vending_machine/vendor/laravel/framework/src/Illuminate/Pipeline/Pipeline.php(180): Illuminate\\Cookie\\Middleware\\EncryptCookies->handle(Object(Illuminate\\Http\\Request), Object(Closure))
#17 /Users/akimotokeiju/Desktop/vending_machine/vendor/laravel/framework/src/Illuminate/Pipeline/Pipeline.php(116): Illuminate\\Pipeline\\Pipeline->Illuminate\\Pipeline\\{closure}(Object(Illuminate\\Http\\Request))
#18 /Users/akimotokeiju/Desktop/vending_machine/vendor/laravel/framework/src/Illuminate/Routing/Router.php(797): Illuminate\\Pipeline\\Pipeline->then(Object(Closure))
#19 /Users/akimotokeiju/Desktop/vending_machine/vendor/laravel/framework/src/Illuminate/Routing/Router.php(776): Illuminate\\Routing\\Router->runRouteWithinStack(Object(Illuminate\\Routing\\Route), Object(Illuminate\\Http\\Request))
#20 /Users/akimotokeiju/Desktop/vending_machine/vendor/laravel/framework/src/Illuminate/Routing/Router.php(740): Illuminate\\Routing\\Router->runRoute(Object(Illuminate\\Http\\Request), Object(Illuminate\\Routing\\Route))
#21 /Users/akimotokeiju/Desktop/vending_machine/vendor/laravel/framework/src/Illuminate/Routing/Router.php(729): Illuminate\\Routing\\Router->dispatchToRoute(Object(Illuminate\\Http\\Request))
#22 /Users/akimotokeiju/Desktop/vending_machine/vendor/laravel/framework/src/Illuminate/Foundation/Http/Kernel.php(190): Illuminate\\Routing\\Router->dispatch(Object(Illuminate\\Http\\Request))
#23 /Users/akimotokeiju/Desktop/vending_machine/vendor/laravel/framework/src/Illuminate/Pipeline/Pipeline.php(141): Illuminate\\Foundation\\Http\\Kernel->Illuminate\\Foundation\\Http\\{closure}(Object(Illuminate\\Http\\Request))
#24 /Users/akimotokeiju/Desktop/vending_machine/vendor/laravel/framework/src/Illuminate/Foundation/Http/Middleware/TransformsRequest.php(21): Illuminate\\Pipeline\\Pipeline->Illuminate\\Pipeline\\{closure}(Object(Illuminate\\Http\\Request))
#25 /Users/akimotokeiju/Desktop/vending_machine/vendor/laravel/framework/src/Illuminate/Foundation/Http/Middleware/ConvertEmptyStringsToNull.php(31): Illuminate\\Foundation\\Http\\Middleware\\TransformsRequest->handle(Object(Illuminate\\Http\\Request), Object(Closure))
#26 /Users/akimotokeiju/Desktop/vending_machine/vendor/laravel/framework/src/Illuminate/Pipeline/Pipeline.php(180): Illuminate\\Foundation\\Http\\Middleware\\ConvertEmptyStringsToNull->handle(Object(Illuminate\\Http\\Request), Object(Closure))
#27 /Users/akimotokeiju/Desktop/vending_machine/vendor/laravel/framework/src/Illuminate/Foundation/Http/Middleware/TransformsRequest.php(21): Illuminate\\Pipeline\\Pipeline->Illuminate\\Pipeline\\{closure}(Object(Illuminate\\Http\\Request))
#28 /Users/akimotokeiju/Desktop/vending_machine/vendor/laravel/framework/src/Illuminate/Foundation/Http/Middleware/TrimStrings.php(40): Illuminate\\Foundation\\Http\\Middleware\\TransformsRequest->handle(Object(Illuminate\\Http\\Request), Object(Closure))
#29 /Users/akimotokeiju/Desktop/vending_machine/vendor/laravel/framework/src/Illuminate/Pipeline/Pipeline.php(180): Illuminate\\Foundation\\Http\\Middleware\\TrimStrings->handle(Object(Illuminate\\Http\\Request), Object(Closure))
#30 /Users/akimotokeiju/Desktop/vending_machine/vendor/laravel/framework/src/Illuminate/Foundation/Http/Middleware/ValidatePostSize.php(27): Illuminate\\Pipeline\\Pipeline->Illuminate\\Pipeline\\{closure}(Object(Illuminate\\Http\\Request))
#31 /Users/akimotokeiju/Desktop/vending_machine/vendor/laravel/framework/src/Illuminate/Pipeline/Pipeline.php(180): Illuminate\\Foundation\\Http\\Middleware\\ValidatePostSize->handle(Object(Illuminate\\Http\\Request), Object(Closure))
#32 /Users/akimotokeiju/Desktop/vending_machine/vendor/laravel/framework/src/Illuminate/Foundation/Http/Middleware/PreventRequestsDuringMaintenance.php(86): Illuminate\\Pipeline\\Pipeline->Illuminate\\Pipeline\\{closure}(Object(Illuminate\\Http\\Request))
#33 /Users/akimotokeiju/Desktop/vending_machine/vendor/laravel/framework/src/Illuminate/Pipeline/Pipeline.php(180): Illuminate\\Foundation\\Http\\Middleware\\PreventRequestsDuringMaintenance->handle(Object(Illuminate\\Http\\Request), Object(Closure))
#34 /Users/akimotokeiju/Desktop/vending_machine/vendor/laravel/framework/src/Illuminate/Http/Middleware/HandleCors.php(49): Illuminate\\Pipeline\\Pipeline->Illuminate\\Pipeline\\{closure}(Object(Illuminate\\Http\\Request))
#35 /Users/akimotokeiju/Desktop/vending_machine/vendor/laravel/framework/src/Illuminate/Pipeline/Pipeline.php(180): Illuminate\\Http\\Middleware\\HandleCors->handle(Object(Illuminate\\Http\\Request), Object(Closure))
#36 /Users/akimotokeiju/Desktop/vending_machine/vendor/laravel/framework/src/Illuminate/Http/Middleware/TrustProxies.php(39): Illuminate\\Pipeline\\Pipeline->Illuminate\\Pipeline\\{closure}(Object(Illuminate\\Http\\Request))
#37 /Users/akimotokeiju/Desktop/vending_machine/vendor/laravel/framework/src/Illuminate/Pipeline/Pipeline.php(180): Illuminate\\Http\\Middleware\\TrustProxies->handle(Object(Illuminate\\Http\\Request), Object(Closure))
#38 /Users/akimotokeiju/Desktop/vending_machine/vendor/laravel/framework/src/Illuminate/Pipeline/Pipeline.php(116): Illuminate\\Pipeline\\Pipeline->Illuminate\\Pipeline\\{closure}(Object(Illuminate\\Http\\Request))
#39 /Users/akimotokeiju/Desktop/vending_machine/vendor/laravel/framework/src/Illuminate/Foundation/Http/Kernel.php(165): Illuminate\\Pipeline\\Pipeline->then(Object(Closure))
#40 /Users/akimotokeiju/Desktop/vending_machine/vendor/laravel/framework/src/Illuminate/Foundation/Http/Kernel.php(134): Illuminate\\Foundation\\Http\\Kernel->sendRequestThroughRouter(Object(Illuminate\\Http\\Request))
#41 /Users/akimotokeiju/Desktop/vending_machine/public/index.php(51): Illuminate\\Foundation\\Http\\Kernel->handle(Object(Illuminate\\Http\\Request))
#42 {main}
"} 
[2026-08-16 13:12:40] laravel.EMERGENCY: Unable to create configured logger. Using emergency logger. {"exception":"[object] (InvalidArgumentException(code: 0): Log [] is not defined. at /Users/akimotokeiju/Desktop/vending_machine/vendor/laravel/framework/src/Illuminate/Log/LogManager.php:210)
[stacktrace]
#0 /Users/akimotokeiju/Desktop/vending_machine/vendor/laravel/framework/src/Illuminate/Log/LogManager.php(135): Illuminate\\Log\\LogManager->resolve(NULL, NULL)
#1 /Users/akimotokeiju/Desktop/vending_machine/vendor/laravel/framework/src/Illuminate/Log/LogManager.php(122): Illuminate\\Log\\LogManager->get(NULL)
#2 /Users/akimotokeiju/Desktop/vending_machine/vendor/laravel/framework/src/Illuminate/Log/LogManager.php(645): Illuminate\\Log\\LogManager->driver()
#3 /Users/akimotokeiju/Desktop/vending_machine/vendor/laravel/framework/src/Illuminate/Foundation/Exceptions/Handler.php(274): Illuminate\\Log\\LogManager->error('Trying to acces...', Array)
#4 /Users/akimotokeiju/Desktop/vending_machine/vendor/laravel/framework/src/Illuminate/Foundation/Bootstrap/HandleExceptions.php(198): Illuminate\\Foundation\\Exceptions\\Handler->report(Object(ErrorException))
#5 /Users/akimotokeiju/Desktop/vending_machine/vendor/laravel/framework/src/Illuminate/Foundation/Bootstrap/HandleExceptions.php(270): Illuminate\\Foundation\\Bootstrap\\HandleExceptions->handleException(Object(ErrorException))
#6 [internal function]: Illuminate\\Foundation\\Bootstrap\\HandleExceptions->Illuminate\\Foundation\\Bootstrap\\{closure}(Object(ErrorException))
#7 {main}
"} 
[2026-08-16 13:12:40] laravel.ERROR: Trying to access array offset on value of type null {"exception":"[object] (ErrorException(code: 0): Trying to access array offset on value of type null at /Users/akimotokeiju/Desktop/vending_machine/vendor/laravel/framework/src/Illuminate/Cookie/CookieServiceProvider.php:20)
[stacktrace]
#0 /Users/akimotokeiju/Desktop/vending_machine/vendor/laravel/framework/src/Illuminate/Foundation/Bootstrap/HandleExceptions.php(270): Illuminate\\Foundation\\Bootstrap\\HandleExceptions->handleError(2, 'Trying to acces...', '/Users/akimotok...', 20)
#1 /Users/akimotokeiju/Desktop/vending_machine/vendor/laravel/framework/src/Illuminate/Cookie/CookieServiceProvider.php(20): Illuminate\\Foundation\\Bootstrap\\HandleExceptions->Illuminate\\Foundation\\Bootstrap\\{closure}(2, 'Trying to acces...', '/Users/akimotok...', 20)
#2 /Users/akimotokeiju/Desktop/vending_machine/vendor/laravel/framework/src/Illuminate/Container/Container.php(885): Illuminate\\Cookie\\CookieServiceProvider->Illuminate\\Cookie\\{closure}(Object(Illuminate\\Foundation\\Application), Array)
#3 /Users/akimotokeiju/Desktop/vending_machine/vendor/laravel/framework/src/Illuminate/Container/Container.php(770): Illuminate\\Container\\Container->build(Object(Closure))
#4 /Users/akimotokeiju/Desktop/vending_machine/vendor/laravel/framework/src/Illuminate/Foundation/Application.php(881): Illuminate\\Container\\Container->resolve('cookie', Array, true)
#5 /Users/akimotokeiju/Desktop/vending_machine/vendor/laravel/framework/src/Illuminate/Container/Container.php(706): Illuminate\\Foundation\\Application->resolve('cookie', Array)
#6 /Users/akimotokeiju/Desktop/vending_machine/vendor/laravel/framework/src/Illuminate/Foundation/Application.php(866): Illuminate\\Container\\Container->make('cookie', Array)
#7 /Users/akimotokeiju/Desktop/vending_machine/vendor/laravel/framework/src/Illuminate/Container/Container.php(1043): Illuminate\\Foundation\\Application->make('cookie')
#8 /Users/akimotokeiju/Desktop/vending_machine/vendor/laravel/framework/src/Illuminate/Container/Container.php(959): Illuminate\\Container\\Container->resolveClass(Object(ReflectionParameter))
#9 /Users/akimotokeiju/Desktop/vending_machine/vendor/laravel/framework/src/Illuminate/Container/Container.php(920): Illuminate\\Container\\Container->resolveDependencies(Array)
#10 /Users/akimotokeiju/Desktop/vending_machine/vendor/laravel/framework/src/Illuminate/Container/Container.php(770): Illuminate\\Container\\Container->build('Illuminate\\\\Cook...')
#11 /Users/akimotokeiju/Desktop/vending_machine/vendor/laravel/framework/src/Illuminate/Foundation/Application.php(881): Illuminate\\Container\\Container->resolve('Illuminate\\\\Cook...', Array, true)
#12 /Users/akimotokeiju/Desktop/vending_machine/vendor/laravel/framework/src/Illuminate/Container/Container.php(706): Illuminate\\Foundation\\Application->resolve('Illuminate\\\\Cook...', Array)
#13 /Users/akimotokeiju/Desktop/vending_machine/vendor/laravel/framework/src/Illuminate/Foundation/Application.php(866): Illuminate\\Container\\Container->make('Illuminate\\\\Cook...', Array)
#14 /Users/akimotokeiju/Desktop/vending_machine/vendor/laravel/framework/src/Illuminate/Foundation/Http/Kernel.php(239): Illuminate\\Foundation\\Application->make('Illuminate\\\\Cook...')
#15 /Users/akimotokeiju/Desktop/vending_machine/vendor/laravel/framework/src/Illuminate/Foundation/Http/Kernel.php(203): Illuminate\\Foundation\\Http\\Kernel->terminateMiddleware(Object(Illuminate\\Http\\Request), Object(Illuminate\\Http\\Response))
#16 /Users/akimotokeiju/Desktop/vending_machine/public/index.php(55): Illuminate\\Foundation\\Http\\Kernel->terminate(Object(Illuminate\\Http\\Request), Object(Illuminate\\Http\\Response))
#17 {main}
"} 
[2026-08-16 13:15:33] laravel.EMERGENCY: Unable to create configured logger. Using emergency logger. {"exception":"[object] (InvalidArgumentException(code: 0): Log [] is not defined. at /Users/akimotokeiju/Desktop/vending_machine/vendor/laravel/framework/src/Illuminate/Log/LogManager.php:210)
[stacktrace]
#0 /Users/akimotokeiju/Desktop/vending_machine/vendor/laravel/framework/src/Illuminate/Log/LogManager.php(135): Illuminate\\Log\\LogManager->resolve(NULL, NULL)
#1 /Users/akimotokeiju/Desktop/vending_machine/vendor/laravel/framework/src/Illuminate/Log/LogManager.php(122): Illuminate\\Log\\LogManager->get(NULL)
#2 /Users/akimotokeiju/Desktop/vending_machine/vendor/laravel/framework/src/Illuminate/Log/LogManager.php(645): Illuminate\\Log\\LogManager->driver()
#3 /Users/akimotokeiju/Desktop/vending_machine/vendor/laravel/framework/src/Illuminate/Foundation/Exceptions/Handler.php(274): Illuminate\\Log\\LogManager->error('Trying to acces...', Array)
#4 /Users/akimotokeiju/Desktop/vending_machine/vendor/laravel/framework/src/Illuminate/Routing/Pipeline.php(49): Illuminate\\Foundation\\Exceptions\\Handler->report(Object(ErrorException))
#5 /Users/akimotokeiju/Desktop/vending_machine/vendor/laravel/framework/src/Illuminate/Pipeline/Pipeline.php(185): Illuminate\\Routing\\Pipeline->handleException(Object(Illuminate\\Http\\Request), Object(ErrorException))
#6 /Users/akimotokeiju/Desktop/vending_machine/vendor/laravel/framework/src/Illuminate/Cookie/Middleware/EncryptCookies.php(67): Illuminate\\Pipeline\\Pipeline->Illuminate\\Pipeline\\{closure}(Object(Illuminate\\Http\\Request))
#7 /Users/akimotokeiju/Desktop/vending_machine/vendor/laravel/framework/src/Illuminate/Pipeline/Pipeline.php(180): Illuminate\\Cookie\\Middleware\\EncryptCookies->handle(Object(Illuminate\\Http\\Request), Object(Closure))
#8 /Users/akimotokeiju/Desktop/vending_machine/vendor/laravel/framework/src/Illuminate/Pipeline/Pipeline.php(116): Illuminate\\Pipeline\\Pipeline->Illuminate\\Pipeline\\{closure}(Object(Illuminate\\Http\\Request))
#9 /Users/akimotokeiju/Desktop/vending_machine/vendor/laravel/framework/src/Illuminate/Routing/Router.php(797): Illuminate\\Pipeline\\Pipeline->then(Object(Closure))
#10 /Users/akimotokeiju/Desktop/vending_machine/vendor/laravel/framework/src/Illuminate/Routing/Router.php(776): Illuminate\\Routing\\Router->runRouteWithinStack(Object(Illuminate\\Routing\\Route), Object(Illuminate\\Http\\Request))
#11 /Users/akimotokeiju/Desktop/vending_machine/vendor/laravel/framework/src/Illuminate/Routing/Router.php(740): Illuminate\\Routing\\Router->runRoute(Object(Illuminate\\Http\\Request), Object(Illuminate\\Routing\\Route))
#12 /Users/akimotokeiju/Desktop/vending_machine/vendor/laravel/framework/src/Illuminate/Routing/Router.php(729): Illuminate\\Routing\\Router->dispatchToRoute(Object(Illuminate\\Http\\Request))
#13 /Users/akimotokeiju/Desktop/vending_machine/vendor/laravel/framework/src/Illuminate/Foundation/Http/Kernel.php(190): Illuminate\\Routing\\Router->dispatch(Object(Illuminate\\Http\\Request))
#14 /Users/akimotokeiju/Desktop/vending_machine/vendor/laravel/framework/src/Illuminate/Pipeline/Pipeline.php(141): Illuminate\\Foundation\\Http\\Kernel->Illuminate\\Foundation\\Http\\{closure}(Object(Illuminate\\Http\\Request))
#15 /Users/akimotokeiju/Desktop/vending_machine/vendor/laravel/framework/src/Illuminate/Foundation/Http/Middleware/TransformsRequest.php(21): Illuminate\\Pipeline\\Pipeline->Illuminate\\Pipeline\\{closure}(Object(Illuminate\\Http\\Request))
#16 /Users/akimotokeiju/Desktop/vending_machine/vendor/laravel/framework/src/Illuminate/Foundation/Http/Middleware/ConvertEmptyStringsToNull.php(31): Illuminate\\Foundation\\Http\\Middleware\\TransformsRequest->handle(Object(Illuminate\\Http\\Request), Object(Closure))
#17 /Users/akimotokeiju/Desktop/vending_machine/vendor/laravel/framework/src/Illuminate/Pipeline/Pipeline.php(180): Illuminate\\Foundation\\Http\\Middleware\\ConvertEmptyStringsToNull->handle(Object(Illuminate\\Http\\Request), Object(Closure))
#18 /Users/akimotokeiju/Desktop/vending_machine/vendor/laravel/framework/src/Illuminate/Foundation/Http/Middleware/TransformsRequest.php(21): Illuminate\\Pipeline\\Pipeline->Illuminate\\Pipeline\\{closure}(Object(Illuminate\\Http\\Request))
#19 /Users/akimotokeiju/Desktop/vending_machine/vendor/laravel/framework/src/Illuminate/Foundation/Http/Middleware/TrimStrings.php(40): Illuminate\\Foundation\\Http\\Middleware\\TransformsRequest->handle(Object(Illuminate\\Http\\Request), Object(Closure))
#20 /Users/akimotokeiju/Desktop/vending_machine/vendor/laravel/framework/src/Illuminate/Pipeline/Pipeline.php(180): Illuminate\\Foundation\\Http\\Middleware\\TrimStrings->handle(Object(Illuminate\\Http\\Request), Object(Closure))
#21 /Users/akimotokeiju/Desktop/vending_machine/vendor/laravel/framework/src/Illuminate/Foundation/Http/Middleware/ValidatePostSize.php(27): Illuminate\\Pipeline\\Pipeline->Illuminate\\Pipeline\\{closure}(Object(Illuminate\\Http\\Request))
#22 /Users/akimotokeiju/Desktop/vending_machine/vendor/laravel/framework/src/Illuminate/Pipeline/Pipeline.php(180): Illuminate\\Foundation\\Http\\Middleware\\ValidatePostSize->handle(Object(Illuminate\\Http\\Request), Object(Closure))
#23 /Users/akimotokeiju/Desktop/vending_machine/vendor/laravel/framework/src/Illuminate/Foundation/Http/Middleware/PreventRequestsDuringMaintenance.php(86): Illuminate\\Pipeline\\Pipeline->Illuminate\\Pipeline\\{closure}(Object(Illuminate\\Http\\Request))
#24 /Users/akimotokeiju/Desktop/vending_machine/vendor/laravel/framework/src/Illuminate/Pipeline/Pipeline.php(180): Illuminate\\Foundation\\Http\\Middleware\\PreventRequestsDuringMaintenance->handle(Object(Illuminate\\Http\\Request), Object(Closure))
#25 /Users/akimotokeiju/Desktop/vending_machine/vendor/laravel/framework/src/Illuminate/Http/Middleware/HandleCors.php(49): Illuminate\\Pipeline\\Pipeline->Illuminate\\Pipeline\\{closure}(Object(Illuminate\\Http\\Request))
#26 /Users/akimotokeiju/Desktop/vending_machine/vendor/laravel/framework/src/Illuminate/Pipeline/Pipeline.php(180): Illuminate\\Http\\Middleware\\HandleCors->handle(Object(Illuminate\\Http\\Request), Object(Closure))
#27 /Users/akimotokeiju/Desktop/vending_machine/vendor/laravel/framework/src/Illuminate/Http/Middleware/TrustProxies.php(39): Illuminate\\Pipeline\\Pipeline->Illuminate\\Pipeline\\{closure}(Object(Illuminate\\Http\\Request))
#28 /Users/akimotokeiju/Desktop/vending_machine/vendor/laravel/framework/src/Illuminate/Pipeline/Pipeline.php(180): Illuminate\\Http\\Middleware\\TrustProxies->handle(Object(Illuminate\\Http\\Request), Object(Closure))
#29 /Users/akimotokeiju/Desktop/vending_machine/vendor/laravel/framework/src/Illuminate/Pipeline/Pipeline.php(116): Illuminate\\Pipeline\\Pipeline->Illuminate\\Pipeline\\{closure}(Object(Illuminate\\Http\\Request))
#30 /Users/akimotokeiju/Desktop/vending_machine/vendor/laravel/framework/src/Illuminate/Foundation/Http/Kernel.php(165): Illuminate\\Pipeline\\Pipeline->then(Object(Closure))
#31 /Users/akimotokeiju/Desktop/vending_machine/vendor/laravel/framework/src/Illuminate/Foundation/Http/Kernel.php(134): Illuminate\\Foundation\\Http\\Kernel->sendRequestThroughRouter(Object(Illuminate\\Http\\Request))
#32 /Users/akimotokeiju/Desktop/vending_machine/public/index.php(51): Illuminate\\Foundation\\Http\\Kernel->handle(Object(Illuminate\\Http\\Request))
#33 {main}
"} 
[2026-08-16 13:15:33] laravel.ERROR: Trying to access array offset on value of type null {"exception":"[object] (ErrorException(code: 0): Trying to access array offset on value of type null at /Users/akimotokeiju/Desktop/vending_machine/vendor/laravel/framework/src/Illuminate/Cookie/CookieServiceProvider.php:20)
[stacktrace]
#0 /Users/akimotokeiju/Desktop/vending_machine/vendor/laravel/framework/src/Illuminate/Foundation/Bootstrap/HandleExceptions.php(270): Illuminate\\Foundation\\Bootstrap\\HandleExceptions->handleError(2, 'Trying to acces...', '/Users/akimotok...', 20)
#1 /Users/akimotokeiju/Desktop/vending_machine/vendor/laravel/framework/src/Illuminate/Cookie/CookieServiceProvider.php(20): Illuminate\\Foundation\\Bootstrap\\HandleExceptions->Illuminate\\Foundation\\Bootstrap\\{closure}(2, 'Trying to acces...', '/Users/akimotok...', 20)
#2 /Users/akimotokeiju/Desktop/vending_machine/vendor/laravel/framework/src/Illuminate/Container/Container.php(885): Illuminate\\Cookie\\CookieServiceProvider->Illuminate\\Cookie\\{closure}(Object(Illuminate\\Foundation\\Application), Array)
#3 /Users/akimotokeiju/Desktop/vending_machine/vendor/laravel/framework/src/Illuminate/Container/Container.php(770): Illuminate\\Container\\Container->build(Object(Closure))
#4 /Users/akimotokeiju/Desktop/vending_machine/vendor/laravel/framework/src/Illuminate/Foundation/Application.php(881): Illuminate\\Container\\Container->resolve('cookie', Array, true)
#5 /Users/akimotokeiju/Desktop/vending_machine/vendor/laravel/framework/src/Illuminate/Container/Container.php(706): Illuminate\\Foundation\\Application->resolve('cookie', Array)
#6 /Users/akimotokeiju/Desktop/vending_machine/vendor/laravel/framework/src/Illuminate/Foundation/Application.php(866): Illuminate\\Container\\Container->make('cookie', Array)
#7 /Users/akimotokeiju/Desktop/vending_machine/vendor/laravel/framework/src/Illuminate/Container/Container.php(1043): Illuminate\\Foundation\\Application->make('cookie')
#8 /Users/akimotokeiju/Desktop/vending_machine/vendor/laravel/framework/src/Illuminate/Container/Container.php(959): Illuminate\\Container\\Container->resolveClass(Object(ReflectionParameter))
#9 /Users/akimotokeiju/Desktop/vending_machine/vendor/laravel/framework/src/Illuminate/Container/Container.php(920): Illuminate\\Container\\Container->resolveDependencies(Array)
#10 /Users/akimotokeiju/Desktop/vending_machine/vendor/laravel/framework/src/Illuminate/Container/Container.php(770): Illuminate\\Container\\Container->build('Illuminate\\\\Cook...')
#11 /Users/akimotokeiju/Desktop/vending_machine/vendor/laravel/framework/src/Illuminate/Foundation/Application.php(881): Illuminate\\Container\\Container->resolve('Illuminate\\\\Cook...', Array, true)
#12 /Users/akimotokeiju/Desktop/vending_machine/vendor/laravel/framework/src/Illuminate/Container/Container.php(706): Illuminate\\Foundation\\Application->resolve('Illuminate\\\\Cook...', Array)
#13 /Users/akimotokeiju/Desktop/vending_machine/vendor/laravel/framework/src/Illuminate/Foundation/Application.php(866): Illuminate\\Container\\Container->make('Illuminate\\\\Cook...', Array)
#14 /Users/akimotokeiju/Desktop/vending_machine/vendor/laravel/framework/src/Illuminate/Pipeline/Pipeline.php(169): Illuminate\\Foundation\\Application->make('Illuminate\\\\Cook...')
#15 /Users/akimotokeiju/Desktop/vending_machine/vendor/laravel/framework/src/Illuminate/Cookie/Middleware/EncryptCookies.php(67): Illuminate\\Pipeline\\Pipeline->Illuminate\\Pipeline\\{closure}(Object(Illuminate\\Http\\Request))
#16 /Users/akimotokeiju/Desktop/vending_machine/vendor/laravel/framework/src/Illuminate/Pipeline/Pipeline.php(180): Illuminate\\Cookie\\Middleware\\EncryptCookies->handle(Object(Illuminate\\Http\\Request), Object(Closure))
#17 /Users/akimotokeiju/Desktop/vending_machine/vendor/laravel/framework/src/Illuminate/Pipeline/Pipeline.php(116): Illuminate\\Pipeline\\Pipeline->Illuminate\\Pipeline\\{closure}(Object(Illuminate\\Http\\Request))
#18 /Users/akimotokeiju/Desktop/vending_machine/vendor/laravel/framework/src/Illuminate/Routing/Router.php(797): Illuminate\\Pipeline\\Pipeline->then(Object(Closure))
#19 /Users/akimotokeiju/Desktop/vending_machine/vendor/laravel/framework/src/Illuminate/Routing/Router.php(776): Illuminate\\Routing\\Router->runRouteWithinStack(Object(Illuminate\\Routing\\Route), Object(Illuminate\\Http\\Request))
#20 /Users/akimotokeiju/Desktop/vending_machine/vendor/laravel/framework/src/Illuminate/Routing/Router.php(740): Illuminate\\Routing\\Router->runRoute(Object(Illuminate\\Http\\Request), Object(Illuminate\\Routing\\Route))
#21 /Users/akimotokeiju/Desktop/vending_machine/vendor/laravel/framework/src/Illuminate/Routing/Router.php(729): Illuminate\\Routing\\Router->dispatchToRoute(Object(Illuminate\\Http\\Request))
#22 /Users/akimotokeiju/Desktop/vending_machine/vendor/laravel/framework/src/Illuminate/Foundation/Http/Kernel.php(190): Illuminate\\Routing\\Router->dispatch(Object(Illuminate\\Http\\Request))
#23 /Users/akimotokeiju/Desktop/vending_machine/vendor/laravel/framework/src/Illuminate/Pipeline/Pipeline.php(141): Illuminate\\Foundation\\Http\\Kernel->Illuminate\\Foundation\\Http\\{closure}(Object(Illuminate\\Http\\Request))
#24 /Users/akimotokeiju/Desktop/vending_machine/vendor/laravel/framework/src/Illuminate/Foundation/Http/Middleware/TransformsRequest.php(21): Illuminate\\Pipeline\\Pipeline->Illuminate\\Pipeline\\{closure}(Object(Illuminate\\Http\\Request))
#25 /Users/akimotokeiju/Desktop/vending_machine/vendor/laravel/framework/src/Illuminate/Foundation/Http/Middleware/ConvertEmptyStringsToNull.php(31): Illuminate\\Foundation\\Http\\Middleware\\TransformsRequest->handle(Object(Illuminate\\Http\\Request), Object(Closure))
#26 /Users/akimotokeiju/Desktop/vending_machine/vendor/laravel/framework/src/Illuminate/Pipeline/Pipeline.php(180): Illuminate\\Foundation\\Http\\Middleware\\ConvertEmptyStringsToNull->handle(Object(Illuminate\\Http\\Request), Object(Closure))
#27 /Users/akimotokeiju/Desktop/vending_machine/vendor/laravel/framework/src/Illuminate/Foundation/Http/Middleware/TransformsRequest.php(21): Illuminate\\Pipeline\\Pipeline->Illuminate\\Pipeline\\{closure}(Object(Illuminate\\Http\\Request))
#28 /Users/akimotokeiju/Desktop/vending_machine/vendor/laravel/framework/src/Illuminate/Foundation/Http/Middleware/TrimStrings.php(40): Illuminate\\Foundation\\Http\\Middleware\\TransformsRequest->handle(Object(Illuminate\\Http\\Request), Object(Closure))
#29 /Users/akimotokeiju/Desktop/vending_machine/vendor/laravel/framework/src/Illuminate/Pipeline/Pipeline.php(180): Illuminate\\Foundation\\Http\\Middleware\\TrimStrings->handle(Object(Illuminate\\Http\\Request), Object(Closure))
#30 /Users/akimotokeiju/Desktop/vending_machine/vendor/laravel/framework/src/Illuminate/Foundation/Http/Middleware/ValidatePostSize.php(27): Illuminate\\Pipeline\\Pipeline->Illuminate\\Pipeline\\{closure}(Object(Illuminate\\Http\\Request))
#31 /Users/akimotokeiju/Desktop/vending_machine/vendor/laravel/framework/src/Illuminate/Pipeline/Pipeline.php(180): Illuminate\\Foundation\\Http\\Middleware\\ValidatePostSize->handle(Object(Illuminate\\Http\\Request), Object(Closure))
#32 /Users/akimotokeiju/Desktop/vending_machine/vendor/laravel/framework/src/Illuminate/Foundation/Http/Middleware/PreventRequestsDuringMaintenance.php(86): Illuminate\\Pipeline\\Pipeline->Illuminate\\Pipeline\\{closure}(Object(Illuminate\\Http\\Request))
#33 /Users/akimotokeiju/Desktop/vending_machine/vendor/laravel/framework/src/Illuminate/Pipeline/Pipeline.php(180): Illuminate\\Foundation\\Http\\Middleware\\PreventRequestsDuringMaintenance->handle(Object(Illuminate\\Http\\Request), Object(Closure))
#34 /Users/akimotokeiju/Desktop/vending_machine/vendor/laravel/framework/src/Illuminate/Http/Middleware/HandleCors.php(49): Illuminate\\Pipeline\\Pipeline->Illuminate\\Pipeline\\{closure}(Object(Illuminate\\Http\\Request))
#35 /Users/akimotokeiju/Desktop/vending_machine/vendor/laravel/framework/src/Illuminate/Pipeline/Pipeline.php(180): Illuminate\\Http\\Middleware\\HandleCors->handle(Object(Illuminate\\Http\\Request), Object(Closure))
#36 /Users/akimotokeiju/Desktop/vending_machine/vendor/laravel/framework/src/Illuminate/Http/Middleware/TrustProxies.php(39): Illuminate\\Pipeline\\Pipeline->Illuminate\\Pipeline\\{closure}(Object(Illuminate\\Http\\Request))
#37 /Users/akimotokeiju/Desktop/vending_machine/vendor/laravel/framework/src/Illuminate/Pipeline/Pipeline.php(180): Illuminate\\Http\\Middleware\\TrustProxies->handle(Object(Illuminate\\Http\\Request), Object(Closure))
#38 /Users/akimotokeiju/Desktop/vending_machine/vendor/laravel/framework/src/Illuminate/Pipeline/Pipeline.php(116): Illuminate\\Pipeline\\Pipeline->Illuminate\\Pipeline\\{closure}(Object(Illuminate\\Http\\Request))
#39 /Users/akimotokeiju/Desktop/vending_machine/vendor/laravel/framework/src/Illuminate/Foundation/Http/Kernel.php(165): Illuminate\\Pipeline\\Pipeline->then(Object(Closure))
#40 /Users/akimotokeiju/Desktop/vending_machine/vendor/laravel/framework/src/Illuminate/Foundation/Http/Kernel.php(134): Illuminate\\Foundation\\Http\\Kernel->sendRequestThroughRouter(Object(Illuminate\\Http\\Request))
#41 /Users/akimotokeiju/Desktop/vending_machine/public/index.php(51): Illuminate\\Foundation\\Http\\Kernel->handle(Object(Illuminate\\Http\\Request))
#42 {main}
"} 
[2026-08-16 13:15:34] laravel.EMERGENCY: Unable to create configured logger. Using emergency logger. {"exception":"[object] (InvalidArgumentException(code: 0): Log [] is not defined. at /Users/akimotokeiju/Desktop/vending_machine/vendor/laravel/framework/src/Illuminate/Log/LogManager.php:210)
[stacktrace]
#0 /Users/akimotokeiju/Desktop/vending_machine/vendor/laravel/framework/src/Illuminate/Log/LogManager.php(135): Illuminate\\Log\\LogManager->resolve(NULL, NULL)
#1 /Users/akimotokeiju/Desktop/vending_machine/vendor/laravel/framework/src/Illuminate/Log/LogManager.php(122): Illuminate\\Log\\LogManager->get(NULL)
#2 /Users/akimotokeiju/Desktop/vending_machine/vendor/laravel/framework/src/Illuminate/Log/LogManager.php(645): Illuminate\\Log\\LogManager->driver()
#3 /Users/akimotokeiju/Desktop/vending_machine/vendor/laravel/framework/src/Illuminate/Foundation/Exceptions/Handler.php(274): Illuminate\\Log\\LogManager->error('Trying to acces...', Array)
#4 /Users/akimotokeiju/Desktop/vending_machine/vendor/laravel/framework/src/Illuminate/Foundation/Bootstrap/HandleExceptions.php(198): Illuminate\\Foundation\\Exceptions\\Handler->report(Object(ErrorException))
#5 /Users/akimotokeiju/Desktop/vending_machine/vendor/laravel/framework/src/Illuminate/Foundation/Bootstrap/HandleExceptions.php(270): Illuminate\\Foundation\\Bootstrap\\HandleExceptions->handleException(Object(ErrorException))
#6 [internal function]: Illuminate\\Foundation\\Bootstrap\\HandleExceptions->Illuminate\\Foundation\\Bootstrap\\{closure}(Object(ErrorException))
#7 {main}
"} 
[2026-08-16 13:15:34] laravel.ERROR: Trying to access array offset on value of type null {"exception":"[object] (ErrorException(code: 0): Trying to access array offset on value of type null at /Users/akimotokeiju/Desktop/vending_machine/vendor/laravel/framework/src/Illuminate/Cookie/CookieServiceProvider.php:20)
[stacktrace]
#0 /Users/akimotokeiju/Desktop/vending_machine/vendor/laravel/framework/src/Illuminate/Foundation/Bootstrap/HandleExceptions.php(270): Illuminate\\Foundation\\Bootstrap\\HandleExceptions->handleError(2, 'Trying to acces...', '/Users/akimotok...', 20)
#1 /Users/akimotokeiju/Desktop/vending_machine/vendor/laravel/framework/src/Illuminate/Cookie/CookieServiceProvider.php(20): Illuminate\\Foundation\\Bootstrap\\HandleExceptions->Illuminate\\Foundation\\Bootstrap\\{closure}(2, 'Trying to acces...', '/Users/akimotok...', 20)
#2 /Users/akimotokeiju/Desktop/vending_machine/vendor/laravel/framework/src/Illuminate/Container/Container.php(885): Illuminate\\Cookie\\CookieServiceProvider->Illuminate\\Cookie\\{closure}(Object(Illuminate\\Foundation\\Application), Array)
#3 /Users/akimotokeiju/Desktop/vending_machine/vendor/laravel/framework/src/Illuminate/Container/Container.php(770): Illuminate\\Container\\Container->build(Object(Closure))
#4 /Users/akimotokeiju/Desktop/vending_machine/vendor/laravel/framework/src/Illuminate/Foundation/Application.php(881): Illuminate\\Container\\Container->resolve('cookie', Array, true)
#5 /Users/akimotokeiju/Desktop/vending_machine/vendor/laravel/framework/src/Illuminate/Container/Container.php(706): Illuminate\\Foundation\\Application->resolve('cookie', Array)
#6 /Users/akimotokeiju/Desktop/vending_machine/vendor/laravel/framework/src/Illuminate/Foundation/Application.php(866): Illuminate\\Container\\Container->make('cookie', Array)
#7 /Users/akimotokeiju/Desktop/vending_machine/vendor/laravel/framework/src/Illuminate/Container/Container.php(1043): Illuminate\\Foundation\\Application->make('cookie')
#8 /Users/akimotokeiju/Desktop/vending_machine/vendor/laravel/framework/src/Illuminate/Container/Container.php(959): Illuminate\\Container\\Container->resolveClass(Object(ReflectionParameter))
#9 /Users/akimotokeiju/Desktop/vending_machine/vendor/laravel/framework/src/Illuminate/Container/Container.php(920): Illuminate\\Container\\Container->resolveDependencies(Array)
#10 /Users/akimotokeiju/Desktop/vending_machine/vendor/laravel/framework/src/Illuminate/Container/Container.php(770): Illuminate\\Container\\Container->build('Illuminate\\\\Cook...')
#11 /Users/akimotokeiju/Desktop/vending_machine/vendor/laravel/framework/src/Illuminate/Foundation/Application.php(881): Illuminate\\Container\\Container->resolve('Illuminate\\\\Cook...', Array, true)
#12 /Users/akimotokeiju/Desktop/vending_machine/vendor/laravel/framework/src/Illuminate/Container/Container.php(706): Illuminate\\Foundation\\Application->resolve('Illuminate\\\\Cook...', Array)
#13 /Users/akimotokeiju/Desktop/vending_machine/vendor/laravel/framework/src/Illuminate/Foundation/Application.php(866): Illuminate\\Container\\Container->make('Illuminate\\\\Cook...', Array)
#14 /Users/akimotokeiju/Desktop/vending_machine/vendor/laravel/framework/src/Illuminate/Foundation/Http/Kernel.php(239): Illuminate\\Foundation\\Application->make('Illuminate\\\\Cook...')
#15 /Users/akimotokeiju/Desktop/vending_machine/vendor/laravel/framework/src/Illuminate/Foundation/Http/Kernel.php(203): Illuminate\\Foundation\\Http\\Kernel->terminateMiddleware(Object(Illuminate\\Http\\Request), Object(Illuminate\\Http\\Response))
#16 /Users/akimotokeiju/Desktop/vending_machine/public/index.php(55): Illuminate\\Foundation\\Http\\Kernel->terminate(Object(Illuminate\\Http\\Request), Object(Illuminate\\Http\\Response))
#17 {main}
"} 
[2026-08-16 13:21:13] laravel.EMERGENCY: Unable to create configured logger. Using emergency logger. {"exception":"[object] (InvalidArgumentException(code: 0): Log [] is not defined. at /Users/akimotokeiju/Desktop/vending_machine/vendor/laravel/framework/src/Illuminate/Log/LogManager.php:210)
[stacktrace]
#0 /Users/akimotokeiju/Desktop/vending_machine/vendor/laravel/framework/src/Illuminate/Log/LogManager.php(135): Illuminate\\Log\\LogManager->resolve(NULL, NULL)
#1 /Users/akimotokeiju/Desktop/vending_machine/vendor/laravel/framework/src/Illuminate/Log/LogManager.php(122): Illuminate\\Log\\LogManager->get(NULL)
#2 /Users/akimotokeiju/Desktop/vending_machine/vendor/laravel/framework/src/Illuminate/Log/LogManager.php(645): Illuminate\\Log\\LogManager->driver()
#3 /Users/akimotokeiju/Desktop/vending_machine/vendor/laravel/framework/src/Illuminate/Foundation/Exceptions/Handler.php(274): Illuminate\\Log\\LogManager->error('Trying to acces...', Array)
#4 /Users/akimotokeiju/Desktop/vending_machine/vendor/laravel/framework/src/Illuminate/Routing/Pipeline.php(49): Illuminate\\Foundation\\Exceptions\\Handler->report(Object(ErrorException))
#5 /Users/akimotokeiju/Desktop/vending_machine/vendor/laravel/framework/src/Illuminate/Pipeline/Pipeline.php(185): Illuminate\\Routing\\Pipeline->handleException(Object(Illuminate\\Http\\Request), Object(ErrorException))
#6 /Users/akimotokeiju/Desktop/vending_machine/vendor/laravel/framework/src/Illuminate/Cookie/Middleware/EncryptCookies.php(67): Illuminate\\Pipeline\\Pipeline->Illuminate\\Pipeline\\{closure}(Object(Illuminate\\Http\\Request))
#7 /Users/akimotokeiju/Desktop/vending_machine/vendor/laravel/framework/src/Illuminate/Pipeline/Pipeline.php(180): Illuminate\\Cookie\\Middleware\\EncryptCookies->handle(Object(Illuminate\\Http\\Request), Object(Closure))
#8 /Users/akimotokeiju/Desktop/vending_machine/vendor/laravel/framework/src/Illuminate/Pipeline/Pipeline.php(116): Illuminate\\Pipeline\\Pipeline->Illuminate\\Pipeline\\{closure}(Object(Illuminate\\Http\\Request))
#9 /Users/akimotokeiju/Desktop/vending_machine/vendor/laravel/framework/src/Illuminate/Routing/Router.php(797): Illuminate\\Pipeline\\Pipeline->then(Object(Closure))
#10 /Users/akimotokeiju/Desktop/vending_machine/vendor/laravel/framework/src/Illuminate/Routing/Router.php(776): Illuminate\\Routing\\Router->runRouteWithinStack(Object(Illuminate\\Routing\\Route), Object(Illuminate\\Http\\Request))
#11 /Users/akimotokeiju/Desktop/vending_machine/vendor/laravel/framework/src/Illuminate/Routing/Router.php(740): Illuminate\\Routing\\Router->runRoute(Object(Illuminate\\Http\\Request), Object(Illuminate\\Routing\\Route))
#12 /Users/akimotokeiju/Desktop/vending_machine/vendor/laravel/framework/src/Illuminate/Routing/Router.php(729): Illuminate\\Routing\\Router->dispatchToRoute(Object(Illuminate\\Http\\Request))
#13 /Users/akimotokeiju/Desktop/vending_machine/vendor/laravel/framework/src/Illuminate/Foundation/Http/Kernel.php(190): Illuminate\\Routing\\Router->dispatch(Object(Illuminate\\Http\\Request))
#14 /Users/akimotokeiju/Desktop/vending_machine/vendor/laravel/framework/src/Illuminate/Pipeline/Pipeline.php(141): Illuminate\\Foundation\\Http\\Kernel->Illuminate\\Foundation\\Http\\{closure}(Object(Illuminate\\Http\\Request))
#15 /Users/akimotokeiju/Desktop/vending_machine/vendor/laravel/framework/src/Illuminate/Foundation/Http/Middleware/TransformsRequest.php(21): Illuminate\\Pipeline\\Pipeline->Illuminate\\Pipeline\\{closure}(Object(Illuminate\\Http\\Request))
#16 /Users/akimotokeiju/Desktop/vending_machine/vendor/laravel/framework/src/Illuminate/Foundation/Http/Middleware/ConvertEmptyStringsToNull.php(31): Illuminate\\Foundation\\Http\\Middleware\\TransformsRequest->handle(Object(Illuminate\\Http\\Request), Object(Closure))
#17 /Users/akimotokeiju/Desktop/vending_machine/vendor/laravel/framework/src/Illuminate/Pipeline/Pipeline.php(180): Illuminate\\Foundation\\Http\\Middleware\\ConvertEmptyStringsToNull->handle(Object(Illuminate\\Http\\Request), Object(Closure))
#18 /Users/akimotokeiju/Desktop/vending_machine/vendor/laravel/framework/src/Illuminate/Foundation/Http/Middleware/TransformsRequest.php(21): Illuminate\\Pipeline\\Pipeline->Illuminate\\Pipeline\\{closure}(Object(Illuminate\\Http\\Request))
#19 /Users/akimotokeiju/Desktop/vending_machine/vendor/laravel/framework/src/Illuminate/Foundation/Http/Middleware/TrimStrings.php(40): Illuminate\\Foundation\\Http\\Middleware\\TransformsRequest->handle(Object(Illuminate\\Http\\Request), Object(Closure))
#20 /Users/akimotokeiju/Desktop/vending_machine/vendor/laravel/framework/src/Illuminate/Pipeline/Pipeline.php(180): Illuminate\\Foundation\\Http\\Middleware\\TrimStrings->handle(Object(Illuminate\\Http\\Request), Object(Closure))
#21 /Users/akimotokeiju/Desktop/vending_machine/vendor/laravel/framework/src/Illuminate/Foundation/Http/Middleware/ValidatePostSize.php(27): Illuminate\\Pipeline\\Pipeline->Illuminate\\Pipeline\\{closure}(Object(Illuminate\\Http\\Request))
#22 /Users/akimotokeiju/Desktop/vending_machine/vendor/laravel/framework/src/Illuminate/Pipeline/Pipeline.php(180): Illuminate\\Foundation\\Http\\Middleware\\ValidatePostSize->handle(Object(Illuminate\\Http\\Request), Object(Closure))
#23 /Users/akimotokeiju/Desktop/vending_machine/vendor/laravel/framework/src/Illuminate/Foundation/Http/Middleware/PreventRequestsDuringMaintenance.php(86): Illuminate\\Pipeline\\Pipeline->Illuminate\\Pipeline\\{closure}(Object(Illuminate\\Http\\Request))
#24 /Users/akimotokeiju/Desktop/vending_machine/vendor/laravel/framework/src/Illuminate/Pipeline/Pipeline.php(180): Illuminate\\Foundation\\Http\\Middleware\\PreventRequestsDuringMaintenance->handle(Object(Illuminate\\Http\\Request), Object(Closure))
#25 /Users/akimotokeiju/Desktop/vending_machine/vendor/laravel/framework/src/Illuminate/Http/Middleware/HandleCors.php(49): Illuminate\\Pipeline\\Pipeline->Illuminate\\Pipeline\\{closure}(Object(Illuminate\\Http\\Request))
#26 /Users/akimotokeiju/Desktop/vending_machine/vendor/laravel/framework/src/Illuminate/Pipeline/Pipeline.php(180): Illuminate\\Http\\Middleware\\HandleCors->handle(Object(Illuminate\\Http\\Request), Object(Closure))
#27 /Users/akimotokeiju/Desktop/vending_machine/vendor/laravel/framework/src/Illuminate/Http/Middleware/TrustProxies.php(39): Illuminate\\Pipeline\\Pipeline->Illuminate\\Pipeline\\{closure}(Object(Illuminate\\Http\\Request))
#28 /Users/akimotokeiju/Desktop/vending_machine/vendor/laravel/framework/src/Illuminate/Pipeline/Pipeline.php(180): Illuminate\\Http\\Middleware\\TrustProxies->handle(Object(Illuminate\\Http\\Request), Object(Closure))
#29 /Users/akimotokeiju/Desktop/vending_machine/vendor/laravel/framework/src/Illuminate/Pipeline/Pipeline.php(116): Illuminate\\Pipeline\\Pipeline->Illuminate\\Pipeline\\{closure}(Object(Illuminate\\Http\\Request))
#30 /Users/akimotokeiju/Desktop/vending_machine/vendor/laravel/framework/src/Illuminate/Foundation/Http/Kernel.php(165): Illuminate\\Pipeline\\Pipeline->then(Object(Closure))
#31 /Users/akimotokeiju/Desktop/vending_machine/vendor/laravel/framework/src/Illuminate/Foundation/Http/Kernel.php(134): Illuminate\\Foundation\\Http\\Kernel->sendRequestThroughRouter(Object(Illuminate\\Http\\Request))
#32 /Users/akimotokeiju/Desktop/vending_machine/public/index.php(51): Illuminate\\Foundation\\Http\\Kernel->handle(Object(Illuminate\\Http\\Request))
#33 {main}
"} 
[2026-08-16 13:21:13] laravel.ERROR: Trying to access array offset on value of type null {"exception":"[object] (ErrorException(code: 0): Trying to access array offset on value of type null at /Users/akimotokeiju/Desktop/vending_machine/vendor/laravel/framework/src/Illuminate/Cookie/CookieServiceProvider.php:20)
[stacktrace]
#0 /Users/akimotokeiju/Desktop/vending_machine/vendor/laravel/framework/src/Illuminate/Foundation/Bootstrap/HandleExceptions.php(270): Illuminate\\Foundation\\Bootstrap\\HandleExceptions->handleError(2, 'Trying to acces...', '/Users/akimotok...', 20)
#1 /Users/akimotokeiju/Desktop/vending_machine/vendor/laravel/framework/src/Illuminate/Cookie/CookieServiceProvider.php(20): Illuminate\\Foundation\\Bootstrap\\HandleExceptions->Illuminate\\Foundation\\Bootstrap\\{closure}(2, 'Trying to acces...', '/Users/akimotok...', 20)
#2 /Users/akimotokeiju/Desktop/vending_machine/vendor/laravel/framework/src/Illuminate/Container/Container.php(885): Illuminate\\Cookie\\CookieServiceProvider->Illuminate\\Cookie\\{closure}(Object(Illuminate\\Foundation\\Application), Array)
#3 /Users/akimotokeiju/Desktop/vending_machine/vendor/laravel/framework/src/Illuminate/Container/Container.php(770): Illuminate\\Container\\Container->build(Object(Closure))
#4 /Users/akimotokeiju/Desktop/vending_machine/vendor/laravel/framework/src/Illuminate/Foundation/Application.php(881): Illuminate\\Container\\Container->resolve('cookie', Array, true)
#5 /Users/akimotokeiju/Desktop/vending_machine/vendor/laravel/framework/src/Illuminate/Container/Container.php(706): Illuminate\\Foundation\\Application->resolve('cookie', Array)
#6 /Users/akimotokeiju/Desktop/vending_machine/vendor/laravel/framework/src/Illuminate/Foundation/Application.php(866): Illuminate\\Container\\Container->make('cookie', Array)
#7 /Users/akimotokeiju/Desktop/vending_machine/vendor/laravel/framework/src/Illuminate/Container/Container.php(1043): Illuminate\\Foundation\\Application->make('cookie')
#8 /Users/akimotokeiju/Desktop/vending_machine/vendor/laravel/framework/src/Illuminate/Container/Container.php(959): Illuminate\\Container\\Container->resolveClass(Object(ReflectionParameter))
#9 /Users/akimotokeiju/Desktop/vending_machine/vendor/laravel/framework/src/Illuminate/Container/Container.php(920): Illuminate\\Container\\Container->resolveDependencies(Array)
#10 /Users/akimotokeiju/Desktop/vending_machine/vendor/laravel/framework/src/Illuminate/Container/Container.php(770): Illuminate\\Container\\Container->build('Illuminate\\\\Cook...')
#11 /Users/akimotokeiju/Desktop/vending_machine/vendor/laravel/framework/src/Illuminate/Foundation/Application.php(881): Illuminate\\Container\\Container->resolve('Illuminate\\\\Cook...', Array, true)
#12 /Users/akimotokeiju/Desktop/vending_machine/vendor/laravel/framework/src/Illuminate/Container/Container.php(706): Illuminate\\Foundation\\Application->resolve('Illuminate\\\\Cook...', Array)
#13 /Users/akimotokeiju/Desktop/vending_machine/vendor/laravel/framework/src/Illuminate/Foundation/Application.php(866): Illuminate\\Container\\Container->make('Illuminate\\\\Cook...', Array)
#14 /Users/akimotokeiju/Desktop/vending_machine/vendor/laravel/framework/src/Illuminate/Pipeline/Pipeline.php(169): Illuminate\\Foundation\\Application->make('Illuminate\\\\Cook...')
#15 /Users/akimotokeiju/Desktop/vending_machine/vendor/laravel/framework/src/Illuminate/Cookie/Middleware/EncryptCookies.php(67): Illuminate\\Pipeline\\Pipeline->Illuminate\\Pipeline\\{closure}(Object(Illuminate\\Http\\Request))
#16 /Users/akimotokeiju/Desktop/vending_machine/vendor/laravel/framework/src/Illuminate/Pipeline/Pipeline.php(180): Illuminate\\Cookie\\Middleware\\EncryptCookies->handle(Object(Illuminate\\Http\\Request), Object(Closure))
#17 /Users/akimotokeiju/Desktop/vending_machine/vendor/laravel/framework/src/Illuminate/Pipeline/Pipeline.php(116): Illuminate\\Pipeline\\Pipeline->Illuminate\\Pipeline\\{closure}(Object(Illuminate\\Http\\Request))
#18 /Users/akimotokeiju/Desktop/vending_machine/vendor/laravel/framework/src/Illuminate/Routing/Router.php(797): Illuminate\\Pipeline\\Pipeline->then(Object(Closure))
#19 /Users/akimotokeiju/Desktop/vending_machine/vendor/laravel/framework/src/Illuminate/Routing/Router.php(776): Illuminate\\Routing\\Router->runRouteWithinStack(Object(Illuminate\\Routing\\Route), Object(Illuminate\\Http\\Request))
#20 /Users/akimotokeiju/Desktop/vending_machine/vendor/laravel/framework/src/Illuminate/Routing/Router.php(740): Illuminate\\Routing\\Router->runRoute(Object(Illuminate\\Http\\Request), Object(Illuminate\\Routing\\Route))
#21 /Users/akimotokeiju/Desktop/vending_machine/vendor/laravel/framework/src/Illuminate/Routing/Router.php(729): Illuminate\\Routing\\Router->dispatchToRoute(Object(Illuminate\\Http\\Request))
#22 /Users/akimotokeiju/Desktop/vending_machine/vendor/laravel/framework/src/Illuminate/Foundation/Http/Kernel.php(190): Illuminate\\Routing\\Router->dispatch(Object(Illuminate\\Http\\Request))
#23 /Users/akimotokeiju/Desktop/vending_machine/vendor/laravel/framework/src/Illuminate/Pipeline/Pipeline.php(141): Illuminate\\Foundation\\Http\\Kernel->Illuminate\\Foundation\\Http\\{closure}(Object(Illuminate\\Http\\Request))
#24 /Users/akimotokeiju/Desktop/vending_machine/vendor/laravel/framework/src/Illuminate/Foundation/Http/Middleware/TransformsRequest.php(21): Illuminate\\Pipeline\\Pipeline->Illuminate\\Pipeline\\{closure}(Object(Illuminate\\Http\\Request))
#25 /Users/akimotokeiju/Desktop/vending_machine/vendor/laravel/framework/src/Illuminate/Foundation/Http/Middleware/ConvertEmptyStringsToNull.php(31): Illuminate\\Foundation\\Http\\Middleware\\TransformsRequest->handle(Object(Illuminate\\Http\\Request), Object(Closure))
#26 /Users/akimotokeiju/Desktop/vending_machine/vendor/laravel/framework/src/Illuminate/Pipeline/Pipeline.php(180): Illuminate\\Foundation\\Http\\Middleware\\ConvertEmptyStringsToNull->handle(Object(Illuminate\\Http\\Request), Object(Closure))
#27 /Users/akimotokeiju/Desktop/vending_machine/vendor/laravel/framework/src/Illuminate/Foundation/Http/Middleware/TransformsRequest.php(21): Illuminate\\Pipeline\\Pipeline->Illuminate\\Pipeline\\{closure}(Object(Illuminate\\Http\\Request))
#28 /Users/akimotokeiju/Desktop/vending_machine/vendor/laravel/framework/src/Illuminate/Foundation/Http/Middleware/TrimStrings.php(40): Illuminate\\Foundation\\Http\\Middleware\\TransformsRequest->handle(Object(Illuminate\\Http\\Request), Object(Closure))
#29 /Users/akimotokeiju/Desktop/vending_machine/vendor/laravel/framework/src/Illuminate/Pipeline/Pipeline.php(180): Illuminate\\Foundation\\Http\\Middleware\\TrimStrings->handle(Object(Illuminate\\Http\\Request), Object(Closure))
#30 /Users/akimotokeiju/Desktop/vending_machine/vendor/laravel/framework/src/Illuminate/Foundation/Http/Middleware/ValidatePostSize.php(27): Illuminate\\Pipeline\\Pipeline->Illuminate\\Pipeline\\{closure}(Object(Illuminate\\Http\\Request))
#31 /Users/akimotokeiju/Desktop/vending_machine/vendor/laravel/framework/src/Illuminate/Pipeline/Pipeline.php(180): Illuminate\\Foundation\\Http\\Middleware\\ValidatePostSize->handle(Object(Illuminate\\Http\\Request), Object(Closure))
#32 /Users/akimotokeiju/Desktop/vending_machine/vendor/laravel/framework/src/Illuminate/Foundation/Http/Middleware/PreventRequestsDuringMaintenance.php(86): Illuminate\\Pipeline\\Pipeline->Illuminate\\Pipeline\\{closure}(Object(Illuminate\\Http\\Request))
#33 /Users/akimotokeiju/Desktop/vending_machine/vendor/laravel/framework/src/Illuminate/Pipeline/Pipeline.php(180): Illuminate\\Foundation\\Http\\Middleware\\PreventRequestsDuringMaintenance->handle(Object(Illuminate\\Http\\Request), Object(Closure))
#34 /Users/akimotokeiju/Desktop/vending_machine/vendor/laravel/framework/src/Illuminate/Http/Middleware/HandleCors.php(49): Illuminate\\Pipeline\\Pipeline->Illuminate\\Pipeline\\{closure}(Object(Illuminate\\Http\\Request))
#35 /Users/akimotokeiju/Desktop/vending_machine/vendor/laravel/framework/src/Illuminate/Pipeline/Pipeline.php(180): Illuminate\\Http\\Middleware\\HandleCors->handle(Object(Illuminate\\Http\\Request), Object(Closure))
#36 /Users/akimotokeiju/Desktop/vending_machine/vendor/laravel/framework/src/Illuminate/Http/Middleware/TrustProxies.php(39): Illuminate\\Pipeline\\Pipeline->Illuminate\\Pipeline\\{closure}(Object(Illuminate\\Http\\Request))
#37 /Users/akimotokeiju/Desktop/vending_machine/vendor/laravel/framework/src/Illuminate/Pipeline/Pipeline.php(180): Illuminate\\Http\\Middleware\\TrustProxies->handle(Object(Illuminate\\Http\\Request), Object(Closure))
#38 /Users/akimotokeiju/Desktop/vending_machine/vendor/laravel/framework/src/Illuminate/Pipeline/Pipeline.php(116): Illuminate\\Pipeline\\Pipeline->Illuminate\\Pipeline\\{closure}(Object(Illuminate\\Http\\Request))
#39 /Users/akimotokeiju/Desktop/vending_machine/vendor/laravel/framework/src/Illuminate/Foundation/Http/Kernel.php(165): Illuminate\\Pipeline\\Pipeline->then(Object(Closure))
#40 /Users/akimotokeiju/Desktop/vending_machine/vendor/laravel/framework/src/Illuminate/Foundation/Http/Kernel.php(134): Illuminate\\Foundation\\Http\\Kernel->sendRequestThroughRouter(Object(Illuminate\\Http\\Request))
#41 /Users/akimotokeiju/Desktop/vending_machine/public/index.php(51): Illuminate\\Foundation\\Http\\Kernel->handle(Object(Illuminate\\Http\\Request))
#42 {main}
"} 
[2026-08-16 13:21:13] laravel.EMERGENCY: Unable to create configured logger. Using emergency logger. {"exception":"[object] (InvalidArgumentException(code: 0): Log [] is not defined. at /Users/akimotokeiju/Desktop/vending_machine/vendor/laravel/framework/src/Illuminate/Log/LogManager.php:210)
[stacktrace]
#0 /Users/akimotokeiju/Desktop/vending_machine/vendor/laravel/framework/src/Illuminate/Log/LogManager.php(135): Illuminate\\Log\\LogManager->resolve(NULL, NULL)
#1 /Users/akimotokeiju/Desktop/vending_machine/vendor/laravel/framework/src/Illuminate/Log/LogManager.php(122): Illuminate\\Log\\LogManager->get(NULL)
#2 /Users/akimotokeiju/Desktop/vending_machine/vendor/laravel/framework/src/Illuminate/Log/LogManager.php(645): Illuminate\\Log\\LogManager->driver()
#3 /Users/akimotokeiju/Desktop/vending_machine/vendor/laravel/framework/src/Illuminate/Foundation/Exceptions/Handler.php(274): Illuminate\\Log\\LogManager->error('Trying to acces...', Array)
#4 /Users/akimotokeiju/Desktop/vending_machine/vendor/laravel/framework/src/Illuminate/Foundation/Bootstrap/HandleExceptions.php(198): Illuminate\\Foundation\\Exceptions\\Handler->report(Object(ErrorException))
#5 /Users/akimotokeiju/Desktop/vending_machine/vendor/laravel/framework/src/Illuminate/Foundation/Bootstrap/HandleExceptions.php(270): Illuminate\\Foundation\\Bootstrap\\HandleExceptions->handleException(Object(ErrorException))
#6 [internal function]: Illuminate\\Foundation\\Bootstrap\\HandleExceptions->Illuminate\\Foundation\\Bootstrap\\{closure}(Object(ErrorException))
#7 {main}
"} 
[2026-08-16 13:21:13] laravel.ERROR: Trying to access array offset on value of type null {"exception":"[object] (ErrorException(code: 0): Trying to access array offset on value of type null at /Users/akimotokeiju/Desktop/vending_machine/vendor/laravel/framework/src/Illuminate/Cookie/CookieServiceProvider.php:20)
[stacktrace]
#0 /Users/akimotokeiju/Desktop/vending_machine/vendor/laravel/framework/src/Illuminate/Foundation/Bootstrap/HandleExceptions.php(270): Illuminate\\Foundation\\Bootstrap\\HandleExceptions->handleError(2, 'Trying to acces...', '/Users/akimotok...', 20)
#1 /Users/akimotokeiju/Desktop/vending_machine/vendor/laravel/framework/src/Illuminate/Cookie/CookieServiceProvider.php(20): Illuminate\\Foundation\\Bootstrap\\HandleExceptions->Illuminate\\Foundation\\Bootstrap\\{closure}(2, 'Trying to acces...', '/Users/akimotok...', 20)
#2 /Users/akimotokeiju/Desktop/vending_machine/vendor/laravel/framework/src/Illuminate/Container/Container.php(885): Illuminate\\Cookie\\CookieServiceProvider->Illuminate\\Cookie\\{closure}(Object(Illuminate\\Foundation\\Application), Array)
#3 /Users/akimotokeiju/Desktop/vending_machine/vendor/laravel/framework/src/Illuminate/Container/Container.php(770): Illuminate\\Container\\Container->build(Object(Closure))
#4 /Users/akimotokeiju/Desktop/vending_machine/vendor/laravel/framework/src/Illuminate/Foundation/Application.php(881): Illuminate\\Container\\Container->resolve('cookie', Array, true)
#5 /Users/akimotokeiju/Desktop/vending_machine/vendor/laravel/framework/src/Illuminate/Container/Container.php(706): Illuminate\\Foundation\\Application->resolve('cookie', Array)
#6 /Users/akimotokeiju/Desktop/vending_machine/vendor/laravel/framework/src/Illuminate/Foundation/Application.php(866): Illuminate\\Container\\Container->make('cookie', Array)
#7 /Users/akimotokeiju/Desktop/vending_machine/vendor/laravel/framework/src/Illuminate/Container/Container.php(1043): Illuminate\\Foundation\\Application->make('cookie')
#8 /Users/akimotokeiju/Desktop/vending_machine/vendor/laravel/framework/src/Illuminate/Container/Container.php(959): Illuminate\\Container\\Container->resolveClass(Object(ReflectionParameter))
#9 /Users/akimotokeiju/Desktop/vending_machine/vendor/laravel/framework/src/Illuminate/Container/Container.php(920): Illuminate\\Container\\Container->resolveDependencies(Array)
#10 /Users/akimotokeiju/Desktop/vending_machine/vendor/laravel/framework/src/Illuminate/Container/Container.php(770): Illuminate\\Container\\Container->build('Illuminate\\\\Cook...')
#11 /Users/akimotokeiju/Desktop/vending_machine/vendor/laravel/framework/src/Illuminate/Foundation/Application.php(881): Illuminate\\Container\\Container->resolve('Illuminate\\\\Cook...', Array, true)
#12 /Users/akimotokeiju/Desktop/vending_machine/vendor/laravel/framework/src/Illuminate/Container/Container.php(706): Illuminate\\Foundation\\Application->resolve('Illuminate\\\\Cook...', Array)
#13 /Users/akimotokeiju/Desktop/vending_machine/vendor/laravel/framework/src/Illuminate/Foundation/Application.php(866): Illuminate\\Container\\Container->make('Illuminate\\\\Cook...', Array)
#14 /Users/akimotokeiju/Desktop/vending_machine/vendor/laravel/framework/src/Illuminate/Foundation/Http/Kernel.php(239): Illuminate\\Foundation\\Application->make('Illuminate\\\\Cook...')
#15 /Users/akimotokeiju/Desktop/vending_machine/vendor/laravel/framework/src/Illuminate/Foundation/Http/Kernel.php(203): Illuminate\\Foundation\\Http\\Kernel->terminateMiddleware(Object(Illuminate\\Http\\Request), Object(Illuminate\\Http\\Response))
#16 /Users/akimotokeiju/Desktop/vending_machine/public/index.php(55): Illuminate\\Foundation\\Http\\Kernel->terminate(Object(Illuminate\\Http\\Request), Object(Illuminate\\Http\\Response))
#17 {main}
"} 
[2026-08-16 13:26:52] local.ERROR: SQLSTATE[HY000] [1045] Access denied for user 'root'@'localhost' (using password: NO) (SQL: select * from `products`) {"exception":"[object] (Illuminate\\Database\\QueryException(code: 1045): SQLSTATE[HY000] [1045] Access denied for user 'root'@'localhost' (using password: NO) (SQL: select * from `products`) at /Users/akimotokeiju/Desktop/vending_machine/vendor/laravel/framework/src/Illuminate/Database/Connection.php:760)
[stacktrace]
#0 /Users/akimotokeiju/Desktop/vending_machine/vendor/laravel/framework/src/Illuminate/Database/Connection.php(720): Illuminate\\Database\\Connection->runQueryCallback('select * from `...', Array, Object(Closure))
#1 /Users/akimotokeiju/Desktop/vending_machine/vendor/laravel/framework/src/Illuminate/Database/Connection.php(405): Illuminate\\Database\\Connection->run('select * from `...', Array, Object(Closure))
#2 /Users/akimotokeiju/Desktop/vending_machine/vendor/laravel/framework/src/Illuminate/Database/Query/Builder.php(2705): Illuminate\\Database\\Connection->select('select * from `...', Array, true)
#3 /Users/akimotokeiju/Desktop/vending_machine/vendor/laravel/framework/src/Illuminate/Database/Query/Builder.php(2694): Illuminate\\Database\\Query\\Builder->runSelect()
#4 /Users/akimotokeiju/Desktop/vending_machine/vendor/laravel/framework/src/Illuminate/Database/Query/Builder.php(3230): Illuminate\\Database\\Query\\Builder->Illuminate\\Database\\Query\\{closure}()
#5 /Users/akimotokeiju/Desktop/vending_machine/vendor/laravel/framework/src/Illuminate/Database/Query/Builder.php(2693): Illuminate\\Database\\Query\\Builder->onceWithColumns(Array, Object(Closure))
#6 /Users/akimotokeiju/Desktop/vending_machine/vendor/laravel/framework/src/Illuminate/Database/Eloquent/Builder.php(710): Illuminate\\Database\\Query\\Builder->get(Array)
#7 /Users/akimotokeiju/Desktop/vending_machine/vendor/laravel/framework/src/Illuminate/Database/Eloquent/Builder.php(694): Illuminate\\Database\\Eloquent\\Builder->getModels(Array)
#8 /Users/akimotokeiju/Desktop/vending_machine/app/Models/Product.php(54): Illuminate\\Database\\Eloquent\\Builder->get()
#9 /Users/akimotokeiju/Desktop/vending_machine/app/Http/Controllers/ProductController.php(22): App\\Models\\Product->getListWithSearch(NULL, NULL)
#10 /Users/akimotokeiju/Desktop/vending_machine/vendor/laravel/framework/src/Illuminate/Routing/Controller.php(54): App\\Http\\Controllers\\ProductController->index(Object(Illuminate\\Http\\Request))
#11 /Users/akimotokeiju/Desktop/vending_machine/vendor/laravel/framework/src/Illuminate/Routing/ControllerDispatcher.php(43): Illuminate\\Routing\\Controller->callAction('index', Array)
#12 /Users/akimotokeiju/Desktop/vending_machine/vendor/laravel/framework/src/Illuminate/Routing/Route.php(259): Illuminate\\Routing\\ControllerDispatcher->dispatch(Object(Illuminate\\Routing\\Route), Object(App\\Http\\Controllers\\ProductController), 'index')
#13 /Users/akimotokeiju/Desktop/vending_machine/vendor/laravel/framework/src/Illuminate/Routing/Route.php(205): Illuminate\\Routing\\Route->runController()
#14 /Users/akimotokeiju/Desktop/vending_machine/vendor/laravel/framework/src/Illuminate/Routing/Router.php(798): Illuminate\\Routing\\Route->run()
#15 /Users/akimotokeiju/Desktop/vending_machine/vendor/laravel/framework/src/Illuminate/Pipeline/Pipeline.php(141): Illuminate\\Routing\\Router->Illuminate\\Routing\\{closure}(Object(Illuminate\\Http\\Request))
#16 /Users/akimotokeiju/Desktop/vending_machine/vendor/laravel/framework/src/Illuminate/Routing/Middleware/SubstituteBindings.php(50): Illuminate\\Pipeline\\Pipeline->Illuminate\\Pipeline\\{closure}(Object(Illuminate\\Http\\Request))
#17 /Users/akimotokeiju/Desktop/vending_machine/vendor/laravel/framework/src/Illuminate/Pipeline/Pipeline.php(180): Illuminate\\Routing\\Middleware\\SubstituteBindings->handle(Object(Illuminate\\Http\\Request), Object(Closure))
#18 /Users/akimotokeiju/Desktop/vending_machine/vendor/laravel/framework/src/Illuminate/Foundation/Http/Middleware/VerifyCsrfToken.php(78): Illuminate\\Pipeline\\Pipeline->Illuminate\\Pipeline\\{closure}(Object(Illuminate\\Http\\Request))
#19 /Users/akimotokeiju/Desktop/vending_machine/vendor/laravel/framework/src/Illuminate/Pipeline/Pipeline.php(180): Illuminate\\Foundation\\Http\\Middleware\\VerifyCsrfToken->handle(Object(Illuminate\\Http\\Request), Object(Closure))
#20 /Users/akimotokeiju/Desktop/vending_machine/vendor/laravel/framework/src/Illuminate/View/Middleware/ShareErrorsFromSession.php(49): Illuminate\\Pipeline\\Pipeline->Illuminate\\Pipeline\\{closure}(Object(Illuminate\\Http\\Request))
#21 /Users/akimotokeiju/Desktop/vending_machine/vendor/laravel/framework/src/Illuminate/Pipeline/Pipeline.php(180): Illuminate\\View\\Middleware\\ShareErrorsFromSession->handle(Object(Illuminate\\Http\\Request), Object(Closure))
#22 /Users/akimotokeiju/Desktop/vending_machine/vendor/laravel/framework/src/Illuminate/Session/Middleware/StartSession.php(121): Illuminate\\Pipeline\\Pipeline->Illuminate\\Pipeline\\{closure}(Object(Illuminate\\Http\\Request))
#23 /Users/akimotokeiju/Desktop/vending_machine/vendor/laravel/framework/src/Illuminate/Session/Middleware/StartSession.php(64): Illuminate\\Session\\Middleware\\StartSession->handleStatefulRequest(Object(Illuminate\\Http\\Request), Object(Illuminate\\Session\\Store), Object(Closure))
#24 /Users/akimotokeiju/Desktop/vending_machine/vendor/laravel/framework/src/Illuminate/Pipeline/Pipeline.php(180): Illuminate\\Session\\Middleware\\StartSession->handle(Object(Illuminate\\Http\\Request), Object(Closure))
#25 /Users/akimotokeiju/Desktop/vending_machine/vendor/laravel/framework/src/Illuminate/Cookie/Middleware/AddQueuedCookiesToResponse.php(37): Illuminate\\Pipeline\\Pipeline->Illuminate\\Pipeline\\{closure}(Object(Illuminate\\Http\\Request))
#26 /Users/akimotokeiju/Desktop/vending_machine/vendor/laravel/framework/src/Illuminate/Pipeline/Pipeline.php(180): Illuminate\\Cookie\\Middleware\\AddQueuedCookiesToResponse->handle(Object(Illuminate\\Http\\Request), Object(Closure))
#27 /Users/akimotokeiju/Desktop/vending_machine/vendor/laravel/framework/src/Illuminate/Cookie/Middleware/EncryptCookies.php(67): Illuminate\\Pipeline\\Pipeline->Illuminate\\Pipeline\\{closure}(Object(Illuminate\\Http\\Request))
#28 /Users/akimotokeiju/Desktop/vending_machine/vendor/laravel/framework/src/Illuminate/Pipeline/Pipeline.php(180): Illuminate\\Cookie\\Middleware\\EncryptCookies->handle(Object(Illuminate\\Http\\Request), Object(Closure))
#29 /Users/akimotokeiju/Desktop/vending_machine/vendor/laravel/framework/src/Illuminate/Pipeline/Pipeline.php(116): Illuminate\\Pipeline\\Pipeline->Illuminate\\Pipeline\\{closure}(Object(Illuminate\\Http\\Request))
#30 /Users/akimotokeiju/Desktop/vending_machine/vendor/laravel/framework/src/Illuminate/Routing/Router.php(797): Illuminate\\Pipeline\\Pipeline->then(Object(Closure))
#31 /Users/akimotokeiju/Desktop/vending_machine/vendor/laravel/framework/src/Illuminate/Routing/Router.php(776): Illuminate\\Routing\\Router->runRouteWithinStack(Object(Illuminate\\Routing\\Route), Object(Illuminate\\Http\\Request))
#32 /Users/akimotokeiju/Desktop/vending_machine/vendor/laravel/framework/src/Illuminate/Routing/Router.php(740): Illuminate\\Routing\\Router->runRoute(Object(Illuminate\\Http\\Request), Object(Illuminate\\Routing\\Route))
#33 /Users/akimotokeiju/Desktop/vending_machine/vendor/laravel/framework/src/Illuminate/Routing/Router.php(729): Illuminate\\Routing\\Router->dispatchToRoute(Object(Illuminate\\Http\\Request))
#34 /Users/akimotokeiju/Desktop/vending_machine/vendor/laravel/framework/src/Illuminate/Foundation/Http/Kernel.php(190): Illuminate\\Routing\\Router->dispatch(Object(Illuminate\\Http\\Request))
#35 /Users/akimotokeiju/Desktop/vending_machine/vendor/laravel/framework/src/Illuminate/Pipeline/Pipeline.php(141): Illuminate\\Foundation\\Http\\Kernel->Illuminate\\Foundation\\Http\\{closure}(Object(Illuminate\\Http\\Request))
#36 /Users/akimotokeiju/Desktop/vending_machine/vendor/laravel/framework/src/Illuminate/Foundation/Http/Middleware/TransformsRequest.php(21): Illuminate\\Pipeline\\Pipeline->Illuminate\\Pipeline\\{closure}(Object(Illuminate\\Http\\Request))
#37 /Users/akimotokeiju/Desktop/vending_machine/vendor/laravel/framework/src/Illuminate/Foundation/Http/Middleware/ConvertEmptyStringsToNull.php(31): Illuminate\\Foundation\\Http\\Middleware\\TransformsRequest->handle(Object(Illuminate\\Http\\Request), Object(Closure))
#38 /Users/akimotokeiju/Desktop/vending_machine/vendor/laravel/framework/src/Illuminate/Pipeline/Pipeline.php(180): Illuminate\\Foundation\\Http\\Middleware\\ConvertEmptyStringsToNull->handle(Object(Illuminate\\Http\\Request), Object(Closure))
#39 /Users/akimotokeiju/Desktop/vending_machine/vendor/laravel/framework/src/Illuminate/Foundation/Http/Middleware/TransformsRequest.php(21): Illuminate\\Pipeline\\Pipeline->Illuminate\\Pipeline\\{closure}(Object(Illuminate\\Http\\Request))
#40 /Users/akimotokeiju/Desktop/vending_machine/vendor/laravel/framework/src/Illuminate/Foundation/Http/Middleware/TrimStrings.php(40): Illuminate\\Foundation\\Http\\Middleware\\TransformsRequest->handle(Object(Illuminate\\Http\\Request), Object(Closure))
#41 /Users/akimotokeiju/Desktop/vending_machine/vendor/laravel/framework/src/Illuminate/Pipeline/Pipeline.php(180): Illuminate\\Foundation\\Http\\Middleware\\TrimStrings->handle(Object(Illuminate\\Http\\Request), Object(Closure))
#42 /Users/akimotokeiju/Desktop/vending_machine/vendor/laravel/framework/src/Illuminate/Foundation/Http/Middleware/ValidatePostSize.php(27): Illuminate\\Pipeline\\Pipeline->Illuminate\\Pipeline\\{closure}(Object(Illuminate\\Http\\Request))
#43 /Users/akimotokeiju/Desktop/vending_machine/vendor/laravel/framework/src/Illuminate/Pipeline/Pipeline.php(180): Illuminate\\Foundation\\Http\\Middleware\\ValidatePostSize->handle(Object(Illuminate\\Http\\Request), Object(Closure))
#44 /Users/akimotokeiju/Desktop/vending_machine/vendor/laravel/framework/src/Illuminate/Foundation/Http/Middleware/PreventRequestsDuringMaintenance.php(86): Illuminate\\Pipeline\\Pipeline->Illuminate\\Pipeline\\{closure}(Object(Illuminate\\Http\\Request))
#45 /Users/akimotokeiju/Desktop/vending_machine/vendor/laravel/framework/src/Illuminate/Pipeline/Pipeline.php(180): Illuminate\\Foundation\\Http\\Middleware\\PreventRequestsDuringMaintenance->handle(Object(Illuminate\\Http\\Request), Object(Closure))
#46 /Users/akimotokeiju/Desktop/vending_machine/vendor/laravel/framework/src/Illuminate/Http/Middleware/HandleCors.php(49): Illuminate\\Pipeline\\Pipeline->Illuminate\\Pipeline\\{closure}(Object(Illuminate\\Http\\Request))
#47 /Users/akimotokeiju/Desktop/vending_machine/vendor/laravel/framework/src/Illuminate/Pipeline/Pipeline.php(180): Illuminate\\Http\\Middleware\\HandleCors->handle(Object(Illuminate\\Http\\Request), Object(Closure))
#48 /Users/akimotokeiju/Desktop/vending_machine/vendor/laravel/framework/src/Illuminate/Http/Middleware/TrustProxies.php(39): Illuminate\\Pipeline\\Pipeline->Illuminate\\Pipeline\\{closure}(Object(Illuminate\\Http\\Request))
#49 /Users/akimotokeiju/Desktop/vending_machine/vendor/laravel/framework/src/Illuminate/Pipeline/Pipeline.php(180): Illuminate\\Http\\Middleware\\TrustProxies->handle(Object(Illuminate\\Http\\Request), Object(Closure))
#50 /Users/akimotokeiju/Desktop/vending_machine/vendor/laravel/framework/src/Illuminate/Pipeline/Pipeline.php(116): Illuminate\\Pipeline\\Pipeline->Illuminate\\Pipeline\\{closure}(Object(Illuminate\\Http\\Request))
#51 /Users/akimotokeiju/Desktop/vending_machine/vendor/laravel/framework/src/Illuminate/Foundation/Http/Kernel.php(165): Illuminate\\Pipeline\\Pipeline->then(Object(Closure))
#52 /Users/akimotokeiju/Desktop/vending_machine/vendor/laravel/framework/src/Illuminate/Foundation/Http/Kernel.php(134): Illuminate\\Foundation\\Http\\Kernel->sendRequestThroughRouter(Object(Illuminate\\Http\\Request))
#53 /Users/akimotokeiju/Desktop/vending_machine/public/index.php(51): Illuminate\\Foundation\\Http\\Kernel->handle(Object(Illuminate\\Http\\Request))
#54 {main}

[previous exception] [object] (PDOException(code: 1045): SQLSTATE[HY000] [1045] Access denied for user 'root'@'localhost' (using password: NO) at /Users/akimotokeiju/Desktop/vending_machine/vendor/laravel/framework/src/Illuminate/Database/Connectors/Connector.php:70)
[stacktrace]
#0 /Users/akimotokeiju/Desktop/vending_machine/vendor/laravel/framework/src/Illuminate/Database/Connectors/Connector.php(70): PDO->__construct('mysql:host=127....', 'root', Object(SensitiveParameterValue), Array)
#1 /Users/akimotokeiju/Desktop/vending_machine/vendor/laravel/framework/src/Illuminate/Database/Connectors/Connector.php(45): Illuminate\\Database\\Connectors\\Connector->createPdoConnection('mysql:host=127....', 'root', '', Array)
#2 /Users/akimotokeiju/Desktop/vending_machine/vendor/laravel/framework/src/Illuminate/Database/Connectors/MySqlConnector.php(24): Illuminate\\Database\\Connectors\\Connector->createConnection('mysql:host=127....', Array, Array)
#3 /Users/akimotokeiju/Desktop/vending_machine/vendor/laravel/framework/src/Illuminate/Database/Connectors/ConnectionFactory.php(184): Illuminate\\Database\\Connectors\\MySqlConnector->connect(Array)
#4 [internal function]: Illuminate\\Database\\Connectors\\ConnectionFactory->Illuminate\\Database\\Connectors\\{closure}()
#5 /Users/akimotokeiju/Desktop/vending_machine/vendor/laravel/framework/src/Illuminate/Database/Connection.php(1181): call_user_func(Object(Closure))
#6 /Users/akimotokeiju/Desktop/vending_machine/vendor/laravel/framework/src/Illuminate/Database/Connection.php(1217): Illuminate\\Database\\Connection->getPdo()
#7 /Users/akimotokeiju/Desktop/vending_machine/vendor/laravel/framework/src/Illuminate/Database/Connection.php(486): Illuminate\\Database\\Connection->getReadPdo()
#8 /Users/akimotokeiju/Desktop/vending_machine/vendor/laravel/framework/src/Illuminate/Database/Connection.php(414): Illuminate\\Database\\Connection->getPdoForSelect(true)
#9 /Users/akimotokeiju/Desktop/vending_machine/vendor/laravel/framework/src/Illuminate/Database/Connection.php(753): Illuminate\\Database\\Connection->Illuminate\\Database\\{closure}('select * from `...', Array)
#10 /Users/akimotokeiju/Desktop/vending_machine/vendor/laravel/framework/src/Illuminate/Database/Connection.php(720): Illuminate\\Database\\Connection->runQueryCallback('select * from `...', Array, Object(Closure))
#11 /Users/akimotokeiju/Desktop/vending_machine/vendor/laravel/framework/src/Illuminate/Database/Connection.php(405): Illuminate\\Database\\Connection->run('select * from `...', Array, Object(Closure))
#12 /Users/akimotokeiju/Desktop/vending_machine/vendor/laravel/framework/src/Illuminate/Database/Query/Builder.php(2705): Illuminate\\Database\\Connection->select('select * from `...', Array, true)
#13 /Users/akimotokeiju/Desktop/vending_machine/vendor/laravel/framework/src/Illuminate/Database/Query/Builder.php(2694): Illuminate\\Database\\Query\\Builder->runSelect()
#14 /Users/akimotokeiju/Desktop/vending_machine/vendor/laravel/framework/src/Illuminate/Database/Query/Builder.php(3230): Illuminate\\Database\\Query\\Builder->Illuminate\\Database\\Query\\{closure}()
#15 /Users/akimotokeiju/Desktop/vending_machine/vendor/laravel/framework/src/Illuminate/Database/Query/Builder.php(2693): Illuminate\\Database\\Query\\Builder->onceWithColumns(Array, Object(Closure))
#16 /Users/akimotokeiju/Desktop/vending_machine/vendor/laravel/framework/src/Illuminate/Database/Eloquent/Builder.php(710): Illuminate\\Database\\Query\\Builder->get(Array)
#17 /Users/akimotokeiju/Desktop/vending_machine/vendor/laravel/framework/src/Illuminate/Database/Eloquent/Builder.php(694): Illuminate\\Database\\Eloquent\\Builder->getModels(Array)
#18 /Users/akimotokeiju/Desktop/vending_machine/app/Models/Product.php(54): Illuminate\\Database\\Eloquent\\Builder->get()
#19 /Users/akimotokeiju/Desktop/vending_machine/app/Http/Controllers/ProductController.php(22): App\\Models\\Product->getListWithSearch(NULL, NULL)
#20 /Users/akimotokeiju/Desktop/vending_machine/vendor/laravel/framework/src/Illuminate/Routing/Controller.php(54): App\\Http\\Controllers\\ProductController->index(Object(Illuminate\\Http\\Request))
#21 /Users/akimotokeiju/Desktop/vending_machine/vendor/laravel/framework/src/Illuminate/Routing/ControllerDispatcher.php(43): Illuminate\\Routing\\Controller->callAction('index', Array)
#22 /Users/akimotokeiju/Desktop/vending_machine/vendor/laravel/framework/src/Illuminate/Routing/Route.php(259): Illuminate\\Routing\\ControllerDispatcher->dispatch(Object(Illuminate\\Routing\\Route), Object(App\\Http\\Controllers\\ProductController), 'index')
#23 /Users/akimotokeiju/Desktop/vending_machine/vendor/laravel/framework/src/Illuminate/Routing/Route.php(205): Illuminate\\Routing\\Route->runController()
#24 /Users/akimotokeiju/Desktop/vending_machine/vendor/laravel/framework/src/Illuminate/Routing/Router.php(798): Illuminate\\Routing\\Route->run()
#25 /Users/akimotokeiju/Desktop/vending_machine/vendor/laravel/framework/src/Illuminate/Pipeline/Pipeline.php(141): Illuminate\\Routing\\Router->Illuminate\\Routing\\{closure}(Object(Illuminate\\Http\\Request))
#26 /Users/akimotokeiju/Desktop/vending_machine/vendor/laravel/framework/src/Illuminate/Routing/Middleware/SubstituteBindings.php(50): Illuminate\\Pipeline\\Pipeline->Illuminate\\Pipeline\\{closure}(Object(Illuminate\\Http\\Request))
#27 /Users/akimotokeiju/Desktop/vending_machine/vendor/laravel/framework/src/Illuminate/Pipeline/Pipeline.php(180): Illuminate\\Routing\\Middleware\\SubstituteBindings->handle(Object(Illuminate\\Http\\Request), Object(Closure))
#28 /Users/akimotokeiju/Desktop/vending_machine/vendor/laravel/framework/src/Illuminate/Foundation/Http/Middleware/VerifyCsrfToken.php(78): Illuminate\\Pipeline\\Pipeline->Illuminate\\Pipeline\\{closure}(Object(Illuminate\\Http\\Request))
#29 /Users/akimotokeiju/Desktop/vending_machine/vendor/laravel/framework/src/Illuminate/Pipeline/Pipeline.php(180): Illuminate\\Foundation\\Http\\Middleware\\VerifyCsrfToken->handle(Object(Illuminate\\Http\\Request), Object(Closure))
#30 /Users/akimotokeiju/Desktop/vending_machine/vendor/laravel/framework/src/Illuminate/View/Middleware/ShareErrorsFromSession.php(49): Illuminate\\Pipeline\\Pipeline->Illuminate\\Pipeline\\{closure}(Object(Illuminate\\Http\\Request))
#31 /Users/akimotokeiju/Desktop/vending_machine/vendor/laravel/framework/src/Illuminate/Pipeline/Pipeline.php(180): Illuminate\\View\\Middleware\\ShareErrorsFromSession->handle(Object(Illuminate\\Http\\Request), Object(Closure))
#32 /Users/akimotokeiju/Desktop/vending_machine/vendor/laravel/framework/src/Illuminate/Session/Middleware/StartSession.php(121): Illuminate\\Pipeline\\Pipeline->Illuminate\\Pipeline\\{closure}(Object(Illuminate\\Http\\Request))
#33 /Users/akimotokeiju/Desktop/vending_machine/vendor/laravel/framework/src/Illuminate/Session/Middleware/StartSession.php(64): Illuminate\\Session\\Middleware\\StartSession->handleStatefulRequest(Object(Illuminate\\Http\\Request), Object(Illuminate\\Session\\Store), Object(Closure))
#34 /Users/akimotokeiju/Desktop/vending_machine/vendor/laravel/framework/src/Illuminate/Pipeline/Pipeline.php(180): Illuminate\\Session\\Middleware\\StartSession->handle(Object(Illuminate\\Http\\Request), Object(Closure))
#35 /Users/akimotokeiju/Desktop/vending_machine/vendor/laravel/framework/src/Illuminate/Cookie/Middleware/AddQueuedCookiesToResponse.php(37): Illuminate\\Pipeline\\Pipeline->Illuminate\\Pipeline\\{closure}(Object(Illuminate\\Http\\Request))
#36 /Users/akimotokeiju/Desktop/vending_machine/vendor/laravel/framework/src/Illuminate/Pipeline/Pipeline.php(180): Illuminate\\Cookie\\Middleware\\AddQueuedCookiesToResponse->handle(Object(Illuminate\\Http\\Request), Object(Closure))
#37 /Users/akimotokeiju/Desktop/vending_machine/vendor/laravel/framework/src/Illuminate/Cookie/Middleware/EncryptCookies.php(67): Illuminate\\Pipeline\\Pipeline->Illuminate\\Pipeline\\{closure}(Object(Illuminate\\Http\\Request))
#38 /Users/akimotokeiju/Desktop/vending_machine/vendor/laravel/framework/src/Illuminate/Pipeline/Pipeline.php(180): Illuminate\\Cookie\\Middleware\\EncryptCookies->handle(Object(Illuminate\\Http\\Request), Object(Closure))
#39 /Users/akimotokeiju/Desktop/vending_machine/vendor/laravel/framework/src/Illuminate/Pipeline/Pipeline.php(116): Illuminate\\Pipeline\\Pipeline->Illuminate\\Pipeline\\{closure}(Object(Illuminate\\Http\\Request))
#40 /Users/akimotokeiju/Desktop/vending_machine/vendor/laravel/framework/src/Illuminate/Routing/Router.php(797): Illuminate\\Pipeline\\Pipeline->then(Object(Closure))
#41 /Users/akimotokeiju/Desktop/vending_machine/vendor/laravel/framework/src/Illuminate/Routing/Router.php(776): Illuminate\\Routing\\Router->runRouteWithinStack(Object(Illuminate\\Routing\\Route), Object(Illuminate\\Http\\Request))
#42 /Users/akimotokeiju/Desktop/vending_machine/vendor/laravel/framework/src/Illuminate/Routing/Router.php(740): Illuminate\\Routing\\Router->runRoute(Object(Illuminate\\Http\\Request), Object(Illuminate\\Routing\\Route))
#43 /Users/akimotokeiju/Desktop/vending_machine/vendor/laravel/framework/src/Illuminate/Routing/Router.php(729): Illuminate\\Routing\\Router->dispatchToRoute(Object(Illuminate\\Http\\Request))
#44 /Users/akimotokeiju/Desktop/vending_machine/vendor/laravel/framework/src/Illuminate/Foundation/Http/Kernel.php(190): Illuminate\\Routing\\Router->dispatch(Object(Illuminate\\Http\\Request))
#45 /Users/akimotokeiju/Desktop/vending_machine/vendor/laravel/framework/src/Illuminate/Pipeline/Pipeline.php(141): Illuminate\\Foundation\\Http\\Kernel->Illuminate\\Foundation\\Http\\{closure}(Object(Illuminate\\Http\\Request))
#46 /Users/akimotokeiju/Desktop/vending_machine/vendor/laravel/framework/src/Illuminate/Foundation/Http/Middleware/TransformsRequest.php(21): Illuminate\\Pipeline\\Pipeline->Illuminate\\Pipeline\\{closure}(Object(Illuminate\\Http\\Request))
#47 /Users/akimotokeiju/Desktop/vending_machine/vendor/laravel/framework/src/Illuminate/Foundation/Http/Middleware/ConvertEmptyStringsToNull.php(31): Illuminate\\Foundation\\Http\\Middleware\\TransformsRequest->handle(Object(Illuminate\\Http\\Request), Object(Closure))
#48 /Users/akimotokeiju/Desktop/vending_machine/vendor/laravel/framework/src/Illuminate/Pipeline/Pipeline.php(180): Illuminate\\Foundation\\Http\\Middleware\\ConvertEmptyStringsToNull->handle(Object(Illuminate\\Http\\Request), Object(Closure))
#49 /Users/akimotokeiju/Desktop/vending_machine/vendor/laravel/framework/src/Illuminate/Foundation/Http/Middleware/TransformsRequest.php(21): Illuminate\\Pipeline\\Pipeline->Illuminate\\Pipeline\\{closure}(Object(Illuminate\\Http\\Request))
#50 /Users/akimotokeiju/Desktop/vending_machine/vendor/laravel/framework/src/Illuminate/Foundation/Http/Middleware/TrimStrings.php(40): Illuminate\\Foundation\\Http\\Middleware\\TransformsRequest->handle(Object(Illuminate\\Http\\Request), Object(Closure))
#51 /Users/akimotokeiju/Desktop/vending_machine/vendor/laravel/framework/src/Illuminate/Pipeline/Pipeline.php(180): Illuminate\\Foundation\\Http\\Middleware\\TrimStrings->handle(Object(Illuminate\\Http\\Request), Object(Closure))
#52 /Users/akimotokeiju/Desktop/vending_machine/vendor/laravel/framework/src/Illuminate/Foundation/Http/Middleware/ValidatePostSize.php(27): Illuminate\\Pipeline\\Pipeline->Illuminate\\Pipeline\\{closure}(Object(Illuminate\\Http\\Request))
#53 /Users/akimotokeiju/Desktop/vending_machine/vendor/laravel/framework/src/Illuminate/Pipeline/Pipeline.php(180): Illuminate\\Foundation\\Http\\Middleware\\ValidatePostSize->handle(Object(Illuminate\\Http\\Request), Object(Closure))
#54 /Users/akimotokeiju/Desktop/vending_machine/vendor/laravel/framework/src/Illuminate/Foundation/Http/Middleware/PreventRequestsDuringMaintenance.php(86): Illuminate\\Pipeline\\Pipeline->Illuminate\\Pipeline\\{closure}(Object(Illuminate\\Http\\Request))
#55 /Users/akimotokeiju/Desktop/vending_machine/vendor/laravel/framework/src/Illuminate/Pipeline/Pipeline.php(180): Illuminate\\Foundation\\Http\\Middleware\\PreventRequestsDuringMaintenance->handle(Object(Illuminate\\Http\\Request), Object(Closure))
#56 /Users/akimotokeiju/Desktop/vending_machine/vendor/laravel/framework/src/Illuminate/Http/Middleware/HandleCors.php(49): Illuminate\\Pipeline\\Pipeline->Illuminate\\Pipeline\\{closure}(Object(Illuminate\\Http\\Request))
#57 /Users/akimotokeiju/Desktop/vending_machine/vendor/laravel/framework/src/Illuminate/Pipeline/Pipeline.php(180): Illuminate\\Http\\Middleware\\HandleCors->handle(Object(Illuminate\\Http\\Request), Object(Closure))
#58 /Users/akimotokeiju/Desktop/vending_machine/vendor/laravel/framework/src/Illuminate/Http/Middleware/TrustProxies.php(39): Illuminate\\Pipeline\\Pipeline->Illuminate\\Pipeline\\{closure}(Object(Illuminate\\Http\\Request))
#59 /Users/akimotokeiju/Desktop/vending_machine/vendor/laravel/framework/src/Illuminate/Pipeline/Pipeline.php(180): Illuminate\\Http\\Middleware\\TrustProxies->handle(Object(Illuminate\\Http\\Request), Object(Closure))
#60 /Users/akimotokeiju/Desktop/vending_machine/vendor/laravel/framework/src/Illuminate/Pipeline/Pipeline.php(116): Illuminate\\Pipeline\\Pipeline->Illuminate\\Pipeline\\{closure}(Object(Illuminate\\Http\\Request))
#61 /Users/akimotokeiju/Desktop/vending_machine/vendor/laravel/framework/src/Illuminate/Foundation/Http/Kernel.php(165): Illuminate\\Pipeline\\Pipeline->then(Object(Closure))
#62 /Users/akimotokeiju/Desktop/vending_machine/vendor/laravel/framework/src/Illuminate/Foundation/Http/Kernel.php(134): Illuminate\\Foundation\\Http\\Kernel->sendRequestThroughRouter(Object(Illuminate\\Http\\Request))
#63 /Users/akimotokeiju/Desktop/vending_machine/public/index.php(51): Illuminate\\Foundation\\Http\\Kernel->handle(Object(Illuminate\\Http\\Request))
#64 {main}
"} 
[2026-08-16 13:27:07] local.ERROR: SQLSTATE[HY000] [1045] Access denied for user 'root'@'localhost' (using password: NO) (SQL: select * from `products`) {"exception":"[object] (Illuminate\\Database\\QueryException(code: 1045): SQLSTATE[HY000] [1045] Access denied for user 'root'@'localhost' (using password: NO) (SQL: select * from `products`) at /Users/akimotokeiju/Desktop/vending_machine/vendor/laravel/framework/src/Illuminate/Database/Connection.php:760)
[stacktrace]
#0 /Users/akimotokeiju/Desktop/vending_machine/vendor/laravel/framework/src/Illuminate/Database/Connection.php(720): Illuminate\\Database\\Connection->runQueryCallback('select * from `...', Array, Object(Closure))
#1 /Users/akimotokeiju/Desktop/vending_machine/vendor/laravel/framework/src/Illuminate/Database/Connection.php(405): Illuminate\\Database\\Connection->run('select * from `...', Array, Object(Closure))
#2 /Users/akimotokeiju/Desktop/vending_machine/vendor/laravel/framework/src/Illuminate/Database/Query/Builder.php(2705): Illuminate\\Database\\Connection->select('select * from `...', Array, true)
#3 /Users/akimotokeiju/Desktop/vending_machine/vendor/laravel/framework/src/Illuminate/Database/Query/Builder.php(2694): Illuminate\\Database\\Query\\Builder->runSelect()
#4 /Users/akimotokeiju/Desktop/vending_machine/vendor/laravel/framework/src/Illuminate/Database/Query/Builder.php(3230): Illuminate\\Database\\Query\\Builder->Illuminate\\Database\\Query\\{closure}()
#5 /Users/akimotokeiju/Desktop/vending_machine/vendor/laravel/framework/src/Illuminate/Database/Query/Builder.php(2693): Illuminate\\Database\\Query\\Builder->onceWithColumns(Array, Object(Closure))
#6 /Users/akimotokeiju/Desktop/vending_machine/vendor/laravel/framework/src/Illuminate/Database/Eloquent/Builder.php(710): Illuminate\\Database\\Query\\Builder->get(Array)
#7 /Users/akimotokeiju/Desktop/vending_machine/vendor/laravel/framework/src/Illuminate/Database/Eloquent/Builder.php(694): Illuminate\\Database\\Eloquent\\Builder->getModels(Array)
#8 /Users/akimotokeiju/Desktop/vending_machine/app/Models/Product.php(54): Illuminate\\Database\\Eloquent\\Builder->get()
#9 /Users/akimotokeiju/Desktop/vending_machine/app/Http/Controllers/ProductController.php(22): App\\Models\\Product->getListWithSearch(NULL, NULL)
#10 /Users/akimotokeiju/Desktop/vending_machine/vendor/laravel/framework/src/Illuminate/Routing/Controller.php(54): App\\Http\\Controllers\\ProductController->index(Object(Illuminate\\Http\\Request))
#11 /Users/akimotokeiju/Desktop/vending_machine/vendor/laravel/framework/src/Illuminate/Routing/ControllerDispatcher.php(43): Illuminate\\Routing\\Controller->callAction('index', Array)
#12 /Users/akimotokeiju/Desktop/vending_machine/vendor/laravel/framework/src/Illuminate/Routing/Route.php(259): Illuminate\\Routing\\ControllerDispatcher->dispatch(Object(Illuminate\\Routing\\Route), Object(App\\Http\\Controllers\\ProductController), 'index')
#13 /Users/akimotokeiju/Desktop/vending_machine/vendor/laravel/framework/src/Illuminate/Routing/Route.php(205): Illuminate\\Routing\\Route->runController()
#14 /Users/akimotokeiju/Desktop/vending_machine/vendor/laravel/framework/src/Illuminate/Routing/Router.php(798): Illuminate\\Routing\\Route->run()
#15 /Users/akimotokeiju/Desktop/vending_machine/vendor/laravel/framework/src/Illuminate/Pipeline/Pipeline.php(141): Illuminate\\Routing\\Router->Illuminate\\Routing\\{closure}(Object(Illuminate\\Http\\Request))
#16 /Users/akimotokeiju/Desktop/vending_machine/vendor/laravel/framework/src/Illuminate/Routing/Middleware/SubstituteBindings.php(50): Illuminate\\Pipeline\\Pipeline->Illuminate\\Pipeline\\{closure}(Object(Illuminate\\Http\\Request))
#17 /Users/akimotokeiju/Desktop/vending_machine/vendor/laravel/framework/src/Illuminate/Pipeline/Pipeline.php(180): Illuminate\\Routing\\Middleware\\SubstituteBindings->handle(Object(Illuminate\\Http\\Request), Object(Closure))
#18 /Users/akimotokeiju/Desktop/vending_machine/vendor/laravel/framework/src/Illuminate/Foundation/Http/Middleware/VerifyCsrfToken.php(78): Illuminate\\Pipeline\\Pipeline->Illuminate\\Pipeline\\{closure}(Object(Illuminate\\Http\\Request))
#19 /Users/akimotokeiju/Desktop/vending_machine/vendor/laravel/framework/src/Illuminate/Pipeline/Pipeline.php(180): Illuminate\\Foundation\\Http\\Middleware\\VerifyCsrfToken->handle(Object(Illuminate\\Http\\Request), Object(Closure))
#20 /Users/akimotokeiju/Desktop/vending_machine/vendor/laravel/framework/src/Illuminate/View/Middleware/ShareErrorsFromSession.php(49): Illuminate\\Pipeline\\Pipeline->Illuminate\\Pipeline\\{closure}(Object(Illuminate\\Http\\Request))
#21 /Users/akimotokeiju/Desktop/vending_machine/vendor/laravel/framework/src/Illuminate/Pipeline/Pipeline.php(180): Illuminate\\View\\Middleware\\ShareErrorsFromSession->handle(Object(Illuminate\\Http\\Request), Object(Closure))
#22 /Users/akimotokeiju/Desktop/vending_machine/vendor/laravel/framework/src/Illuminate/Session/Middleware/StartSession.php(121): Illuminate\\Pipeline\\Pipeline->Illuminate\\Pipeline\\{closure}(Object(Illuminate\\Http\\Request))
#23 /Users/akimotokeiju/Desktop/vending_machine/vendor/laravel/framework/src/Illuminate/Session/Middleware/StartSession.php(64): Illuminate\\Session\\Middleware\\StartSession->handleStatefulRequest(Object(Illuminate\\Http\\Request), Object(Illuminate\\Session\\Store), Object(Closure))
#24 /Users/akimotokeiju/Desktop/vending_machine/vendor/laravel/framework/src/Illuminate/Pipeline/Pipeline.php(180): Illuminate\\Session\\Middleware\\StartSession->handle(Object(Illuminate\\Http\\Request), Object(Closure))
#25 /Users/akimotokeiju/Desktop/vending_machine/vendor/laravel/framework/src/Illuminate/Cookie/Middleware/AddQueuedCookiesToResponse.php(37): Illuminate\\Pipeline\\Pipeline->Illuminate\\Pipeline\\{closure}(Object(Illuminate\\Http\\Request))
#26 /Users/akimotokeiju/Desktop/vending_machine/vendor/laravel/framework/src/Illuminate/Pipeline/Pipeline.php(180): Illuminate\\Cookie\\Middleware\\AddQueuedCookiesToResponse->handle(Object(Illuminate\\Http\\Request), Object(Closure))
#27 /Users/akimotokeiju/Desktop/vending_machine/vendor/laravel/framework/src/Illuminate/Cookie/Middleware/EncryptCookies.php(67): Illuminate\\Pipeline\\Pipeline->Illuminate\\Pipeline\\{closure}(Object(Illuminate\\Http\\Request))
#28 /Users/akimotokeiju/Desktop/vending_machine/vendor/laravel/framework/src/Illuminate/Pipeline/Pipeline.php(180): Illuminate\\Cookie\\Middleware\\EncryptCookies->handle(Object(Illuminate\\Http\\Request), Object(Closure))
#29 /Users/akimotokeiju/Desktop/vending_machine/vendor/laravel/framework/src/Illuminate/Pipeline/Pipeline.php(116): Illuminate\\Pipeline\\Pipeline->Illuminate\\Pipeline\\{closure}(Object(Illuminate\\Http\\Request))
#30 /Users/akimotokeiju/Desktop/vending_machine/vendor/laravel/framework/src/Illuminate/Routing/Router.php(797): Illuminate\\Pipeline\\Pipeline->then(Object(Closure))
#31 /Users/akimotokeiju/Desktop/vending_machine/vendor/laravel/framework/src/Illuminate/Routing/Router.php(776): Illuminate\\Routing\\Router->runRouteWithinStack(Object(Illuminate\\Routing\\Route), Object(Illuminate\\Http\\Request))
#32 /Users/akimotokeiju/Desktop/vending_machine/vendor/laravel/framework/src/Illuminate/Routing/Router.php(740): Illuminate\\Routing\\Router->runRoute(Object(Illuminate\\Http\\Request), Object(Illuminate\\Routing\\Route))
#33 /Users/akimotokeiju/Desktop/vending_machine/vendor/laravel/framework/src/Illuminate/Routing/Router.php(729): Illuminate\\Routing\\Router->dispatchToRoute(Object(Illuminate\\Http\\Request))
#34 /Users/akimotokeiju/Desktop/vending_machine/vendor/laravel/framework/src/Illuminate/Foundation/Http/Kernel.php(190): Illuminate\\Routing\\Router->dispatch(Object(Illuminate\\Http\\Request))
#35 /Users/akimotokeiju/Desktop/vending_machine/vendor/laravel/framework/src/Illuminate/Pipeline/Pipeline.php(141): Illuminate\\Foundation\\Http\\Kernel->Illuminate\\Foundation\\Http\\{closure}(Object(Illuminate\\Http\\Request))
#36 /Users/akimotokeiju/Desktop/vending_machine/vendor/laravel/framework/src/Illuminate/Foundation/Http/Middleware/TransformsRequest.php(21): Illuminate\\Pipeline\\Pipeline->Illuminate\\Pipeline\\{closure}(Object(Illuminate\\Http\\Request))
#37 /Users/akimotokeiju/Desktop/vending_machine/vendor/laravel/framework/src/Illuminate/Foundation/Http/Middleware/ConvertEmptyStringsToNull.php(31): Illuminate\\Foundation\\Http\\Middleware\\TransformsRequest->handle(Object(Illuminate\\Http\\Request), Object(Closure))
#38 /Users/akimotokeiju/Desktop/vending_machine/vendor/laravel/framework/src/Illuminate/Pipeline/Pipeline.php(180): Illuminate\\Foundation\\Http\\Middleware\\ConvertEmptyStringsToNull->handle(Object(Illuminate\\Http\\Request), Object(Closure))
#39 /Users/akimotokeiju/Desktop/vending_machine/vendor/laravel/framework/src/Illuminate/Foundation/Http/Middleware/TransformsRequest.php(21): Illuminate\\Pipeline\\Pipeline->Illuminate\\Pipeline\\{closure}(Object(Illuminate\\Http\\Request))
#40 /Users/akimotokeiju/Desktop/vending_machine/vendor/laravel/framework/src/Illuminate/Foundation/Http/Middleware/TrimStrings.php(40): Illuminate\\Foundation\\Http\\Middleware\\TransformsRequest->handle(Object(Illuminate\\Http\\Request), Object(Closure))
#41 /Users/akimotokeiju/Desktop/vending_machine/vendor/laravel/framework/src/Illuminate/Pipeline/Pipeline.php(180): Illuminate\\Foundation\\Http\\Middleware\\TrimStrings->handle(Object(Illuminate\\Http\\Request), Object(Closure))
#42 /Users/akimotokeiju/Desktop/vending_machine/vendor/laravel/framework/src/Illuminate/Foundation/Http/Middleware/ValidatePostSize.php(27): Illuminate\\Pipeline\\Pipeline->Illuminate\\Pipeline\\{closure}(Object(Illuminate\\Http\\Request))
#43 /Users/akimotokeiju/Desktop/vending_machine/vendor/laravel/framework/src/Illuminate/Pipeline/Pipeline.php(180): Illuminate\\Foundation\\Http\\Middleware\\ValidatePostSize->handle(Object(Illuminate\\Http\\Request), Object(Closure))
#44 /Users/akimotokeiju/Desktop/vending_machine/vendor/laravel/framework/src/Illuminate/Foundation/Http/Middleware/PreventRequestsDuringMaintenance.php(86): Illuminate\\Pipeline\\Pipeline->Illuminate\\Pipeline\\{closure}(Object(Illuminate\\Http\\Request))
#45 /Users/akimotokeiju/Desktop/vending_machine/vendor/laravel/framework/src/Illuminate/Pipeline/Pipeline.php(180): Illuminate\\Foundation\\Http\\Middleware\\PreventRequestsDuringMaintenance->handle(Object(Illuminate\\Http\\Request), Object(Closure))
#46 /Users/akimotokeiju/Desktop/vending_machine/vendor/laravel/framework/src/Illuminate/Http/Middleware/HandleCors.php(49): Illuminate\\Pipeline\\Pipeline->Illuminate\\Pipeline\\{closure}(Object(Illuminate\\Http\\Request))
#47 /Users/akimotokeiju/Desktop/vending_machine/vendor/laravel/framework/src/Illuminate/Pipeline/Pipeline.php(180): Illuminate\\Http\\Middleware\\HandleCors->handle(Object(Illuminate\\Http\\Request), Object(Closure))
#48 /Users/akimotokeiju/Desktop/vending_machine/vendor/laravel/framework/src/Illuminate/Http/Middleware/TrustProxies.php(39): Illuminate\\Pipeline\\Pipeline->Illuminate\\Pipeline\\{closure}(Object(Illuminate\\Http\\Request))
#49 /Users/akimotokeiju/Desktop/vending_machine/vendor/laravel/framework/src/Illuminate/Pipeline/Pipeline.php(180): Illuminate\\Http\\Middleware\\TrustProxies->handle(Object(Illuminate\\Http\\Request), Object(Closure))
#50 /Users/akimotokeiju/Desktop/vending_machine/vendor/laravel/framework/src/Illuminate/Pipeline/Pipeline.php(116): Illuminate\\Pipeline\\Pipeline->Illuminate\\Pipeline\\{closure}(Object(Illuminate\\Http\\Request))
#51 /Users/akimotokeiju/Desktop/vending_machine/vendor/laravel/framework/src/Illuminate/Foundation/Http/Kernel.php(165): Illuminate\\Pipeline\\Pipeline->then(Object(Closure))
#52 /Users/akimotokeiju/Desktop/vending_machine/vendor/laravel/framework/src/Illuminate/Foundation/Http/Kernel.php(134): Illuminate\\Foundation\\Http\\Kernel->sendRequestThroughRouter(Object(Illuminate\\Http\\Request))
#53 /Users/akimotokeiju/Desktop/vending_machine/public/index.php(51): Illuminate\\Foundation\\Http\\Kernel->handle(Object(Illuminate\\Http\\Request))
#54 {main}

[previous exception] [object] (PDOException(code: 1045): SQLSTATE[HY000] [1045] Access denied for user 'root'@'localhost' (using password: NO) at /Users/akimotokeiju/Desktop/vending_machine/vendor/laravel/framework/src/Illuminate/Database/Connectors/Connector.php:70)
[stacktrace]
#0 /Users/akimotokeiju/Desktop/vending_machine/vendor/laravel/framework/src/Illuminate/Database/Connectors/Connector.php(70): PDO->__construct('mysql:host=127....', 'root', Object(SensitiveParameterValue), Array)
#1 /Users/akimotokeiju/Desktop/vending_machine/vendor/laravel/framework/src/Illuminate/Database/Connectors/Connector.php(45): Illuminate\\Database\\Connectors\\Connector->createPdoConnection('mysql:host=127....', 'root', '', Array)
#2 /Users/akimotokeiju/Desktop/vending_machine/vendor/laravel/framework/src/Illuminate/Database/Connectors/MySqlConnector.php(24): Illuminate\\Database\\Connectors\\Connector->createConnection('mysql:host=127....', Array, Array)
#3 /Users/akimotokeiju/Desktop/vending_machine/vendor/laravel/framework/src/Illuminate/Database/Connectors/ConnectionFactory.php(184): Illuminate\\Database\\Connectors\\MySqlConnector->connect(Array)
#4 [internal function]: Illuminate\\Database\\Connectors\\ConnectionFactory->Illuminate\\Database\\Connectors\\{closure}()
#5 /Users/akimotokeiju/Desktop/vending_machine/vendor/laravel/framework/src/Illuminate/Database/Connection.php(1181): call_user_func(Object(Closure))
#6 /Users/akimotokeiju/Desktop/vending_machine/vendor/laravel/framework/src/Illuminate/Database/Connection.php(1217): Illuminate\\Database\\Connection->getPdo()
#7 /Users/akimotokeiju/Desktop/vending_machine/vendor/laravel/framework/src/Illuminate/Database/Connection.php(486): Illuminate\\Database\\Connection->getReadPdo()
#8 /Users/akimotokeiju/Desktop/vending_machine/vendor/laravel/framework/src/Illuminate/Database/Connection.php(414): Illuminate\\Database\\Connection->getPdoForSelect(true)
#9 /Users/akimotokeiju/Desktop/vending_machine/vendor/laravel/framework/src/Illuminate/Database/Connection.php(753): Illuminate\\Database\\Connection->Illuminate\\Database\\{closure}('select * from `...', Array)
#10 /Users/akimotokeiju/Desktop/vending_machine/vendor/laravel/framework/src/Illuminate/Database/Connection.php(720): Illuminate\\Database\\Connection->runQueryCallback('select * from `...', Array, Object(Closure))
#11 /Users/akimotokeiju/Desktop/vending_machine/vendor/laravel/framework/src/Illuminate/Database/Connection.php(405): Illuminate\\Database\\Connection->run('select * from `...', Array, Object(Closure))
#12 /Users/akimotokeiju/Desktop/vending_machine/vendor/laravel/framework/src/Illuminate/Database/Query/Builder.php(2705): Illuminate\\Database\\Connection->select('select * from `...', Array, true)
#13 /Users/akimotokeiju/Desktop/vending_machine/vendor/laravel/framework/src/Illuminate/Database/Query/Builder.php(2694): Illuminate\\Database\\Query\\Builder->runSelect()
#14 /Users/akimotokeiju/Desktop/vending_machine/vendor/laravel/framework/src/Illuminate/Database/Query/Builder.php(3230): Illuminate\\Database\\Query\\Builder->Illuminate\\Database\\Query\\{closure}()
#15 /Users/akimotokeiju/Desktop/vending_machine/vendor/laravel/framework/src/Illuminate/Database/Query/Builder.php(2693): Illuminate\\Database\\Query\\Builder->onceWithColumns(Array, Object(Closure))
#16 /Users/akimotokeiju/Desktop/vending_machine/vendor/laravel/framework/src/Illuminate/Database/Eloquent/Builder.php(710): Illuminate\\Database\\Query\\Builder->get(Array)
#17 /Users/akimotokeiju/Desktop/vending_machine/vendor/laravel/framework/src/Illuminate/Database/Eloquent/Builder.php(694): Illuminate\\Database\\Eloquent\\Builder->getModels(Array)
#18 /Users/akimotokeiju/Desktop/vending_machine/app/Models/Product.php(54): Illuminate\\Database\\Eloquent\\Builder->get()
#19 /Users/akimotokeiju/Desktop/vending_machine/app/Http/Controllers/ProductController.php(22): App\\Models\\Product->getListWithSearch(NULL, NULL)
#20 /Users/akimotokeiju/Desktop/vending_machine/vendor/laravel/framework/src/Illuminate/Routing/Controller.php(54): App\\Http\\Controllers\\ProductController->index(Object(Illuminate\\Http\\Request))
#21 /Users/akimotokeiju/Desktop/vending_machine/vendor/laravel/framework/src/Illuminate/Routing/ControllerDispatcher.php(43): Illuminate\\Routing\\Controller->callAction('index', Array)
#22 /Users/akimotokeiju/Desktop/vending_machine/vendor/laravel/framework/src/Illuminate/Routing/Route.php(259): Illuminate\\Routing\\ControllerDispatcher->dispatch(Object(Illuminate\\Routing\\Route), Object(App\\Http\\Controllers\\ProductController), 'index')
#23 /Users/akimotokeiju/Desktop/vending_machine/vendor/laravel/framework/src/Illuminate/Routing/Route.php(205): Illuminate\\Routing\\Route->runController()
#24 /Users/akimotokeiju/Desktop/vending_machine/vendor/laravel/framework/src/Illuminate/Routing/Router.php(798): Illuminate\\Routing\\Route->run()
#25 /Users/akimotokeiju/Desktop/vending_machine/vendor/laravel/framework/src/Illuminate/Pipeline/Pipeline.php(141): Illuminate\\Routing\\Router->Illuminate\\Routing\\{closure}(Object(Illuminate\\Http\\Request))
#26 /Users/akimotokeiju/Desktop/vending_machine/vendor/laravel/framework/src/Illuminate/Routing/Middleware/SubstituteBindings.php(50): Illuminate\\Pipeline\\Pipeline->Illuminate\\Pipeline\\{closure}(Object(Illuminate\\Http\\Request))
#27 /Users/akimotokeiju/Desktop/vending_machine/vendor/laravel/framework/src/Illuminate/Pipeline/Pipeline.php(180): Illuminate\\Routing\\Middleware\\SubstituteBindings->handle(Object(Illuminate\\Http\\Request), Object(Closure))
#28 /Users/akimotokeiju/Desktop/vending_machine/vendor/laravel/framework/src/Illuminate/Foundation/Http/Middleware/VerifyCsrfToken.php(78): Illuminate\\Pipeline\\Pipeline->Illuminate\\Pipeline\\{closure}(Object(Illuminate\\Http\\Request))
#29 /Users/akimotokeiju/Desktop/vending_machine/vendor/laravel/framework/src/Illuminate/Pipeline/Pipeline.php(180): Illuminate\\Foundation\\Http\\Middleware\\VerifyCsrfToken->handle(Object(Illuminate\\Http\\Request), Object(Closure))
#30 /Users/akimotokeiju/Desktop/vending_machine/vendor/laravel/framework/src/Illuminate/View/Middleware/ShareErrorsFromSession.php(49): Illuminate\\Pipeline\\Pipeline->Illuminate\\Pipeline\\{closure}(Object(Illuminate\\Http\\Request))
#31 /Users/akimotokeiju/Desktop/vending_machine/vendor/laravel/framework/src/Illuminate/Pipeline/Pipeline.php(180): Illuminate\\View\\Middleware\\ShareErrorsFromSession->handle(Object(Illuminate\\Http\\Request), Object(Closure))
#32 /Users/akimotokeiju/Desktop/vending_machine/vendor/laravel/framework/src/Illuminate/Session/Middleware/StartSession.php(121): Illuminate\\Pipeline\\Pipeline->Illuminate\\Pipeline\\{closure}(Object(Illuminate\\Http\\Request))
#33 /Users/akimotokeiju/Desktop/vending_machine/vendor/laravel/framework/src/Illuminate/Session/Middleware/StartSession.php(64): Illuminate\\Session\\Middleware\\StartSession->handleStatefulRequest(Object(Illuminate\\Http\\Request), Object(Illuminate\\Session\\Store), Object(Closure))
#34 /Users/akimotokeiju/Desktop/vending_machine/vendor/laravel/framework/src/Illuminate/Pipeline/Pipeline.php(180): Illuminate\\Session\\Middleware\\StartSession->handle(Object(Illuminate\\Http\\Request), Object(Closure))
#35 /Users/akimotokeiju/Desktop/vending_machine/vendor/laravel/framework/src/Illuminate/Cookie/Middleware/AddQueuedCookiesToResponse.php(37): Illuminate\\Pipeline\\Pipeline->Illuminate\\Pipeline\\{closure}(Object(Illuminate\\Http\\Request))
#36 /Users/akimotokeiju/Desktop/vending_machine/vendor/laravel/framework/src/Illuminate/Pipeline/Pipeline.php(180): Illuminate\\Cookie\\Middleware\\AddQueuedCookiesToResponse->handle(Object(Illuminate\\Http\\Request), Object(Closure))
#37 /Users/akimotokeiju/Desktop/vending_machine/vendor/laravel/framework/src/Illuminate/Cookie/Middleware/EncryptCookies.php(67): Illuminate\\Pipeline\\Pipeline->Illuminate\\Pipeline\\{closure}(Object(Illuminate\\Http\\Request))
#38 /Users/akimotokeiju/Desktop/vending_machine/vendor/laravel/framework/src/Illuminate/Pipeline/Pipeline.php(180): Illuminate\\Cookie\\Middleware\\EncryptCookies->handle(Object(Illuminate\\Http\\Request), Object(Closure))
#39 /Users/akimotokeiju/Desktop/vending_machine/vendor/laravel/framework/src/Illuminate/Pipeline/Pipeline.php(116): Illuminate\\Pipeline\\Pipeline->Illuminate\\Pipeline\\{closure}(Object(Illuminate\\Http\\Request))
#40 /Users/akimotokeiju/Desktop/vending_machine/vendor/laravel/framework/src/Illuminate/Routing/Router.php(797): Illuminate\\Pipeline\\Pipeline->then(Object(Closure))
#41 /Users/akimotokeiju/Desktop/vending_machine/vendor/laravel/framework/src/Illuminate/Routing/Router.php(776): Illuminate\\Routing\\Router->runRouteWithinStack(Object(Illuminate\\Routing\\Route), Object(Illuminate\\Http\\Request))
#42 /Users/akimotokeiju/Desktop/vending_machine/vendor/laravel/framework/src/Illuminate/Routing/Router.php(740): Illuminate\\Routing\\Router->runRoute(Object(Illuminate\\Http\\Request), Object(Illuminate\\Routing\\Route))
#43 /Users/akimotokeiju/Desktop/vending_machine/vendor/laravel/framework/src/Illuminate/Routing/Router.php(729): Illuminate\\Routing\\Router->dispatchToRoute(Object(Illuminate\\Http\\Request))
#44 /Users/akimotokeiju/Desktop/vending_machine/vendor/laravel/framework/src/Illuminate/Foundation/Http/Kernel.php(190): Illuminate\\Routing\\Router->dispatch(Object(Illuminate\\Http\\Request))
#45 /Users/akimotokeiju/Desktop/vending_machine/vendor/laravel/framework/src/Illuminate/Pipeline/Pipeline.php(141): Illuminate\\Foundation\\Http\\Kernel->Illuminate\\Foundation\\Http\\{closure}(Object(Illuminate\\Http\\Request))
#46 /Users/akimotokeiju/Desktop/vending_machine/vendor/laravel/framework/src/Illuminate/Foundation/Http/Middleware/TransformsRequest.php(21): Illuminate\\Pipeline\\Pipeline->Illuminate\\Pipeline\\{closure}(Object(Illuminate\\Http\\Request))
#47 /Users/akimotokeiju/Desktop/vending_machine/vendor/laravel/framework/src/Illuminate/Foundation/Http/Middleware/ConvertEmptyStringsToNull.php(31): Illuminate\\Foundation\\Http\\Middleware\\TransformsRequest->handle(Object(Illuminate\\Http\\Request), Object(Closure))
#48 /Users/akimotokeiju/Desktop/vending_machine/vendor/laravel/framework/src/Illuminate/Pipeline/Pipeline.php(180): Illuminate\\Foundation\\Http\\Middleware\\ConvertEmptyStringsToNull->handle(Object(Illuminate\\Http\\Request), Object(Closure))
#49 /Users/akimotokeiju/Desktop/vending_machine/vendor/laravel/framework/src/Illuminate/Foundation/Http/Middleware/TransformsRequest.php(21): Illuminate\\Pipeline\\Pipeline->Illuminate\\Pipeline\\{closure}(Object(Illuminate\\Http\\Request))
#50 /Users/akimotokeiju/Desktop/vending_machine/vendor/laravel/framework/src/Illuminate/Foundation/Http/Middleware/TrimStrings.php(40): Illuminate\\Foundation\\Http\\Middleware\\TransformsRequest->handle(Object(Illuminate\\Http\\Request), Object(Closure))
#51 /Users/akimotokeiju/Desktop/vending_machine/vendor/laravel/framework/src/Illuminate/Pipeline/Pipeline.php(180): Illuminate\\Foundation\\Http\\Middleware\\TrimStrings->handle(Object(Illuminate\\Http\\Request), Object(Closure))
#52 /Users/akimotokeiju/Desktop/vending_machine/vendor/laravel/framework/src/Illuminate/Foundation/Http/Middleware/ValidatePostSize.php(27): Illuminate\\Pipeline\\Pipeline->Illuminate\\Pipeline\\{closure}(Object(Illuminate\\Http\\Request))
#53 /Users/akimotokeiju/Desktop/vending_machine/vendor/laravel/framework/src/Illuminate/Pipeline/Pipeline.php(180): Illuminate\\Foundation\\Http\\Middleware\\ValidatePostSize->handle(Object(Illuminate\\Http\\Request), Object(Closure))
#54 /Users/akimotokeiju/Desktop/vending_machine/vendor/laravel/framework/src/Illuminate/Foundation/Http/Middleware/PreventRequestsDuringMaintenance.php(86): Illuminate\\Pipeline\\Pipeline->Illuminate\\Pipeline\\{closure}(Object(Illuminate\\Http\\Request))
#55 /Users/akimotokeiju/Desktop/vending_machine/vendor/laravel/framework/src/Illuminate/Pipeline/Pipeline.php(180): Illuminate\\Foundation\\Http\\Middleware\\PreventRequestsDuringMaintenance->handle(Object(Illuminate\\Http\\Request), Object(Closure))
#56 /Users/akimotokeiju/Desktop/vending_machine/vendor/laravel/framework/src/Illuminate/Http/Middleware/HandleCors.php(49): Illuminate\\Pipeline\\Pipeline->Illuminate\\Pipeline\\{closure}(Object(Illuminate\\Http\\Request))
#57 /Users/akimotokeiju/Desktop/vending_machine/vendor/laravel/framework/src/Illuminate/Pipeline/Pipeline.php(180): Illuminate\\Http\\Middleware\\HandleCors->handle(Object(Illuminate\\Http\\Request), Object(Closure))
#58 /Users/akimotokeiju/Desktop/vending_machine/vendor/laravel/framework/src/Illuminate/Http/Middleware/TrustProxies.php(39): Illuminate\\Pipeline\\Pipeline->Illuminate\\Pipeline\\{closure}(Object(Illuminate\\Http\\Request))
#59 /Users/akimotokeiju/Desktop/vending_machine/vendor/laravel/framework/src/Illuminate/Pipeline/Pipeline.php(180): Illuminate\\Http\\Middleware\\TrustProxies->handle(Object(Illuminate\\Http\\Request), Object(Closure))
#60 /Users/akimotokeiju/Desktop/vending_machine/vendor/laravel/framework/src/Illuminate/Pipeline/Pipeline.php(116): Illuminate\\Pipeline\\Pipeline->Illuminate\\Pipeline\\{closure}(Object(Illuminate\\Http\\Request))
#61 /Users/akimotokeiju/Desktop/vending_machine/vendor/laravel/framework/src/Illuminate/Foundation/Http/Kernel.php(165): Illuminate\\Pipeline\\Pipeline->then(Object(Closure))
#62 /Users/akimotokeiju/Desktop/vending_machine/vendor/laravel/framework/src/Illuminate/Foundation/Http/Kernel.php(134): Illuminate\\Foundation\\Http\\Kernel->sendRequestThroughRouter(Object(Illuminate\\Http\\Request))
#63 /Users/akimotokeiju/Desktop/vending_machine/public/index.php(51): Illuminate\\Foundation\\Http\\Kernel->handle(Object(Illuminate\\Http\\Request))
#64 {main}
"} 
[2026-08-16 13:30:07] local.ERROR: Auth guard [] is not defined. {"exception":"[object] (Spatie\\LaravelIgnition\\Exceptions\\ViewException(code: 0): Auth guard [] is not defined. at /Users/akimotokeiju/Desktop/vending_machine/vendor/laravel/framework/src/Illuminate/Auth/AuthManager.php:86)
[stacktrace]
#0 /Users/akimotokeiju/Desktop/vending_machine/vendor/laravel/framework/src/Illuminate/Auth/AuthManager.php(70): Illuminate\\Auth\\AuthManager->resolve(NULL)
#1 /Users/akimotokeiju/Desktop/vending_machine/resources/views/layouts/app.blade.php(39): Illuminate\\Auth\\AuthManager->guard()
#2 /Users/akimotokeiju/Desktop/vending_machine/vendor/laravel/framework/src/Illuminate/Filesystem/Filesystem.php(109): require('/Users/akimotok...')
#3 /Users/akimotokeiju/Desktop/vending_machine/vendor/laravel/framework/src/Illuminate/Filesystem/Filesystem.php(110): Illuminate\\Filesystem\\Filesystem::Illuminate\\Filesystem\\{closure}()
#4 /Users/akimotokeiju/Desktop/vending_machine/vendor/laravel/framework/src/Illuminate/View/Engines/PhpEngine.php(58): Illuminate\\Filesystem\\Filesystem->getRequire('/Users/akimotok...', Array)
#5 /Users/akimotokeiju/Desktop/vending_machine/vendor/laravel/framework/src/Illuminate/View/Engines/CompilerEngine.php(70): Illuminate\\View\\Engines\\PhpEngine->evaluatePath('/Users/akimotok...', Array)
#6 /Users/akimotokeiju/Desktop/vending_machine/vendor/laravel/framework/src/Illuminate/View/View.php(195): Illuminate\\View\\Engines\\CompilerEngine->get('/Users/akimotok...', Array)
#7 /Users/akimotokeiju/Desktop/vending_machine/vendor/laravel/framework/src/Illuminate/View/View.php(178): Illuminate\\View\\View->getContents()
#8 /Users/akimotokeiju/Desktop/vending_machine/vendor/laravel/framework/src/Illuminate/View/View.php(147): Illuminate\\View\\View->renderContents()
#9 /Users/akimotokeiju/Desktop/vending_machine/resources/views/products/index.blade.php(73): Illuminate\\View\\View->render()
#10 /Users/akimotokeiju/Desktop/vending_machine/vendor/laravel/framework/src/Illuminate/Filesystem/Filesystem.php(109): require('/Users/akimotok...')
#11 /Users/akimotokeiju/Desktop/vending_machine/vendor/laravel/framework/src/Illuminate/Filesystem/Filesystem.php(110): Illuminate\\Filesystem\\Filesystem::Illuminate\\Filesystem\\{closure}()
#12 /Users/akimotokeiju/Desktop/vending_machine/vendor/laravel/framework/src/Illuminate/View/Engines/PhpEngine.php(58): Illuminate\\Filesystem\\Filesystem->getRequire('/Users/akimotok...', Array)
#13 /Users/akimotokeiju/Desktop/vending_machine/vendor/laravel/framework/src/Illuminate/View/Engines/CompilerEngine.php(70): Illuminate\\View\\Engines\\PhpEngine->evaluatePath('/Users/akimotok...', Array)
#14 /Users/akimotokeiju/Desktop/vending_machine/vendor/laravel/framework/src/Illuminate/View/View.php(195): Illuminate\\View\\Engines\\CompilerEngine->get('/Users/akimotok...', Array)
#15 /Users/akimotokeiju/Desktop/vending_machine/vendor/laravel/framework/src/Illuminate/View/View.php(178): Illuminate\\View\\View->getContents()
#16 /Users/akimotokeiju/Desktop/vending_machine/vendor/laravel/framework/src/Illuminate/View/View.php(147): Illuminate\\View\\View->renderContents()
#17 /Users/akimotokeiju/Desktop/vending_machine/vendor/laravel/framework/src/Illuminate/Http/Response.php(69): Illuminate\\View\\View->render()
#18 /Users/akimotokeiju/Desktop/vending_machine/vendor/laravel/framework/src/Illuminate/Http/Response.php(35): Illuminate\\Http\\Response->setContent(Object(Illuminate\\View\\View))
#19 /Users/akimotokeiju/Desktop/vending_machine/vendor/laravel/framework/src/Illuminate/Routing/Router.php(906): Illuminate\\Http\\Response->__construct(Object(Illuminate\\View\\View), 200, Array)
#20 /Users/akimotokeiju/Desktop/vending_machine/vendor/laravel/framework/src/Illuminate/Routing/Router.php(875): Illuminate\\Routing\\Router::toResponse(Object(Illuminate\\Http\\Request), Object(Illuminate\\View\\View))
#21 /Users/akimotokeiju/Desktop/vending_machine/vendor/laravel/framework/src/Illuminate/Routing/Router.php(797): Illuminate\\Routing\\Router->prepareResponse(Object(Illuminate\\Http\\Request), Object(Illuminate\\View\\View))
#22 /Users/akimotokeiju/Desktop/vending_machine/vendor/laravel/framework/src/Illuminate/Pipeline/Pipeline.php(141): Illuminate\\Routing\\Router->Illuminate\\Routing\\{closure}(Object(Illuminate\\Http\\Request))
#23 /Users/akimotokeiju/Desktop/vending_machine/vendor/laravel/framework/src/Illuminate/Routing/Middleware/SubstituteBindings.php(50): Illuminate\\Pipeline\\Pipeline->Illuminate\\Pipeline\\{closure}(Object(Illuminate\\Http\\Request))
#24 /Users/akimotokeiju/Desktop/vending_machine/vendor/laravel/framework/src/Illuminate/Pipeline/Pipeline.php(180): Illuminate\\Routing\\Middleware\\SubstituteBindings->handle(Object(Illuminate\\Http\\Request), Object(Closure))
#25 /Users/akimotokeiju/Desktop/vending_machine/vendor/laravel/framework/src/Illuminate/Foundation/Http/Middleware/VerifyCsrfToken.php(78): Illuminate\\Pipeline\\Pipeline->Illuminate\\Pipeline\\{closure}(Object(Illuminate\\Http\\Request))
#26 /Users/akimotokeiju/Desktop/vending_machine/vendor/laravel/framework/src/Illuminate/Pipeline/Pipeline.php(180): Illuminate\\Foundation\\Http\\Middleware\\VerifyCsrfToken->handle(Object(Illuminate\\Http\\Request), Object(Closure))
#27 /Users/akimotokeiju/Desktop/vending_machine/vendor/laravel/framework/src/Illuminate/View/Middleware/ShareErrorsFromSession.php(49): Illuminate\\Pipeline\\Pipeline->Illuminate\\Pipeline\\{closure}(Object(Illuminate\\Http\\Request))
#28 /Users/akimotokeiju/Desktop/vending_machine/vendor/laravel/framework/src/Illuminate/Pipeline/Pipeline.php(180): Illuminate\\View\\Middleware\\ShareErrorsFromSession->handle(Object(Illuminate\\Http\\Request), Object(Closure))
#29 /Users/akimotokeiju/Desktop/vending_machine/vendor/laravel/framework/src/Illuminate/Session/Middleware/StartSession.php(121): Illuminate\\Pipeline\\Pipeline->Illuminate\\Pipeline\\{closure}(Object(Illuminate\\Http\\Request))
#30 /Users/akimotokeiju/Desktop/vending_machine/vendor/laravel/framework/src/Illuminate/Session/Middleware/StartSession.php(64): Illuminate\\Session\\Middleware\\StartSession->handleStatefulRequest(Object(Illuminate\\Http\\Request), Object(Illuminate\\Session\\Store), Object(Closure))
#31 /Users/akimotokeiju/Desktop/vending_machine/vendor/laravel/framework/src/Illuminate/Pipeline/Pipeline.php(180): Illuminate\\Session\\Middleware\\StartSession->handle(Object(Illuminate\\Http\\Request), Object(Closure))
#32 /Users/akimotokeiju/Desktop/vending_machine/vendor/laravel/framework/src/Illuminate/Cookie/Middleware/AddQueuedCookiesToResponse.php(37): Illuminate\\Pipeline\\Pipeline->Illuminate\\Pipeline\\{closure}(Object(Illuminate\\Http\\Request))
#33 /Users/akimotokeiju/Desktop/vending_machine/vendor/laravel/framework/src/Illuminate/Pipeline/Pipeline.php(180): Illuminate\\Cookie\\Middleware\\AddQueuedCookiesToResponse->handle(Object(Illuminate\\Http\\Request), Object(Closure))
#34 /Users/akimotokeiju/Desktop/vending_machine/vendor/laravel/framework/src/Illuminate/Cookie/Middleware/EncryptCookies.php(67): Illuminate\\Pipeline\\Pipeline->Illuminate\\Pipeline\\{closure}(Object(Illuminate\\Http\\Request))
#35 /Users/akimotokeiju/Desktop/vending_machine/vendor/laravel/framework/src/Illuminate/Pipeline/Pipeline.php(180): Illuminate\\Cookie\\Middleware\\EncryptCookies->handle(Object(Illuminate\\Http\\Request), Object(Closure))
#36 /Users/akimotokeiju/Desktop/vending_machine/vendor/laravel/framework/src/Illuminate/Pipeline/Pipeline.php(116): Illuminate\\Pipeline\\Pipeline->Illuminate\\Pipeline\\{closure}(Object(Illuminate\\Http\\Request))
#37 /Users/akimotokeiju/Desktop/vending_machine/vendor/laravel/framework/src/Illuminate/Routing/Router.php(797): Illuminate\\Pipeline\\Pipeline->then(Object(Closure))
#38 /Users/akimotokeiju/Desktop/vending_machine/vendor/laravel/framework/src/Illuminate/Routing/Router.php(776): Illuminate\\Routing\\Router->runRouteWithinStack(Object(Illuminate\\Routing\\Route), Object(Illuminate\\Http\\Request))
#39 /Users/akimotokeiju/Desktop/vending_machine/vendor/laravel/framework/src/Illuminate/Routing/Router.php(740): Illuminate\\Routing\\Router->runRoute(Object(Illuminate\\Http\\Request), Object(Illuminate\\Routing\\Route))
#40 /Users/akimotokeiju/Desktop/vending_machine/vendor/laravel/framework/src/Illuminate/Routing/Router.php(729): Illuminate\\Routing\\Router->dispatchToRoute(Object(Illuminate\\Http\\Request))
#41 /Users/akimotokeiju/Desktop/vending_machine/vendor/laravel/framework/src/Illuminate/Foundation/Http/Kernel.php(190): Illuminate\\Routing\\Router->dispatch(Object(Illuminate\\Http\\Request))
#42 /Users/akimotokeiju/Desktop/vending_machine/vendor/laravel/framework/src/Illuminate/Pipeline/Pipeline.php(141): Illuminate\\Foundation\\Http\\Kernel->Illuminate\\Foundation\\Http\\{closure}(Object(Illuminate\\Http\\Request))
#43 /Users/akimotokeiju/Desktop/vending_machine/vendor/laravel/framework/src/Illuminate/Foundation/Http/Middleware/TransformsRequest.php(21): Illuminate\\Pipeline\\Pipeline->Illuminate\\Pipeline\\{closure}(Object(Illuminate\\Http\\Request))
#44 /Users/akimotokeiju/Desktop/vending_machine/vendor/laravel/framework/src/Illuminate/Foundation/Http/Middleware/ConvertEmptyStringsToNull.php(31): Illuminate\\Foundation\\Http\\Middleware\\TransformsRequest->handle(Object(Illuminate\\Http\\Request), Object(Closure))
#45 /Users/akimotokeiju/Desktop/vending_machine/vendor/laravel/framework/src/Illuminate/Pipeline/Pipeline.php(180): Illuminate\\Foundation\\Http\\Middleware\\ConvertEmptyStringsToNull->handle(Object(Illuminate\\Http\\Request), Object(Closure))
#46 /Users/akimotokeiju/Desktop/vending_machine/vendor/laravel/framework/src/Illuminate/Foundation/Http/Middleware/TransformsRequest.php(21): Illuminate\\Pipeline\\Pipeline->Illuminate\\Pipeline\\{closure}(Object(Illuminate\\Http\\Request))
#47 /Users/akimotokeiju/Desktop/vending_machine/vendor/laravel/framework/src/Illuminate/Foundation/Http/Middleware/TrimStrings.php(40): Illuminate\\Foundation\\Http\\Middleware\\TransformsRequest->handle(Object(Illuminate\\Http\\Request), Object(Closure))
#48 /Users/akimotokeiju/Desktop/vending_machine/vendor/laravel/framework/src/Illuminate/Pipeline/Pipeline.php(180): Illuminate\\Foundation\\Http\\Middleware\\TrimStrings->handle(Object(Illuminate\\Http\\Request), Object(Closure))
#49 /Users/akimotokeiju/Desktop/vending_machine/vendor/laravel/framework/src/Illuminate/Foundation/Http/Middleware/ValidatePostSize.php(27): Illuminate\\Pipeline\\Pipeline->Illuminate\\Pipeline\\{closure}(Object(Illuminate\\Http\\Request))
#50 /Users/akimotokeiju/Desktop/vending_machine/vendor/laravel/framework/src/Illuminate/Pipeline/Pipeline.php(180): Illuminate\\Foundation\\Http\\Middleware\\ValidatePostSize->handle(Object(Illuminate\\Http\\Request), Object(Closure))
#51 /Users/akimotokeiju/Desktop/vending_machine/vendor/laravel/framework/src/Illuminate/Foundation/Http/Middleware/PreventRequestsDuringMaintenance.php(86): Illuminate\\Pipeline\\Pipeline->Illuminate\\Pipeline\\{closure}(Object(Illuminate\\Http\\Request))
#52 /Users/akimotokeiju/Desktop/vending_machine/vendor/laravel/framework/src/Illuminate/Pipeline/Pipeline.php(180): Illuminate\\Foundation\\Http\\Middleware\\PreventRequestsDuringMaintenance->handle(Object(Illuminate\\Http\\Request), Object(Closure))
#53 /Users/akimotokeiju/Desktop/vending_machine/vendor/laravel/framework/src/Illuminate/Http/Middleware/HandleCors.php(49): Illuminate\\Pipeline\\Pipeline->Illuminate\\Pipeline\\{closure}(Object(Illuminate\\Http\\Request))
#54 /Users/akimotokeiju/Desktop/vending_machine/vendor/laravel/framework/src/Illuminate/Pipeline/Pipeline.php(180): Illuminate\\Http\\Middleware\\HandleCors->handle(Object(Illuminate\\Http\\Request), Object(Closure))
#55 /Users/akimotokeiju/Desktop/vending_machine/vendor/laravel/framework/src/Illuminate/Http/Middleware/TrustProxies.php(39): Illuminate\\Pipeline\\Pipeline->Illuminate\\Pipeline\\{closure}(Object(Illuminate\\Http\\Request))
#56 /Users/akimotokeiju/Desktop/vending_machine/vendor/laravel/framework/src/Illuminate/Pipeline/Pipeline.php(180): Illuminate\\Http\\Middleware\\TrustProxies->handle(Object(Illuminate\\Http\\Request), Object(Closure))
#57 /Users/akimotokeiju/Desktop/vending_machine/vendor/laravel/framework/src/Illuminate/Pipeline/Pipeline.php(116): Illuminate\\Pipeline\\Pipeline->Illuminate\\Pipeline\\{closure}(Object(Illuminate\\Http\\Request))
#58 /Users/akimotokeiju/Desktop/vending_machine/vendor/laravel/framework/src/Illuminate/Foundation/Http/Kernel.php(165): Illuminate\\Pipeline\\Pipeline->then(Object(Closure))
#59 /Users/akimotokeiju/Desktop/vending_machine/vendor/laravel/framework/src/Illuminate/Foundation/Http/Kernel.php(134): Illuminate\\Foundation\\Http\\Kernel->sendRequestThroughRouter(Object(Illuminate\\Http\\Request))
#60 /Users/akimotokeiju/Desktop/vending_machine/public/index.php(51): Illuminate\\Foundation\\Http\\Kernel->handle(Object(Illuminate\\Http\\Request))
#61 {main}

[previous exception] [object] (InvalidArgumentException(code: 0): Auth guard [] is not defined. at /Users/akimotokeiju/Desktop/vending_machine/vendor/laravel/framework/src/Illuminate/Auth/AuthManager.php:86)
[stacktrace]
#0 /Users/akimotokeiju/Desktop/vending_machine/vendor/laravel/framework/src/Illuminate/Auth/AuthManager.php(70): Illuminate\\Auth\\AuthManager->resolve(NULL)
#1 /Users/akimotokeiju/Desktop/vending_machine/storage/framework/views/59e8d162e0dd423b38a3be196ad178a988578dea.php(40): Illuminate\\Auth\\AuthManager->guard()
#2 /Users/akimotokeiju/Desktop/vending_machine/vendor/laravel/framework/src/Illuminate/Filesystem/Filesystem.php(109): require('/Users/akimotok...')
#3 /Users/akimotokeiju/Desktop/vending_machine/vendor/laravel/framework/src/Illuminate/Filesystem/Filesystem.php(110): Illuminate\\Filesystem\\Filesystem::Illuminate\\Filesystem\\{closure}()
#4 /Users/akimotokeiju/Desktop/vending_machine/vendor/laravel/framework/src/Illuminate/View/Engines/PhpEngine.php(58): Illuminate\\Filesystem\\Filesystem->getRequire('/Users/akimotok...', Array)
#5 /Users/akimotokeiju/Desktop/vending_machine/vendor/laravel/framework/src/Illuminate/View/Engines/CompilerEngine.php(70): Illuminate\\View\\Engines\\PhpEngine->evaluatePath('/Users/akimotok...', Array)
#6 /Users/akimotokeiju/Desktop/vending_machine/vendor/laravel/framework/src/Illuminate/View/View.php(195): Illuminate\\View\\Engines\\CompilerEngine->get('/Users/akimotok...', Array)
#7 /Users/akimotokeiju/Desktop/vending_machine/vendor/laravel/framework/src/Illuminate/View/View.php(178): Illuminate\\View\\View->getContents()
#8 /Users/akimotokeiju/Desktop/vending_machine/vendor/laravel/framework/src/Illuminate/View/View.php(147): Illuminate\\View\\View->renderContents()
#9 /Users/akimotokeiju/Desktop/vending_machine/storage/framework/views/44ae8eb24422a7935e06ad12d644342e94944d08.php(73): Illuminate\\View\\View->render()
#10 /Users/akimotokeiju/Desktop/vending_machine/vendor/laravel/framework/src/Illuminate/Filesystem/Filesystem.php(109): require('/Users/akimotok...')
#11 /Users/akimotokeiju/Desktop/vending_machine/vendor/laravel/framework/src/Illuminate/Filesystem/Filesystem.php(110): Illuminate\\Filesystem\\Filesystem::Illuminate\\Filesystem\\{closure}()
#12 /Users/akimotokeiju/Desktop/vending_machine/vendor/laravel/framework/src/Illuminate/View/Engines/PhpEngine.php(58): Illuminate\\Filesystem\\Filesystem->getRequire('/Users/akimotok...', Array)
#13 /Users/akimotokeiju/Desktop/vending_machine/vendor/laravel/framework/src/Illuminate/View/Engines/CompilerEngine.php(70): Illuminate\\View\\Engines\\PhpEngine->evaluatePath('/Users/akimotok...', Array)
#14 /Users/akimotokeiju/Desktop/vending_machine/vendor/laravel/framework/src/Illuminate/View/View.php(195): Illuminate\\View\\Engines\\CompilerEngine->get('/Users/akimotok...', Array)
#15 /Users/akimotokeiju/Desktop/vending_machine/vendor/laravel/framework/src/Illuminate/View/View.php(178): Illuminate\\View\\View->getContents()
#16 /Users/akimotokeiju/Desktop/vending_machine/vendor/laravel/framework/src/Illuminate/View/View.php(147): Illuminate\\View\\View->renderContents()
#17 /Users/akimotokeiju/Desktop/vending_machine/vendor/laravel/framework/src/Illuminate/Http/Response.php(69): Illuminate\\View\\View->render()
#18 /Users/akimotokeiju/Desktop/vending_machine/vendor/laravel/framework/src/Illuminate/Http/Response.php(35): Illuminate\\Http\\Response->setContent(Object(Illuminate\\View\\View))
#19 /Users/akimotokeiju/Desktop/vending_machine/vendor/laravel/framework/src/Illuminate/Routing/Router.php(906): Illuminate\\Http\\Response->__construct(Object(Illuminate\\View\\View), 200, Array)
#20 /Users/akimotokeiju/Desktop/vending_machine/vendor/laravel/framework/src/Illuminate/Routing/Router.php(875): Illuminate\\Routing\\Router::toResponse(Object(Illuminate\\Http\\Request), Object(Illuminate\\View\\View))
#21 /Users/akimotokeiju/Desktop/vending_machine/vendor/laravel/framework/src/Illuminate/Routing/Router.php(797): Illuminate\\Routing\\Router->prepareResponse(Object(Illuminate\\Http\\Request), Object(Illuminate\\View\\View))
#22 /Users/akimotokeiju/Desktop/vending_machine/vendor/laravel/framework/src/Illuminate/Pipeline/Pipeline.php(141): Illuminate\\Routing\\Router->Illuminate\\Routing\\{closure}(Object(Illuminate\\Http\\Request))
#23 /Users/akimotokeiju/Desktop/vending_machine/vendor/laravel/framework/src/Illuminate/Routing/Middleware/SubstituteBindings.php(50): Illuminate\\Pipeline\\Pipeline->Illuminate\\Pipeline\\{closure}(Object(Illuminate\\Http\\Request))
#24 /Users/akimotokeiju/Desktop/vending_machine/vendor/laravel/framework/src/Illuminate/Pipeline/Pipeline.php(180): Illuminate\\Routing\\Middleware\\SubstituteBindings->handle(Object(Illuminate\\Http\\Request), Object(Closure))
#25 /Users/akimotokeiju/Desktop/vending_machine/vendor/laravel/framework/src/Illuminate/Foundation/Http/Middleware/VerifyCsrfToken.php(78): Illuminate\\Pipeline\\Pipeline->Illuminate\\Pipeline\\{closure}(Object(Illuminate\\Http\\Request))
#26 /Users/akimotokeiju/Desktop/vending_machine/vendor/laravel/framework/src/Illuminate/Pipeline/Pipeline.php(180): Illuminate\\Foundation\\Http\\Middleware\\VerifyCsrfToken->handle(Object(Illuminate\\Http\\Request), Object(Closure))
#27 /Users/akimotokeiju/Desktop/vending_machine/vendor/laravel/framework/src/Illuminate/View/Middleware/ShareErrorsFromSession.php(49): Illuminate\\Pipeline\\Pipeline->Illuminate\\Pipeline\\{closure}(Object(Illuminate\\Http\\Request))
#28 /Users/akimotokeiju/Desktop/vending_machine/vendor/laravel/framework/src/Illuminate/Pipeline/Pipeline.php(180): Illuminate\\View\\Middleware\\ShareErrorsFromSession->handle(Object(Illuminate\\Http\\Request), Object(Closure))
#29 /Users/akimotokeiju/Desktop/vending_machine/vendor/laravel/framework/src/Illuminate/Session/Middleware/StartSession.php(121): Illuminate\\Pipeline\\Pipeline->Illuminate\\Pipeline\\{closure}(Object(Illuminate\\Http\\Request))
#30 /Users/akimotokeiju/Desktop/vending_machine/vendor/laravel/framework/src/Illuminate/Session/Middleware/StartSession.php(64): Illuminate\\Session\\Middleware\\StartSession->handleStatefulRequest(Object(Illuminate\\Http\\Request), Object(Illuminate\\Session\\Store), Object(Closure))
#31 /Users/akimotokeiju/Desktop/vending_machine/vendor/laravel/framework/src/Illuminate/Pipeline/Pipeline.php(180): Illuminate\\Session\\Middleware\\StartSession->handle(Object(Illuminate\\Http\\Request), Object(Closure))
#32 /Users/akimotokeiju/Desktop/vending_machine/vendor/laravel/framework/src/Illuminate/Cookie/Middleware/AddQueuedCookiesToResponse.php(37): Illuminate\\Pipeline\\Pipeline->Illuminate\\Pipeline\\{closure}(Object(Illuminate\\Http\\Request))
#33 /Users/akimotokeiju/Desktop/vending_machine/vendor/laravel/framework/src/Illuminate/Pipeline/Pipeline.php(180): Illuminate\\Cookie\\Middleware\\AddQueuedCookiesToResponse->handle(Object(Illuminate\\Http\\Request), Object(Closure))
#34 /Users/akimotokeiju/Desktop/vending_machine/vendor/laravel/framework/src/Illuminate/Cookie/Middleware/EncryptCookies.php(67): Illuminate\\Pipeline\\Pipeline->Illuminate\\Pipeline\\{closure}(Object(Illuminate\\Http\\Request))
#35 /Users/akimotokeiju/Desktop/vending_machine/vendor/laravel/framework/src/Illuminate/Pipeline/Pipeline.php(180): Illuminate\\Cookie\\Middleware\\EncryptCookies->handle(Object(Illuminate\\Http\\Request), Object(Closure))
#36 /Users/akimotokeiju/Desktop/vending_machine/vendor/laravel/framework/src/Illuminate/Pipeline/Pipeline.php(116): Illuminate\\Pipeline\\Pipeline->Illuminate\\Pipeline\\{closure}(Object(Illuminate\\Http\\Request))
#37 /Users/akimotokeiju/Desktop/vending_machine/vendor/laravel/framework/src/Illuminate/Routing/Router.php(797): Illuminate\\Pipeline\\Pipeline->then(Object(Closure))
#38 /Users/akimotokeiju/Desktop/vending_machine/vendor/laravel/framework/src/Illuminate/Routing/Router.php(776): Illuminate\\Routing\\Router->runRouteWithinStack(Object(Illuminate\\Routing\\Route), Object(Illuminate\\Http\\Request))
#39 /Users/akimotokeiju/Desktop/vending_machine/vendor/laravel/framework/src/Illuminate/Routing/Router.php(740): Illuminate\\Routing\\Router->runRoute(Object(Illuminate\\Http\\Request), Object(Illuminate\\Routing\\Route))
#40 /Users/akimotokeiju/Desktop/vending_machine/vendor/laravel/framework/src/Illuminate/Routing/Router.php(729): Illuminate\\Routing\\Router->dispatchToRoute(Object(Illuminate\\Http\\Request))
#41 /Users/akimotokeiju/Desktop/vending_machine/vendor/laravel/framework/src/Illuminate/Foundation/Http/Kernel.php(190): Illuminate\\Routing\\Router->dispatch(Object(Illuminate\\Http\\Request))
#42 /Users/akimotokeiju/Desktop/vending_machine/vendor/laravel/framework/src/Illuminate/Pipeline/Pipeline.php(141): Illuminate\\Foundation\\Http\\Kernel->Illuminate\\Foundation\\Http\\{closure}(Object(Illuminate\\Http\\Request))
#43 /Users/akimotokeiju/Desktop/vending_machine/vendor/laravel/framework/src/Illuminate/Foundation/Http/Middleware/TransformsRequest.php(21): Illuminate\\Pipeline\\Pipeline->Illuminate\\Pipeline\\{closure}(Object(Illuminate\\Http\\Request))
#44 /Users/akimotokeiju/Desktop/vending_machine/vendor/laravel/framework/src/Illuminate/Foundation/Http/Middleware/ConvertEmptyStringsToNull.php(31): Illuminate\\Foundation\\Http\\Middleware\\TransformsRequest->handle(Object(Illuminate\\Http\\Request), Object(Closure))
#45 /Users/akimotokeiju/Desktop/vending_machine/vendor/laravel/framework/src/Illuminate/Pipeline/Pipeline.php(180): Illuminate\\Foundation\\Http\\Middleware\\ConvertEmptyStringsToNull->handle(Object(Illuminate\\Http\\Request), Object(Closure))
#46 /Users/akimotokeiju/Desktop/vending_machine/vendor/laravel/framework/src/Illuminate/Foundation/Http/Middleware/TransformsRequest.php(21): Illuminate\\Pipeline\\Pipeline->Illuminate\\Pipeline\\{closure}(Object(Illuminate\\Http\\Request))
#47 /Users/akimotokeiju/Desktop/vending_machine/vendor/laravel/framework/src/Illuminate/Foundation/Http/Middleware/TrimStrings.php(40): Illuminate\\Foundation\\Http\\Middleware\\TransformsRequest->handle(Object(Illuminate\\Http\\Request), Object(Closure))
#48 /Users/akimotokeiju/Desktop/vending_machine/vendor/laravel/framework/src/Illuminate/Pipeline/Pipeline.php(180): Illuminate\\Foundation\\Http\\Middleware\\TrimStrings->handle(Object(Illuminate\\Http\\Request), Object(Closure))
#49 /Users/akimotokeiju/Desktop/vending_machine/vendor/laravel/framework/src/Illuminate/Foundation/Http/Middleware/ValidatePostSize.php(27): Illuminate\\Pipeline\\Pipeline->Illuminate\\Pipeline\\{closure}(Object(Illuminate\\Http\\Request))
#50 /Users/akimotokeiju/Desktop/vending_machine/vendor/laravel/framework/src/Illuminate/Pipeline/Pipeline.php(180): Illuminate\\Foundation\\Http\\Middleware\\ValidatePostSize->handle(Object(Illuminate\\Http\\Request), Object(Closure))
#51 /Users/akimotokeiju/Desktop/vending_machine/vendor/laravel/framework/src/Illuminate/Foundation/Http/Middleware/PreventRequestsDuringMaintenance.php(86): Illuminate\\Pipeline\\Pipeline->Illuminate\\Pipeline\\{closure}(Object(Illuminate\\Http\\Request))
#52 /Users/akimotokeiju/Desktop/vending_machine/vendor/laravel/framework/src/Illuminate/Pipeline/Pipeline.php(180): Illuminate\\Foundation\\Http\\Middleware\\PreventRequestsDuringMaintenance->handle(Object(Illuminate\\Http\\Request), Object(Closure))
#53 /Users/akimotokeiju/Desktop/vending_machine/vendor/laravel/framework/src/Illuminate/Http/Middleware/HandleCors.php(49): Illuminate\\Pipeline\\Pipeline->Illuminate\\Pipeline\\{closure}(Object(Illuminate\\Http\\Request))
#54 /Users/akimotokeiju/Desktop/vending_machine/vendor/laravel/framework/src/Illuminate/Pipeline/Pipeline.php(180): Illuminate\\Http\\Middleware\\HandleCors->handle(Object(Illuminate\\Http\\Request), Object(Closure))
#55 /Users/akimotokeiju/Desktop/vending_machine/vendor/laravel/framework/src/Illuminate/Http/Middleware/TrustProxies.php(39): Illuminate\\Pipeline\\Pipeline->Illuminate\\Pipeline\\{closure}(Object(Illuminate\\Http\\Request))
#56 /Users/akimotokeiju/Desktop/vending_machine/vendor/laravel/framework/src/Illuminate/Pipeline/Pipeline.php(180): Illuminate\\Http\\Middleware\\TrustProxies->handle(Object(Illuminate\\Http\\Request), Object(Closure))
#57 /Users/akimotokeiju/Desktop/vending_machine/vendor/laravel/framework/src/Illuminate/Pipeline/Pipeline.php(116): Illuminate\\Pipeline\\Pipeline->Illuminate\\Pipeline\\{closure}(Object(Illuminate\\Http\\Request))
#58 /Users/akimotokeiju/Desktop/vending_machine/vendor/laravel/framework/src/Illuminate/Foundation/Http/Kernel.php(165): Illuminate\\Pipeline\\Pipeline->then(Object(Closure))
#59 /Users/akimotokeiju/Desktop/vending_machine/vendor/laravel/framework/src/Illuminate/Foundation/Http/Kernel.php(134): Illuminate\\Foundation\\Http\\Kernel->sendRequestThroughRouter(Object(Illuminate\\Http\\Request))
#60 /Users/akimotokeiju/Desktop/vending_machine/public/index.php(51): Illuminate\\Foundation\\Http\\Kernel->handle(Object(Illuminate\\Http\\Request))
#61 {main}
"} 
[2026-08-16 14:22:09] local.ERROR: SQLSTATE[42S02]: Base table or view not found: 1146 Table 'vending_machine.products' doesn't exist (SQL: select * from `products`) {"exception":"[object] (Illuminate\\Database\\QueryException(code: 42S02): SQLSTATE[42S02]: Base table or view not found: 1146 Table 'vending_machine.products' doesn't exist (SQL: select * from `products`) at /Users/akimotokeiju/Desktop/vending_machine/vendor/laravel/framework/src/Illuminate/Database/Connection.php:760)
[stacktrace]
#0 /Users/akimotokeiju/Desktop/vending_machine/vendor/laravel/framework/src/Illuminate/Database/Connection.php(720): Illuminate\\Database\\Connection->runQueryCallback('select * from `...', Array, Object(Closure))
#1 /Users/akimotokeiju/Desktop/vending_machine/vendor/laravel/framework/src/Illuminate/Database/Connection.php(405): Illuminate\\Database\\Connection->run('select * from `...', Array, Object(Closure))
#2 /Users/akimotokeiju/Desktop/vending_machine/vendor/laravel/framework/src/Illuminate/Database/Query/Builder.php(2705): Illuminate\\Database\\Connection->select('select * from `...', Array, true)
#3 /Users/akimotokeiju/Desktop/vending_machine/vendor/laravel/framework/src/Illuminate/Database/Query/Builder.php(2694): Illuminate\\Database\\Query\\Builder->runSelect()
#4 /Users/akimotokeiju/Desktop/vending_machine/vendor/laravel/framework/src/Illuminate/Database/Query/Builder.php(3230): Illuminate\\Database\\Query\\Builder->Illuminate\\Database\\Query\\{closure}()
#5 /Users/akimotokeiju/Desktop/vending_machine/vendor/laravel/framework/src/Illuminate/Database/Query/Builder.php(2693): Illuminate\\Database\\Query\\Builder->onceWithColumns(Array, Object(Closure))
#6 /Users/akimotokeiju/Desktop/vending_machine/vendor/laravel/framework/src/Illuminate/Database/Eloquent/Builder.php(710): Illuminate\\Database\\Query\\Builder->get(Array)
#7 /Users/akimotokeiju/Desktop/vending_machine/vendor/laravel/framework/src/Illuminate/Database/Eloquent/Builder.php(694): Illuminate\\Database\\Eloquent\\Builder->getModels(Array)
#8 /Users/akimotokeiju/Desktop/vending_machine/app/Models/Product.php(44): Illuminate\\Database\\Eloquent\\Builder->get()
#9 /Users/akimotokeiju/Desktop/vending_machine/app/Http/Controllers/ProductController.php(24): App\\Models\\Product->getListWithSearch(NULL, NULL)
#10 /Users/akimotokeiju/Desktop/vending_machine/vendor/laravel/framework/src/Illuminate/Routing/Controller.php(54): App\\Http\\Controllers\\ProductController->index(Object(Illuminate\\Http\\Request))
#11 /Users/akimotokeiju/Desktop/vending_machine/vendor/laravel/framework/src/Illuminate/Routing/ControllerDispatcher.php(43): Illuminate\\Routing\\Controller->callAction('index', Array)
#12 /Users/akimotokeiju/Desktop/vending_machine/vendor/laravel/framework/src/Illuminate/Routing/Route.php(259): Illuminate\\Routing\\ControllerDispatcher->dispatch(Object(Illuminate\\Routing\\Route), Object(App\\Http\\Controllers\\ProductController), 'index')
#13 /Users/akimotokeiju/Desktop/vending_machine/vendor/laravel/framework/src/Illuminate/Routing/Route.php(205): Illuminate\\Routing\\Route->runController()
#14 /Users/akimotokeiju/Desktop/vending_machine/vendor/laravel/framework/src/Illuminate/Routing/Router.php(798): Illuminate\\Routing\\Route->run()
#15 /Users/akimotokeiju/Desktop/vending_machine/vendor/laravel/framework/src/Illuminate/Pipeline/Pipeline.php(141): Illuminate\\Routing\\Router->Illuminate\\Routing\\{closure}(Object(Illuminate\\Http\\Request))
#16 /Users/akimotokeiju/Desktop/vending_machine/vendor/laravel/framework/src/Illuminate/Routing/Middleware/SubstituteBindings.php(50): Illuminate\\Pipeline\\Pipeline->Illuminate\\Pipeline\\{closure}(Object(Illuminate\\Http\\Request))
#17 /Users/akimotokeiju/Desktop/vending_machine/vendor/laravel/framework/src/Illuminate/Pipeline/Pipeline.php(180): Illuminate\\Routing\\Middleware\\SubstituteBindings->handle(Object(Illuminate\\Http\\Request), Object(Closure))
#18 /Users/akimotokeiju/Desktop/vending_machine/vendor/laravel/framework/src/Illuminate/Foundation/Http/Middleware/VerifyCsrfToken.php(78): Illuminate\\Pipeline\\Pipeline->Illuminate\\Pipeline\\{closure}(Object(Illuminate\\Http\\Request))
#19 /Users/akimotokeiju/Desktop/vending_machine/vendor/laravel/framework/src/Illuminate/Pipeline/Pipeline.php(180): Illuminate\\Foundation\\Http\\Middleware\\VerifyCsrfToken->handle(Object(Illuminate\\Http\\Request), Object(Closure))
#20 /Users/akimotokeiju/Desktop/vending_machine/vendor/laravel/framework/src/Illuminate/View/Middleware/ShareErrorsFromSession.php(49): Illuminate\\Pipeline\\Pipeline->Illuminate\\Pipeline\\{closure}(Object(Illuminate\\Http\\Request))
#21 /Users/akimotokeiju/Desktop/vending_machine/vendor/laravel/framework/src/Illuminate/Pipeline/Pipeline.php(180): Illuminate\\View\\Middleware\\ShareErrorsFromSession->handle(Object(Illuminate\\Http\\Request), Object(Closure))
#22 /Users/akimotokeiju/Desktop/vending_machine/vendor/laravel/framework/src/Illuminate/Session/Middleware/StartSession.php(121): Illuminate\\Pipeline\\Pipeline->Illuminate\\Pipeline\\{closure}(Object(Illuminate\\Http\\Request))
#23 /Users/akimotokeiju/Desktop/vending_machine/vendor/laravel/framework/src/Illuminate/Session/Middleware/StartSession.php(64): Illuminate\\Session\\Middleware\\StartSession->handleStatefulRequest(Object(Illuminate\\Http\\Request), Object(Illuminate\\Session\\Store), Object(Closure))
#24 /Users/akimotokeiju/Desktop/vending_machine/vendor/laravel/framework/src/Illuminate/Pipeline/Pipeline.php(180): Illuminate\\Session\\Middleware\\StartSession->handle(Object(Illuminate\\Http\\Request), Object(Closure))
#25 /Users/akimotokeiju/Desktop/vending_machine/vendor/laravel/framework/src/Illuminate/Cookie/Middleware/AddQueuedCookiesToResponse.php(37): Illuminate\\Pipeline\\Pipeline->Illuminate\\Pipeline\\{closure}(Object(Illuminate\\Http\\Request))
#26 /Users/akimotokeiju/Desktop/vending_machine/vendor/laravel/framework/src/Illuminate/Pipeline/Pipeline.php(180): Illuminate\\Cookie\\Middleware\\AddQueuedCookiesToResponse->handle(Object(Illuminate\\Http\\Request), Object(Closure))
#27 /Users/akimotokeiju/Desktop/vending_machine/vendor/laravel/framework/src/Illuminate/Cookie/Middleware/EncryptCookies.php(67): Illuminate\\Pipeline\\Pipeline->Illuminate\\Pipeline\\{closure}(Object(Illuminate\\Http\\Request))
#28 /Users/akimotokeiju/Desktop/vending_machine/vendor/laravel/framework/src/Illuminate/Pipeline/Pipeline.php(180): Illuminate\\Cookie\\Middleware\\EncryptCookies->handle(Object(Illuminate\\Http\\Request), Object(Closure))
#29 /Users/akimotokeiju/Desktop/vending_machine/vendor/laravel/framework/src/Illuminate/Pipeline/Pipeline.php(116): Illuminate\\Pipeline\\Pipeline->Illuminate\\Pipeline\\{closure}(Object(Illuminate\\Http\\Request))
#30 /Users/akimotokeiju/Desktop/vending_machine/vendor/laravel/framework/src/Illuminate/Routing/Router.php(797): Illuminate\\Pipeline\\Pipeline->then(Object(Closure))
#31 /Users/akimotokeiju/Desktop/vending_machine/vendor/laravel/framework/src/Illuminate/Routing/Router.php(776): Illuminate\\Routing\\Router->runRouteWithinStack(Object(Illuminate\\Routing\\Route), Object(Illuminate\\Http\\Request))
#32 /Users/akimotokeiju/Desktop/vending_machine/vendor/laravel/framework/src/Illuminate/Routing/Router.php(740): Illuminate\\Routing\\Router->runRoute(Object(Illuminate\\Http\\Request), Object(Illuminate\\Routing\\Route))
#33 /Users/akimotokeiju/Desktop/vending_machine/vendor/laravel/framework/src/Illuminate/Routing/Router.php(729): Illuminate\\Routing\\Router->dispatchToRoute(Object(Illuminate\\Http\\Request))
#34 /Users/akimotokeiju/Desktop/vending_machine/vendor/laravel/framework/src/Illuminate/Foundation/Http/Kernel.php(190): Illuminate\\Routing\\Router->dispatch(Object(Illuminate\\Http\\Request))
#35 /Users/akimotokeiju/Desktop/vending_machine/vendor/laravel/framework/src/Illuminate/Pipeline/Pipeline.php(141): Illuminate\\Foundation\\Http\\Kernel->Illuminate\\Foundation\\Http\\{closure}(Object(Illuminate\\Http\\Request))
#36 /Users/akimotokeiju/Desktop/vending_machine/vendor/laravel/framework/src/Illuminate/Foundation/Http/Middleware/TransformsRequest.php(21): Illuminate\\Pipeline\\Pipeline->Illuminate\\Pipeline\\{closure}(Object(Illuminate\\Http\\Request))
#37 /Users/akimotokeiju/Desktop/vending_machine/vendor/laravel/framework/src/Illuminate/Foundation/Http/Middleware/ConvertEmptyStringsToNull.php(31): Illuminate\\Foundation\\Http\\Middleware\\TransformsRequest->handle(Object(Illuminate\\Http\\Request), Object(Closure))
#38 /Users/akimotokeiju/Desktop/vending_machine/vendor/laravel/framework/src/Illuminate/Pipeline/Pipeline.php(180): Illuminate\\Foundation\\Http\\Middleware\\ConvertEmptyStringsToNull->handle(Object(Illuminate\\Http\\Request), Object(Closure))
#39 /Users/akimotokeiju/Desktop/vending_machine/vendor/laravel/framework/src/Illuminate/Foundation/Http/Middleware/TransformsRequest.php(21): Illuminate\\Pipeline\\Pipeline->Illuminate\\Pipeline\\{closure}(Object(Illuminate\\Http\\Request))
#40 /Users/akimotokeiju/Desktop/vending_machine/vendor/laravel/framework/src/Illuminate/Foundation/Http/Middleware/TrimStrings.php(40): Illuminate\\Foundation\\Http\\Middleware\\TransformsRequest->handle(Object(Illuminate\\Http\\Request), Object(Closure))
#41 /Users/akimotokeiju/Desktop/vending_machine/vendor/laravel/framework/src/Illuminate/Pipeline/Pipeline.php(180): Illuminate\\Foundation\\Http\\Middleware\\TrimStrings->handle(Object(Illuminate\\Http\\Request), Object(Closure))
#42 /Users/akimotokeiju/Desktop/vending_machine/vendor/laravel/framework/src/Illuminate/Foundation/Http/Middleware/ValidatePostSize.php(27): Illuminate\\Pipeline\\Pipeline->Illuminate\\Pipeline\\{closure}(Object(Illuminate\\Http\\Request))
#43 /Users/akimotokeiju/Desktop/vending_machine/vendor/laravel/framework/src/Illuminate/Pipeline/Pipeline.php(180): Illuminate\\Foundation\\Http\\Middleware\\ValidatePostSize->handle(Object(Illuminate\\Http\\Request), Object(Closure))
#44 /Users/akimotokeiju/Desktop/vending_machine/vendor/laravel/framework/src/Illuminate/Foundation/Http/Middleware/PreventRequestsDuringMaintenance.php(86): Illuminate\\Pipeline\\Pipeline->Illuminate\\Pipeline\\{closure}(Object(Illuminate\\Http\\Request))
#45 /Users/akimotokeiju/Desktop/vending_machine/vendor/laravel/framework/src/Illuminate/Pipeline/Pipeline.php(180): Illuminate\\Foundation\\Http\\Middleware\\PreventRequestsDuringMaintenance->handle(Object(Illuminate\\Http\\Request), Object(Closure))
#46 /Users/akimotokeiju/Desktop/vending_machine/vendor/laravel/framework/src/Illuminate/Http/Middleware/HandleCors.php(49): Illuminate\\Pipeline\\Pipeline->Illuminate\\Pipeline\\{closure}(Object(Illuminate\\Http\\Request))
#47 /Users/akimotokeiju/Desktop/vending_machine/vendor/laravel/framework/src/Illuminate/Pipeline/Pipeline.php(180): Illuminate\\Http\\Middleware\\HandleCors->handle(Object(Illuminate\\Http\\Request), Object(Closure))
#48 /Users/akimotokeiju/Desktop/vending_machine/vendor/laravel/framework/src/Illuminate/Http/Middleware/TrustProxies.php(39): Illuminate\\Pipeline\\Pipeline->Illuminate\\Pipeline\\{closure}(Object(Illuminate\\Http\\Request))
#49 /Users/akimotokeiju/Desktop/vending_machine/vendor/laravel/framework/src/Illuminate/Pipeline/Pipeline.php(180): Illuminate\\Http\\Middleware\\TrustProxies->handle(Object(Illuminate\\Http\\Request), Object(Closure))
#50 /Users/akimotokeiju/Desktop/vending_machine/vendor/laravel/framework/src/Illuminate/Pipeline/Pipeline.php(116): Illuminate\\Pipeline\\Pipeline->Illuminate\\Pipeline\\{closure}(Object(Illuminate\\Http\\Request))
#51 /Users/akimotokeiju/Desktop/vending_machine/vendor/laravel/framework/src/Illuminate/Foundation/Http/Kernel.php(165): Illuminate\\Pipeline\\Pipeline->then(Object(Closure))
#52 /Users/akimotokeiju/Desktop/vending_machine/vendor/laravel/framework/src/Illuminate/Foundation/Http/Kernel.php(134): Illuminate\\Foundation\\Http\\Kernel->sendRequestThroughRouter(Object(Illuminate\\Http\\Request))
#53 /Users/akimotokeiju/Desktop/vending_machine/public/index.php(51): Illuminate\\Foundation\\Http\\Kernel->handle(Object(Illuminate\\Http\\Request))
#54 {main}

[previous exception] [object] (PDOException(code: 42S02): SQLSTATE[42S02]: Base table or view not found: 1146 Table 'vending_machine.products' doesn't exist at /Users/akimotokeiju/Desktop/vending_machine/vendor/laravel/framework/src/Illuminate/Database/Connection.php:414)
[stacktrace]
#0 /Users/akimotokeiju/Desktop/vending_machine/vendor/laravel/framework/src/Illuminate/Database/Connection.php(414): PDO->prepare('select * from `...')
#1 /Users/akimotokeiju/Desktop/vending_machine/vendor/laravel/framework/src/Illuminate/Database/Connection.php(753): Illuminate\\Database\\Connection->Illuminate\\Database\\{closure}('select * from `...', Array)
#2 /Users/akimotokeiju/Desktop/vending_machine/vendor/laravel/framework/src/Illuminate/Database/Connection.php(720): Illuminate\\Database\\Connection->runQueryCallback('select * from `...', Array, Object(Closure))
#3 /Users/akimotokeiju/Desktop/vending_machine/vendor/laravel/framework/src/Illuminate/Database/Connection.php(405): Illuminate\\Database\\Connection->run('select * from `...', Array, Object(Closure))
#4 /Users/akimotokeiju/Desktop/vending_machine/vendor/laravel/framework/src/Illuminate/Database/Query/Builder.php(2705): Illuminate\\Database\\Connection->select('select * from `...', Array, true)
#5 /Users/akimotokeiju/Desktop/vending_machine/vendor/laravel/framework/src/Illuminate/Database/Query/Builder.php(2694): Illuminate\\Database\\Query\\Builder->runSelect()
#6 /Users/akimotokeiju/Desktop/vending_machine/vendor/laravel/framework/src/Illuminate/Database/Query/Builder.php(3230): Illuminate\\Database\\Query\\Builder->Illuminate\\Database\\Query\\{closure}()
#7 /Users/akimotokeiju/Desktop/vending_machine/vendor/laravel/framework/src/Illuminate/Database/Query/Builder.php(2693): Illuminate\\Database\\Query\\Builder->onceWithColumns(Array, Object(Closure))
#8 /Users/akimotokeiju/Desktop/vending_machine/vendor/laravel/framework/src/Illuminate/Database/Eloquent/Builder.php(710): Illuminate\\Database\\Query\\Builder->get(Array)
#9 /Users/akimotokeiju/Desktop/vending_machine/vendor/laravel/framework/src/Illuminate/Database/Eloquent/Builder.php(694): Illuminate\\Database\\Eloquent\\Builder->getModels(Array)
#10 /Users/akimotokeiju/Desktop/vending_machine/app/Models/Product.php(44): Illuminate\\Database\\Eloquent\\Builder->get()
#11 /Users/akimotokeiju/Desktop/vending_machine/app/Http/Controllers/ProductController.php(24): App\\Models\\Product->getListWithSearch(NULL, NULL)
#12 /Users/akimotokeiju/Desktop/vending_machine/vendor/laravel/framework/src/Illuminate/Routing/Controller.php(54): App\\Http\\Controllers\\ProductController->index(Object(Illuminate\\Http\\Request))
#13 /Users/akimotokeiju/Desktop/vending_machine/vendor/laravel/framework/src/Illuminate/Routing/ControllerDispatcher.php(43): Illuminate\\Routing\\Controller->callAction('index', Array)
#14 /Users/akimotokeiju/Desktop/vending_machine/vendor/laravel/framework/src/Illuminate/Routing/Route.php(259): Illuminate\\Routing\\ControllerDispatcher->dispatch(Object(Illuminate\\Routing\\Route), Object(App\\Http\\Controllers\\ProductController), 'index')
#15 /Users/akimotokeiju/Desktop/vending_machine/vendor/laravel/framework/src/Illuminate/Routing/Route.php(205): Illuminate\\Routing\\Route->runController()
#16 /Users/akimotokeiju/Desktop/vending_machine/vendor/laravel/framework/src/Illuminate/Routing/Router.php(798): Illuminate\\Routing\\Route->run()
#17 /Users/akimotokeiju/Desktop/vending_machine/vendor/laravel/framework/src/Illuminate/Pipeline/Pipeline.php(141): Illuminate\\Routing\\Router->Illuminate\\Routing\\{closure}(Object(Illuminate\\Http\\Request))
#18 /Users/akimotokeiju/Desktop/vending_machine/vendor/laravel/framework/src/Illuminate/Routing/Middleware/SubstituteBindings.php(50): Illuminate\\Pipeline\\Pipeline->Illuminate\\Pipeline\\{closure}(Object(Illuminate\\Http\\Request))
#19 /Users/akimotokeiju/Desktop/vending_machine/vendor/laravel/framework/src/Illuminate/Pipeline/Pipeline.php(180): Illuminate\\Routing\\Middleware\\SubstituteBindings->handle(Object(Illuminate\\Http\\Request), Object(Closure))
#20 /Users/akimotokeiju/Desktop/vending_machine/vendor/laravel/framework/src/Illuminate/Foundation/Http/Middleware/VerifyCsrfToken.php(78): Illuminate\\Pipeline\\Pipeline->Illuminate\\Pipeline\\{closure}(Object(Illuminate\\Http\\Request))
#21 /Users/akimotokeiju/Desktop/vending_machine/vendor/laravel/framework/src/Illuminate/Pipeline/Pipeline.php(180): Illuminate\\Foundation\\Http\\Middleware\\VerifyCsrfToken->handle(Object(Illuminate\\Http\\Request), Object(Closure))
#22 /Users/akimotokeiju/Desktop/vending_machine/vendor/laravel/framework/src/Illuminate/View/Middleware/ShareErrorsFromSession.php(49): Illuminate\\Pipeline\\Pipeline->Illuminate\\Pipeline\\{closure}(Object(Illuminate\\Http\\Request))
#23 /Users/akimotokeiju/Desktop/vending_machine/vendor/laravel/framework/src/Illuminate/Pipeline/Pipeline.php(180): Illuminate\\View\\Middleware\\ShareErrorsFromSession->handle(Object(Illuminate\\Http\\Request), Object(Closure))
#24 /Users/akimotokeiju/Desktop/vending_machine/vendor/laravel/framework/src/Illuminate/Session/Middleware/StartSession.php(121): Illuminate\\Pipeline\\Pipeline->Illuminate\\Pipeline\\{closure}(Object(Illuminate\\Http\\Request))
#25 /Users/akimotokeiju/Desktop/vending_machine/vendor/laravel/framework/src/Illuminate/Session/Middleware/StartSession.php(64): Illuminate\\Session\\Middleware\\StartSession->handleStatefulRequest(Object(Illuminate\\Http\\Request), Object(Illuminate\\Session\\Store), Object(Closure))
#26 /Users/akimotokeiju/Desktop/vending_machine/vendor/laravel/framework/src/Illuminate/Pipeline/Pipeline.php(180): Illuminate\\Session\\Middleware\\StartSession->handle(Object(Illuminate\\Http\\Request), Object(Closure))
#27 /Users/akimotokeiju/Desktop/vending_machine/vendor/laravel/framework/src/Illuminate/Cookie/Middleware/AddQueuedCookiesToResponse.php(37): Illuminate\\Pipeline\\Pipeline->Illuminate\\Pipeline\\{closure}(Object(Illuminate\\Http\\Request))
#28 /Users/akimotokeiju/Desktop/vending_machine/vendor/laravel/framework/src/Illuminate/Pipeline/Pipeline.php(180): Illuminate\\Cookie\\Middleware\\AddQueuedCookiesToResponse->handle(Object(Illuminate\\Http\\Request), Object(Closure))
#29 /Users/akimotokeiju/Desktop/vending_machine/vendor/laravel/framework/src/Illuminate/Cookie/Middleware/EncryptCookies.php(67): Illuminate\\Pipeline\\Pipeline->Illuminate\\Pipeline\\{closure}(Object(Illuminate\\Http\\Request))
#30 /Users/akimotokeiju/Desktop/vending_machine/vendor/laravel/framework/src/Illuminate/Pipeline/Pipeline.php(180): Illuminate\\Cookie\\Middleware\\EncryptCookies->handle(Object(Illuminate\\Http\\Request), Object(Closure))
#31 /Users/akimotokeiju/Desktop/vending_machine/vendor/laravel/framework/src/Illuminate/Pipeline/Pipeline.php(116): Illuminate\\Pipeline\\Pipeline->Illuminate\\Pipeline\\{closure}(Object(Illuminate\\Http\\Request))
#32 /Users/akimotokeiju/Desktop/vending_machine/vendor/laravel/framework/src/Illuminate/Routing/Router.php(797): Illuminate\\Pipeline\\Pipeline->then(Object(Closure))
#33 /Users/akimotokeiju/Desktop/vending_machine/vendor/laravel/framework/src/Illuminate/Routing/Router.php(776): Illuminate\\Routing\\Router->runRouteWithinStack(Object(Illuminate\\Routing\\Route), Object(Illuminate\\Http\\Request))
#34 /Users/akimotokeiju/Desktop/vending_machine/vendor/laravel/framework/src/Illuminate/Routing/Router.php(740): Illuminate\\Routing\\Router->runRoute(Object(Illuminate\\Http\\Request), Object(Illuminate\\Routing\\Route))
#35 /Users/akimotokeiju/Desktop/vending_machine/vendor/laravel/framework/src/Illuminate/Routing/Router.php(729): Illuminate\\Routing\\Router->dispatchToRoute(Object(Illuminate\\Http\\Request))
#36 /Users/akimotokeiju/Desktop/vending_machine/vendor/laravel/framework/src/Illuminate/Foundation/Http/Kernel.php(190): Illuminate\\Routing\\Router->dispatch(Object(Illuminate\\Http\\Request))
#37 /Users/akimotokeiju/Desktop/vending_machine/vendor/laravel/framework/src/Illuminate/Pipeline/Pipeline.php(141): Illuminate\\Foundation\\Http\\Kernel->Illuminate\\Foundation\\Http\\{closure}(Object(Illuminate\\Http\\Request))
#38 /Users/akimotokeiju/Desktop/vending_machine/vendor/laravel/framework/src/Illuminate/Foundation/Http/Middleware/TransformsRequest.php(21): Illuminate\\Pipeline\\Pipeline->Illuminate\\Pipeline\\{closure}(Object(Illuminate\\Http\\Request))
#39 /Users/akimotokeiju/Desktop/vending_machine/vendor/laravel/framework/src/Illuminate/Foundation/Http/Middleware/ConvertEmptyStringsToNull.php(31): Illuminate\\Foundation\\Http\\Middleware\\TransformsRequest->handle(Object(Illuminate\\Http\\Request), Object(Closure))
#40 /Users/akimotokeiju/Desktop/vending_machine/vendor/laravel/framework/src/Illuminate/Pipeline/Pipeline.php(180): Illuminate\\Foundation\\Http\\Middleware\\ConvertEmptyStringsToNull->handle(Object(Illuminate\\Http\\Request), Object(Closure))
#41 /Users/akimotokeiju/Desktop/vending_machine/vendor/laravel/framework/src/Illuminate/Foundation/Http/Middleware/TransformsRequest.php(21): Illuminate\\Pipeline\\Pipeline->Illuminate\\Pipeline\\{closure}(Object(Illuminate\\Http\\Request))
#42 /Users/akimotokeiju/Desktop/vending_machine/vendor/laravel/framework/src/Illuminate/Foundation/Http/Middleware/TrimStrings.php(40): Illuminate\\Foundation\\Http\\Middleware\\TransformsRequest->handle(Object(Illuminate\\Http\\Request), Object(Closure))
#43 /Users/akimotokeiju/Desktop/vending_machine/vendor/laravel/framework/src/Illuminate/Pipeline/Pipeline.php(180): Illuminate\\Foundation\\Http\\Middleware\\TrimStrings->handle(Object(Illuminate\\Http\\Request), Object(Closure))
#44 /Users/akimotokeiju/Desktop/vending_machine/vendor/laravel/framework/src/Illuminate/Foundation/Http/Middleware/ValidatePostSize.php(27): Illuminate\\Pipeline\\Pipeline->Illuminate\\Pipeline\\{closure}(Object(Illuminate\\Http\\Request))
#45 /Users/akimotokeiju/Desktop/vending_machine/vendor/laravel/framework/src/Illuminate/Pipeline/Pipeline.php(180): Illuminate\\Foundation\\Http\\Middleware\\ValidatePostSize->handle(Object(Illuminate\\Http\\Request), Object(Closure))
#46 /Users/akimotokeiju/Desktop/vending_machine/vendor/laravel/framework/src/Illuminate/Foundation/Http/Middleware/PreventRequestsDuringMaintenance.php(86): Illuminate\\Pipeline\\Pipeline->Illuminate\\Pipeline\\{closure}(Object(Illuminate\\Http\\Request))
#47 /Users/akimotokeiju/Desktop/vending_machine/vendor/laravel/framework/src/Illuminate/Pipeline/Pipeline.php(180): Illuminate\\Foundation\\Http\\Middleware\\PreventRequestsDuringMaintenance->handle(Object(Illuminate\\Http\\Request), Object(Closure))
#48 /Users/akimotokeiju/Desktop/vending_machine/vendor/laravel/framework/src/Illuminate/Http/Middleware/HandleCors.php(49): Illuminate\\Pipeline\\Pipeline->Illuminate\\Pipeline\\{closure}(Object(Illuminate\\Http\\Request))
#49 /Users/akimotokeiju/Desktop/vending_machine/vendor/laravel/framework/src/Illuminate/Pipeline/Pipeline.php(180): Illuminate\\Http\\Middleware\\HandleCors->handle(Object(Illuminate\\Http\\Request), Object(Closure))
#50 /Users/akimotokeiju/Desktop/vending_machine/vendor/laravel/framework/src/Illuminate/Http/Middleware/TrustProxies.php(39): Illuminate\\Pipeline\\Pipeline->Illuminate\\Pipeline\\{closure}(Object(Illuminate\\Http\\Request))
#51 /Users/akimotokeiju/Desktop/vending_machine/vendor/laravel/framework/src/Illuminate/Pipeline/Pipeline.php(180): Illuminate\\Http\\Middleware\\TrustProxies->handle(Object(Illuminate\\Http\\Request), Object(Closure))
#52 /Users/akimotokeiju/Desktop/vending_machine/vendor/laravel/framework/src/Illuminate/Pipeline/Pipeline.php(116): Illuminate\\Pipeline\\Pipeline->Illuminate\\Pipeline\\{closure}(Object(Illuminate\\Http\\Request))
#53 /Users/akimotokeiju/Desktop/vending_machine/vendor/laravel/framework/src/Illuminate/Foundation/Http/Kernel.php(165): Illuminate\\Pipeline\\Pipeline->then(Object(Closure))
#54 /Users/akimotokeiju/Desktop/vending_machine/vendor/laravel/framework/src/Illuminate/Foundation/Http/Kernel.php(134): Illuminate\\Foundation\\Http\\Kernel->sendRequestThroughRouter(Object(Illuminate\\Http\\Request))
#55 /Users/akimotokeiju/Desktop/vending_machine/public/index.php(51): Illuminate\\Foundation\\Http\\Kernel->handle(Object(Illuminate\\Http\\Request))
#56 {main}
"} 
[2026-08-16 14:24:27] local.ERROR: SQLSTATE[42S02]: Base table or view not found: 1146 Table 'vending_machine.companies' doesn't exist (SQL: insert into `companies` (`company_name`, `created_at`, `representative_name`, `street_address`, `updated_at`) values (コカ・コーラ, 2026-08-16 14:24:27, ジェームズ・クインシー, 東京都港区赤坂, 2026-08-16 14:24:27), (サントリー, 2026-08-16 14:24:27, 鳥井信宏, 大阪府大阪市北区, 2026-08-16 14:24:27), (キリン, 2026-08-16 14:24:27, 磯崎功典, 東京都中野区, 2026-08-16 14:24:27)) {"exception":"[object] (Illuminate\\Database\\QueryException(code: 42S02): SQLSTATE[42S02]: Base table or view not found: 1146 Table 'vending_machine.companies' doesn't exist (SQL: insert into `companies` (`company_name`, `created_at`, `representative_name`, `street_address`, `updated_at`) values (コカ・コーラ, 2026-08-16 14:24:27, ジェームズ・クインシー, 東京都港区赤坂, 2026-08-16 14:24:27), (サントリー, 2026-08-16 14:24:27, 鳥井信宏, 大阪府大阪市北区, 2026-08-16 14:24:27), (キリン, 2026-08-16 14:24:27, 磯崎功典, 東京都中野区, 2026-08-16 14:24:27)) at /Users/akimotokeiju/Desktop/vending_machine/vendor/laravel/framework/src/Illuminate/Database/Connection.php:760)
[stacktrace]
#0 /Users/akimotokeiju/Desktop/vending_machine/vendor/laravel/framework/src/Illuminate/Database/Connection.php(720): Illuminate\\Database\\Connection->runQueryCallback('insert into `co...', Array, Object(Closure))
#1 /Users/akimotokeiju/Desktop/vending_machine/vendor/laravel/framework/src/Illuminate/Database/Connection.php(534): Illuminate\\Database\\Connection->run('insert into `co...', Array, Object(Closure))
#2 /Users/akimotokeiju/Desktop/vending_machine/vendor/laravel/framework/src/Illuminate/Database/Connection.php(498): Illuminate\\Database\\Connection->statement('insert into `co...', Array)
#3 /Users/akimotokeiju/Desktop/vending_machine/vendor/laravel/framework/src/Illuminate/Database/Query/Builder.php(3272): Illuminate\\Database\\Connection->insert('insert into `co...', Array)
#4 /Users/akimotokeiju/Desktop/vending_machine/database/seeders/CompaniesTableSeeder.php(12): Illuminate\\Database\\Query\\Builder->insert(Array)
#5 /Users/akimotokeiju/Desktop/vending_machine/vendor/laravel/framework/src/Illuminate/Container/BoundMethod.php(36): Database\\Seeders\\CompaniesTableSeeder->run()
#6 /Users/akimotokeiju/Desktop/vending_machine/vendor/laravel/framework/src/Illuminate/Container/Util.php(41): Illuminate\\Container\\BoundMethod::Illuminate\\Container\\{closure}()
#7 /Users/akimotokeiju/Desktop/vending_machine/vendor/laravel/framework/src/Illuminate/Container/BoundMethod.php(93): Illuminate\\Container\\Util::unwrapIfClosure(Object(Closure))
#8 /Users/akimotokeiju/Desktop/vending_machine/vendor/laravel/framework/src/Illuminate/Container/BoundMethod.php(35): Illuminate\\Container\\BoundMethod::callBoundMethod(Object(Illuminate\\Foundation\\Application), Array, Object(Closure))
#9 /Users/akimotokeiju/Desktop/vending_machine/vendor/laravel/framework/src/Illuminate/Container/Container.php(661): Illuminate\\Container\\BoundMethod::call(Object(Illuminate\\Foundation\\Application), Array, Array, NULL)
#10 /Users/akimotokeiju/Desktop/vending_machine/vendor/laravel/framework/src/Illuminate/Database/Seeder.php(184): Illuminate\\Container\\Container->call(Array, Array)
#11 /Users/akimotokeiju/Desktop/vending_machine/vendor/laravel/framework/src/Illuminate/Database/Seeder.php(193): Illuminate\\Database\\Seeder->Illuminate\\Database\\{closure}()
#12 /Users/akimotokeiju/Desktop/vending_machine/vendor/laravel/framework/src/Illuminate/Database/Seeder.php(61): Illuminate\\Database\\Seeder->__invoke(Array)
#13 /Users/akimotokeiju/Desktop/vending_machine/database/seeders/DatabaseSeeder.php(17): Illuminate\\Database\\Seeder->call('Database\\\\Seeder...')
#14 /Users/akimotokeiju/Desktop/vending_machine/vendor/laravel/framework/src/Illuminate/Container/BoundMethod.php(36): Database\\Seeders\\DatabaseSeeder->run()
#15 /Users/akimotokeiju/Desktop/vending_machine/vendor/laravel/framework/src/Illuminate/Container/Util.php(41): Illuminate\\Container\\BoundMethod::Illuminate\\Container\\{closure}()
#16 /Users/akimotokeiju/Desktop/vending_machine/vendor/laravel/framework/src/Illuminate/Container/BoundMethod.php(93): Illuminate\\Container\\Util::unwrapIfClosure(Object(Closure))
#17 /Users/akimotokeiju/Desktop/vending_machine/vendor/laravel/framework/src/Illuminate/Container/BoundMethod.php(35): Illuminate\\Container\\BoundMethod::callBoundMethod(Object(Illuminate\\Foundation\\Application), Array, Object(Closure))
#18 /Users/akimotokeiju/Desktop/vending_machine/vendor/laravel/framework/src/Illuminate/Container/Container.php(661): Illuminate\\Container\\BoundMethod::call(Object(Illuminate\\Foundation\\Application), Array, Array, NULL)
#19 /Users/akimotokeiju/Desktop/vending_machine/vendor/laravel/framework/src/Illuminate/Database/Seeder.php(184): Illuminate\\Container\\Container->call(Array, Array)
#20 /Users/akimotokeiju/Desktop/vending_machine/vendor/laravel/framework/src/Illuminate/Database/Seeder.php(193): Illuminate\\Database\\Seeder->Illuminate\\Database\\{closure}()
#21 /Users/akimotokeiju/Desktop/vending_machine/vendor/laravel/framework/src/Illuminate/Database/Console/Seeds/SeedCommand.php(81): Illuminate\\Database\\Seeder->__invoke()
#22 /Users/akimotokeiju/Desktop/vending_machine/vendor/laravel/framework/src/Illuminate/Database/Eloquent/Concerns/GuardsAttributes.php(155): Illuminate\\Database\\Console\\Seeds\\SeedCommand->Illuminate\\Database\\Console\\Seeds\\{closure}()
#23 /Users/akimotokeiju/Desktop/vending_machine/vendor/laravel/framework/src/Illuminate/Database/Console/Seeds/SeedCommand.php(80): Illuminate\\Database\\Eloquent\\Model::unguarded(Object(Closure))
#24 /Users/akimotokeiju/Desktop/vending_machine/vendor/laravel/framework/src/Illuminate/Container/BoundMethod.php(36): Illuminate\\Database\\Console\\Seeds\\SeedCommand->handle()
#25 /Users/akimotokeiju/Desktop/vending_machine/vendor/laravel/framework/src/Illuminate/Container/Util.php(41): Illuminate\\Container\\BoundMethod::Illuminate\\Container\\{closure}()
#26 /Users/akimotokeiju/Desktop/vending_machine/vendor/laravel/framework/src/Illuminate/Container/BoundMethod.php(93): Illuminate\\Container\\Util::unwrapIfClosure(Object(Closure))
#27 /Users/akimotokeiju/Desktop/vending_machine/vendor/laravel/framework/src/Illuminate/Container/BoundMethod.php(35): Illuminate\\Container\\BoundMethod::callBoundMethod(Object(Illuminate\\Foundation\\Application), Array, Object(Closure))
#28 /Users/akimotokeiju/Desktop/vending_machine/vendor/laravel/framework/src/Illuminate/Container/Container.php(661): Illuminate\\Container\\BoundMethod::call(Object(Illuminate\\Foundation\\Application), Array, Array, NULL)
#29 /Users/akimotokeiju/Desktop/vending_machine/vendor/laravel/framework/src/Illuminate/Console/Command.php(183): Illuminate\\Container\\Container->call(Array)
#30 /Users/akimotokeiju/Desktop/vending_machine/vendor/symfony/console/Command/Command.php(326): Illuminate\\Console\\Command->execute(Object(Symfony\\Component\\Console\\Input\\ArgvInput), Object(Illuminate\\Console\\OutputStyle))
#31 /Users/akimotokeiju/Desktop/vending_machine/vendor/laravel/framework/src/Illuminate/Console/Command.php(152): Symfony\\Component\\Console\\Command\\Command->run(Object(Symfony\\Component\\Console\\Input\\ArgvInput), Object(Illuminate\\Console\\OutputStyle))
#32 /Users/akimotokeiju/Desktop/vending_machine/vendor/symfony/console/Application.php(1098): Illuminate\\Console\\Command->run(Object(Symfony\\Component\\Console\\Input\\ArgvInput), Object(Symfony\\Component\\Console\\Output\\ConsoleOutput))
#33 /Users/akimotokeiju/Desktop/vending_machine/vendor/symfony/console/Application.php(324): Symfony\\Component\\Console\\Application->doRunCommand(Object(Illuminate\\Database\\Console\\Seeds\\SeedCommand), Object(Symfony\\Component\\Console\\Input\\ArgvInput), Object(Symfony\\Component\\Console\\Output\\ConsoleOutput))
#34 /Users/akimotokeiju/Desktop/vending_machine/vendor/symfony/console/Application.php(175): Symfony\\Component\\Console\\Application->doRun(Object(Symfony\\Component\\Console\\Input\\ArgvInput), Object(Symfony\\Component\\Console\\Output\\ConsoleOutput))
#35 /Users/akimotokeiju/Desktop/vending_machine/vendor/laravel/framework/src/Illuminate/Console/Application.php(102): Symfony\\Component\\Console\\Application->run(Object(Symfony\\Component\\Console\\Input\\ArgvInput), Object(Symfony\\Component\\Console\\Output\\ConsoleOutput))
#36 /Users/akimotokeiju/Desktop/vending_machine/vendor/laravel/framework/src/Illuminate/Foundation/Console/Kernel.php(155): Illuminate\\Console\\Application->run(Object(Symfony\\Component\\Console\\Input\\ArgvInput), Object(Symfony\\Component\\Console\\Output\\ConsoleOutput))
#37 /Users/akimotokeiju/Desktop/vending_machine/artisan(35): Illuminate\\Foundation\\Console\\Kernel->handle(Object(Symfony\\Component\\Console\\Input\\ArgvInput), Object(Symfony\\Component\\Console\\Output\\ConsoleOutput))
#38 {main}

[previous exception] [object] (PDOException(code: 42S02): SQLSTATE[42S02]: Base table or view not found: 1146 Table 'vending_machine.companies' doesn't exist at /Users/akimotokeiju/Desktop/vending_machine/vendor/laravel/framework/src/Illuminate/Database/Connection.php:539)
[stacktrace]
#0 /Users/akimotokeiju/Desktop/vending_machine/vendor/laravel/framework/src/Illuminate/Database/Connection.php(539): PDO->prepare('insert into `co...')
#1 /Users/akimotokeiju/Desktop/vending_machine/vendor/laravel/framework/src/Illuminate/Database/Connection.php(753): Illuminate\\Database\\Connection->Illuminate\\Database\\{closure}('insert into `co...', Array)
#2 /Users/akimotokeiju/Desktop/vending_machine/vendor/laravel/framework/src/Illuminate/Database/Connection.php(720): Illuminate\\Database\\Connection->runQueryCallback('insert into `co...', Array, Object(Closure))
#3 /Users/akimotokeiju/Desktop/vending_machine/vendor/laravel/framework/src/Illuminate/Database/Connection.php(534): Illuminate\\Database\\Connection->run('insert into `co...', Array, Object(Closure))
#4 /Users/akimotokeiju/Desktop/vending_machine/vendor/laravel/framework/src/Illuminate/Database/Connection.php(498): Illuminate\\Database\\Connection->statement('insert into `co...', Array)
#5 /Users/akimotokeiju/Desktop/vending_machine/vendor/laravel/framework/src/Illuminate/Database/Query/Builder.php(3272): Illuminate\\Database\\Connection->insert('insert into `co...', Array)
#6 /Users/akimotokeiju/Desktop/vending_machine/database/seeders/CompaniesTableSeeder.php(12): Illuminate\\Database\\Query\\Builder->insert(Array)
#7 /Users/akimotokeiju/Desktop/vending_machine/vendor/laravel/framework/src/Illuminate/Container/BoundMethod.php(36): Database\\Seeders\\CompaniesTableSeeder->run()
#8 /Users/akimotokeiju/Desktop/vending_machine/vendor/laravel/framework/src/Illuminate/Container/Util.php(41): Illuminate\\Container\\BoundMethod::Illuminate\\Container\\{closure}()
#9 /Users/akimotokeiju/Desktop/vending_machine/vendor/laravel/framework/src/Illuminate/Container/BoundMethod.php(93): Illuminate\\Container\\Util::unwrapIfClosure(Object(Closure))
#10 /Users/akimotokeiju/Desktop/vending_machine/vendor/laravel/framework/src/Illuminate/Container/BoundMethod.php(35): Illuminate\\Container\\BoundMethod::callBoundMethod(Object(Illuminate\\Foundation\\Application), Array, Object(Closure))
#11 /Users/akimotokeiju/Desktop/vending_machine/vendor/laravel/framework/src/Illuminate/Container/Container.php(661): Illuminate\\Container\\BoundMethod::call(Object(Illuminate\\Foundation\\Application), Array, Array, NULL)
#12 /Users/akimotokeiju/Desktop/vending_machine/vendor/laravel/framework/src/Illuminate/Database/Seeder.php(184): Illuminate\\Container\\Container->call(Array, Array)
#13 /Users/akimotokeiju/Desktop/vending_machine/vendor/laravel/framework/src/Illuminate/Database/Seeder.php(193): Illuminate\\Database\\Seeder->Illuminate\\Database\\{closure}()
#14 /Users/akimotokeiju/Desktop/vending_machine/vendor/laravel/framework/src/Illuminate/Database/Seeder.php(61): Illuminate\\Database\\Seeder->__invoke(Array)
#15 /Users/akimotokeiju/Desktop/vending_machine/database/seeders/DatabaseSeeder.php(17): Illuminate\\Database\\Seeder->call('Database\\\\Seeder...')
#16 /Users/akimotokeiju/Desktop/vending_machine/vendor/laravel/framework/src/Illuminate/Container/BoundMethod.php(36): Database\\Seeders\\DatabaseSeeder->run()
#17 /Users/akimotokeiju/Desktop/vending_machine/vendor/laravel/framework/src/Illuminate/Container/Util.php(41): Illuminate\\Container\\BoundMethod::Illuminate\\Container\\{closure}()
#18 /Users/akimotokeiju/Desktop/vending_machine/vendor/laravel/framework/src/Illuminate/Container/BoundMethod.php(93): Illuminate\\Container\\Util::unwrapIfClosure(Object(Closure))
#19 /Users/akimotokeiju/Desktop/vending_machine/vendor/laravel/framework/src/Illuminate/Container/BoundMethod.php(35): Illuminate\\Container\\BoundMethod::callBoundMethod(Object(Illuminate\\Foundation\\Application), Array, Object(Closure))
#20 /Users/akimotokeiju/Desktop/vending_machine/vendor/laravel/framework/src/Illuminate/Container/Container.php(661): Illuminate\\Container\\BoundMethod::call(Object(Illuminate\\Foundation\\Application), Array, Array, NULL)
#21 /Users/akimotokeiju/Desktop/vending_machine/vendor/laravel/framework/src/Illuminate/Database/Seeder.php(184): Illuminate\\Container\\Container->call(Array, Array)
#22 /Users/akimotokeiju/Desktop/vending_machine/vendor/laravel/framework/src/Illuminate/Database/Seeder.php(193): Illuminate\\Database\\Seeder->Illuminate\\Database\\{closure}()
#23 /Users/akimotokeiju/Desktop/vending_machine/vendor/laravel/framework/src/Illuminate/Database/Console/Seeds/SeedCommand.php(81): Illuminate\\Database\\Seeder->__invoke()
#24 /Users/akimotokeiju/Desktop/vending_machine/vendor/laravel/framework/src/Illuminate/Database/Eloquent/Concerns/GuardsAttributes.php(155): Illuminate\\Database\\Console\\Seeds\\SeedCommand->Illuminate\\Database\\Console\\Seeds\\{closure}()
#25 /Users/akimotokeiju/Desktop/vending_machine/vendor/laravel/framework/src/Illuminate/Database/Console/Seeds/SeedCommand.php(80): Illuminate\\Database\\Eloquent\\Model::unguarded(Object(Closure))
#26 /Users/akimotokeiju/Desktop/vending_machine/vendor/laravel/framework/src/Illuminate/Container/BoundMethod.php(36): Illuminate\\Database\\Console\\Seeds\\SeedCommand->handle()
#27 /Users/akimotokeiju/Desktop/vending_machine/vendor/laravel/framework/src/Illuminate/Container/Util.php(41): Illuminate\\Container\\BoundMethod::Illuminate\\Container\\{closure}()
#28 /Users/akimotokeiju/Desktop/vending_machine/vendor/laravel/framework/src/Illuminate/Container/BoundMethod.php(93): Illuminate\\Container\\Util::unwrapIfClosure(Object(Closure))
#29 /Users/akimotokeiju/Desktop/vending_machine/vendor/laravel/framework/src/Illuminate/Container/BoundMethod.php(35): Illuminate\\Container\\BoundMethod::callBoundMethod(Object(Illuminate\\Foundation\\Application), Array, Object(Closure))
#30 /Users/akimotokeiju/Desktop/vending_machine/vendor/laravel/framework/src/Illuminate/Container/Container.php(661): Illuminate\\Container\\BoundMethod::call(Object(Illuminate\\Foundation\\Application), Array, Array, NULL)
#31 /Users/akimotokeiju/Desktop/vending_machine/vendor/laravel/framework/src/Illuminate/Console/Command.php(183): Illuminate\\Container\\Container->call(Array)
#32 /Users/akimotokeiju/Desktop/vending_machine/vendor/symfony/console/Command/Command.php(326): Illuminate\\Console\\Command->execute(Object(Symfony\\Component\\Console\\Input\\ArgvInput), Object(Illuminate\\Console\\OutputStyle))
#33 /Users/akimotokeiju/Desktop/vending_machine/vendor/laravel/framework/src/Illuminate/Console/Command.php(152): Symfony\\Component\\Console\\Command\\Command->run(Object(Symfony\\Component\\Console\\Input\\ArgvInput), Object(Illuminate\\Console\\OutputStyle))
#34 /Users/akimotokeiju/Desktop/vending_machine/vendor/symfony/console/Application.php(1098): Illuminate\\Console\\Command->run(Object(Symfony\\Component\\Console\\Input\\ArgvInput), Object(Symfony\\Component\\Console\\Output\\ConsoleOutput))
#35 /Users/akimotokeiju/Desktop/vending_machine/vendor/symfony/console/Application.php(324): Symfony\\Component\\Console\\Application->doRunCommand(Object(Illuminate\\Database\\Console\\Seeds\\SeedCommand), Object(Symfony\\Component\\Console\\Input\\ArgvInput), Object(Symfony\\Component\\Console\\Output\\ConsoleOutput))
#36 /Users/akimotokeiju/Desktop/vending_machine/vendor/symfony/console/Application.php(175): Symfony\\Component\\Console\\Application->doRun(Object(Symfony\\Component\\Console\\Input\\ArgvInput), Object(Symfony\\Component\\Console\\Output\\ConsoleOutput))
#37 /Users/akimotokeiju/Desktop/vending_machine/vendor/laravel/framework/src/Illuminate/Console/Application.php(102): Symfony\\Component\\Console\\Application->run(Object(Symfony\\Component\\Console\\Input\\ArgvInput), Object(Symfony\\Component\\Console\\Output\\ConsoleOutput))
#38 /Users/akimotokeiju/Desktop/vending_machine/vendor/laravel/framework/src/Illuminate/Foundation/Console/Kernel.php(155): Illuminate\\Console\\Application->run(Object(Symfony\\Component\\Console\\Input\\ArgvInput), Object(Symfony\\Component\\Console\\Output\\ConsoleOutput))
#39 /Users/akimotokeiju/Desktop/vending_machine/artisan(35): Illuminate\\Foundation\\Console\\Kernel->handle(Object(Symfony\\Component\\Console\\Input\\ArgvInput), Object(Symfony\\Component\\Console\\Output\\ConsoleOutput))
#40 {main}
"} 
[2026-08-16 14:25:40] local.ERROR: SQLSTATE[42S02]: Base table or view not found: 1146 Table 'vending_machine.companies' doesn't exist (SQL: insert into `companies` (`company_name`, `created_at`, `representative_name`, `street_address`, `updated_at`) values (コカ・コーラ, 2026-08-16 14:25:40, ジェームズ・クインシー, 東京都港区赤坂, 2026-08-16 14:25:40), (サントリー, 2026-08-16 14:25:40, 鳥井信宏, 大阪府大阪市北区, 2026-08-16 14:25:40), (キリン, 2026-08-16 14:25:40, 磯崎功典, 東京都中野区, 2026-08-16 14:25:40)) {"exception":"[object] (Illuminate\\Database\\QueryException(code: 42S02): SQLSTATE[42S02]: Base table or view not found: 1146 Table 'vending_machine.companies' doesn't exist (SQL: insert into `companies` (`company_name`, `created_at`, `representative_name`, `street_address`, `updated_at`) values (コカ・コーラ, 2026-08-16 14:25:40, ジェームズ・クインシー, 東京都港区赤坂, 2026-08-16 14:25:40), (サントリー, 2026-08-16 14:25:40, 鳥井信宏, 大阪府大阪市北区, 2026-08-16 14:25:40), (キリン, 2026-08-16 14:25:40, 磯崎功典, 東京都中野区, 2026-08-16 14:25:40)) at /Users/akimotokeiju/Desktop/vending_machine/vendor/laravel/framework/src/Illuminate/Database/Connection.php:760)
[stacktrace]
#0 /Users/akimotokeiju/Desktop/vending_machine/vendor/laravel/framework/src/Illuminate/Database/Connection.php(720): Illuminate\\Database\\Connection->runQueryCallback('insert into `co...', Array, Object(Closure))
#1 /Users/akimotokeiju/Desktop/vending_machine/vendor/laravel/framework/src/Illuminate/Database/Connection.php(534): Illuminate\\Database\\Connection->run('insert into `co...', Array, Object(Closure))
#2 /Users/akimotokeiju/Desktop/vending_machine/vendor/laravel/framework/src/Illuminate/Database/Connection.php(498): Illuminate\\Database\\Connection->statement('insert into `co...', Array)
#3 /Users/akimotokeiju/Desktop/vending_machine/vendor/laravel/framework/src/Illuminate/Database/Query/Builder.php(3272): Illuminate\\Database\\Connection->insert('insert into `co...', Array)
#4 /Users/akimotokeiju/Desktop/vending_machine/database/seeders/CompaniesTableSeeder.php(12): Illuminate\\Database\\Query\\Builder->insert(Array)
#5 /Users/akimotokeiju/Desktop/vending_machine/vendor/laravel/framework/src/Illuminate/Container/BoundMethod.php(36): Database\\Seeders\\CompaniesTableSeeder->run()
#6 /Users/akimotokeiju/Desktop/vending_machine/vendor/laravel/framework/src/Illuminate/Container/Util.php(41): Illuminate\\Container\\BoundMethod::Illuminate\\Container\\{closure}()
#7 /Users/akimotokeiju/Desktop/vending_machine/vendor/laravel/framework/src/Illuminate/Container/BoundMethod.php(93): Illuminate\\Container\\Util::unwrapIfClosure(Object(Closure))
#8 /Users/akimotokeiju/Desktop/vending_machine/vendor/laravel/framework/src/Illuminate/Container/BoundMethod.php(35): Illuminate\\Container\\BoundMethod::callBoundMethod(Object(Illuminate\\Foundation\\Application), Array, Object(Closure))
#9 /Users/akimotokeiju/Desktop/vending_machine/vendor/laravel/framework/src/Illuminate/Container/Container.php(661): Illuminate\\Container\\BoundMethod::call(Object(Illuminate\\Foundation\\Application), Array, Array, NULL)
#10 /Users/akimotokeiju/Desktop/vending_machine/vendor/laravel/framework/src/Illuminate/Database/Seeder.php(184): Illuminate\\Container\\Container->call(Array, Array)
#11 /Users/akimotokeiju/Desktop/vending_machine/vendor/laravel/framework/src/Illuminate/Database/Seeder.php(193): Illuminate\\Database\\Seeder->Illuminate\\Database\\{closure}()
#12 /Users/akimotokeiju/Desktop/vending_machine/vendor/laravel/framework/src/Illuminate/Database/Seeder.php(61): Illuminate\\Database\\Seeder->__invoke(Array)
#13 /Users/akimotokeiju/Desktop/vending_machine/database/seeders/DatabaseSeeder.php(17): Illuminate\\Database\\Seeder->call('Database\\\\Seeder...')
#14 /Users/akimotokeiju/Desktop/vending_machine/vendor/laravel/framework/src/Illuminate/Container/BoundMethod.php(36): Database\\Seeders\\DatabaseSeeder->run()
#15 /Users/akimotokeiju/Desktop/vending_machine/vendor/laravel/framework/src/Illuminate/Container/Util.php(41): Illuminate\\Container\\BoundMethod::Illuminate\\Container\\{closure}()
#16 /Users/akimotokeiju/Desktop/vending_machine/vendor/laravel/framework/src/Illuminate/Container/BoundMethod.php(93): Illuminate\\Container\\Util::unwrapIfClosure(Object(Closure))
#17 /Users/akimotokeiju/Desktop/vending_machine/vendor/laravel/framework/src/Illuminate/Container/BoundMethod.php(35): Illuminate\\Container\\BoundMethod::callBoundMethod(Object(Illuminate\\Foundation\\Application), Array, Object(Closure))
#18 /Users/akimotokeiju/Desktop/vending_machine/vendor/laravel/framework/src/Illuminate/Container/Container.php(661): Illuminate\\Container\\BoundMethod::call(Object(Illuminate\\Foundation\\Application), Array, Array, NULL)
#19 /Users/akimotokeiju/Desktop/vending_machine/vendor/laravel/framework/src/Illuminate/Database/Seeder.php(184): Illuminate\\Container\\Container->call(Array, Array)
#20 /Users/akimotokeiju/Desktop/vending_machine/vendor/laravel/framework/src/Illuminate/Database/Seeder.php(193): Illuminate\\Database\\Seeder->Illuminate\\Database\\{closure}()
#21 /Users/akimotokeiju/Desktop/vending_machine/vendor/laravel/framework/src/Illuminate/Database/Console/Seeds/SeedCommand.php(81): Illuminate\\Database\\Seeder->__invoke()
#22 /Users/akimotokeiju/Desktop/vending_machine/vendor/laravel/framework/src/Illuminate/Database/Eloquent/Concerns/GuardsAttributes.php(155): Illuminate\\Database\\Console\\Seeds\\SeedCommand->Illuminate\\Database\\Console\\Seeds\\{closure}()
#23 /Users/akimotokeiju/Desktop/vending_machine/vendor/laravel/framework/src/Illuminate/Database/Console/Seeds/SeedCommand.php(80): Illuminate\\Database\\Eloquent\\Model::unguarded(Object(Closure))
#24 /Users/akimotokeiju/Desktop/vending_machine/vendor/laravel/framework/src/Illuminate/Container/BoundMethod.php(36): Illuminate\\Database\\Console\\Seeds\\SeedCommand->handle()
#25 /Users/akimotokeiju/Desktop/vending_machine/vendor/laravel/framework/src/Illuminate/Container/Util.php(41): Illuminate\\Container\\BoundMethod::Illuminate\\Container\\{closure}()
#26 /Users/akimotokeiju/Desktop/vending_machine/vendor/laravel/framework/src/Illuminate/Container/BoundMethod.php(93): Illuminate\\Container\\Util::unwrapIfClosure(Object(Closure))
#27 /Users/akimotokeiju/Desktop/vending_machine/vendor/laravel/framework/src/Illuminate/Container/BoundMethod.php(35): Illuminate\\Container\\BoundMethod::callBoundMethod(Object(Illuminate\\Foundation\\Application), Array, Object(Closure))
#28 /Users/akimotokeiju/Desktop/vending_machine/vendor/laravel/framework/src/Illuminate/Container/Container.php(661): Illuminate\\Container\\BoundMethod::call(Object(Illuminate\\Foundation\\Application), Array, Array, NULL)
#29 /Users/akimotokeiju/Desktop/vending_machine/vendor/laravel/framework/src/Illuminate/Console/Command.php(183): Illuminate\\Container\\Container->call(Array)
#30 /Users/akimotokeiju/Desktop/vending_machine/vendor/symfony/console/Command/Command.php(326): Illuminate\\Console\\Command->execute(Object(Symfony\\Component\\Console\\Input\\ArrayInput), Object(Illuminate\\Console\\OutputStyle))
#31 /Users/akimotokeiju/Desktop/vending_machine/vendor/laravel/framework/src/Illuminate/Console/Command.php(152): Symfony\\Component\\Console\\Command\\Command->run(Object(Symfony\\Component\\Console\\Input\\ArrayInput), Object(Illuminate\\Console\\OutputStyle))
#32 /Users/akimotokeiju/Desktop/vending_machine/vendor/laravel/framework/src/Illuminate/Console/Concerns/CallsCommands.php(67): Illuminate\\Console\\Command->run(Object(Symfony\\Component\\Console\\Input\\ArrayInput), Object(Illuminate\\Console\\OutputStyle))
#33 /Users/akimotokeiju/Desktop/vending_machine/vendor/laravel/framework/src/Illuminate/Console/Concerns/CallsCommands.php(28): Illuminate\\Console\\Command->runCommand('db:seed', Array, Object(Illuminate\\Console\\OutputStyle))
#34 /Users/akimotokeiju/Desktop/vending_machine/vendor/laravel/framework/src/Illuminate/Database/Console/Migrations/FreshCommand.php(93): Illuminate\\Console\\Command->call('db:seed', Array)
#35 /Users/akimotokeiju/Desktop/vending_machine/vendor/laravel/framework/src/Illuminate/Database/Console/Migrations/FreshCommand.php(69): Illuminate\\Database\\Console\\Migrations\\FreshCommand->runSeeder(NULL)
#36 /Users/akimotokeiju/Desktop/vending_machine/vendor/laravel/framework/src/Illuminate/Container/BoundMethod.php(36): Illuminate\\Database\\Console\\Migrations\\FreshCommand->handle()
#37 /Users/akimotokeiju/Desktop/vending_machine/vendor/laravel/framework/src/Illuminate/Container/Util.php(41): Illuminate\\Container\\BoundMethod::Illuminate\\Container\\{closure}()
#38 /Users/akimotokeiju/Desktop/vending_machine/vendor/laravel/framework/src/Illuminate/Container/BoundMethod.php(93): Illuminate\\Container\\Util::unwrapIfClosure(Object(Closure))
#39 /Users/akimotokeiju/Desktop/vending_machine/vendor/laravel/framework/src/Illuminate/Container/BoundMethod.php(35): Illuminate\\Container\\BoundMethod::callBoundMethod(Object(Illuminate\\Foundation\\Application), Array, Object(Closure))
#40 /Users/akimotokeiju/Desktop/vending_machine/vendor/laravel/framework/src/Illuminate/Container/Container.php(661): Illuminate\\Container\\BoundMethod::call(Object(Illuminate\\Foundation\\Application), Array, Array, NULL)
#41 /Users/akimotokeiju/Desktop/vending_machine/vendor/laravel/framework/src/Illuminate/Console/Command.php(183): Illuminate\\Container\\Container->call(Array)
#42 /Users/akimotokeiju/Desktop/vending_machine/vendor/symfony/console/Command/Command.php(326): Illuminate\\Console\\Command->execute(Object(Symfony\\Component\\Console\\Input\\ArgvInput), Object(Illuminate\\Console\\OutputStyle))
#43 /Users/akimotokeiju/Desktop/vending_machine/vendor/laravel/framework/src/Illuminate/Console/Command.php(152): Symfony\\Component\\Console\\Command\\Command->run(Object(Symfony\\Component\\Console\\Input\\ArgvInput), Object(Illuminate\\Console\\OutputStyle))
#44 /Users/akimotokeiju/Desktop/vending_machine/vendor/symfony/console/Application.php(1098): Illuminate\\Console\\Command->run(Object(Symfony\\Component\\Console\\Input\\ArgvInput), Object(Symfony\\Component\\Console\\Output\\ConsoleOutput))
#45 /Users/akimotokeiju/Desktop/vending_machine/vendor/symfony/console/Application.php(324): Symfony\\Component\\Console\\Application->doRunCommand(Object(Illuminate\\Database\\Console\\Migrations\\FreshCommand), Object(Symfony\\Component\\Console\\Input\\ArgvInput), Object(Symfony\\Component\\Console\\Output\\ConsoleOutput))
#46 /Users/akimotokeiju/Desktop/vending_machine/vendor/symfony/console/Application.php(175): Symfony\\Component\\Console\\Application->doRun(Object(Symfony\\Component\\Console\\Input\\ArgvInput), Object(Symfony\\Component\\Console\\Output\\ConsoleOutput))
#47 /Users/akimotokeiju/Desktop/vending_machine/vendor/laravel/framework/src/Illuminate/Console/Application.php(102): Symfony\\Component\\Console\\Application->run(Object(Symfony\\Component\\Console\\Input\\ArgvInput), Object(Symfony\\Component\\Console\\Output\\ConsoleOutput))
#48 /Users/akimotokeiju/Desktop/vending_machine/vendor/laravel/framework/src/Illuminate/Foundation/Console/Kernel.php(155): Illuminate\\Console\\Application->run(Object(Symfony\\Component\\Console\\Input\\ArgvInput), Object(Symfony\\Component\\Console\\Output\\ConsoleOutput))
#49 /Users/akimotokeiju/Desktop/vending_machine/artisan(35): Illuminate\\Foundation\\Console\\Kernel->handle(Object(Symfony\\Component\\Console\\Input\\ArgvInput), Object(Symfony\\Component\\Console\\Output\\ConsoleOutput))
#50 {main}

[previous exception] [object] (PDOException(code: 42S02): SQLSTATE[42S02]: Base table or view not found: 1146 Table 'vending_machine.companies' doesn't exist at /Users/akimotokeiju/Desktop/vending_machine/vendor/laravel/framework/src/Illuminate/Database/Connection.php:539)
[stacktrace]
#0 /Users/akimotokeiju/Desktop/vending_machine/vendor/laravel/framework/src/Illuminate/Database/Connection.php(539): PDO->prepare('insert into `co...')
#1 /Users/akimotokeiju/Desktop/vending_machine/vendor/laravel/framework/src/Illuminate/Database/Connection.php(753): Illuminate\\Database\\Connection->Illuminate\\Database\\{closure}('insert into `co...', Array)
#2 /Users/akimotokeiju/Desktop/vending_machine/vendor/laravel/framework/src/Illuminate/Database/Connection.php(720): Illuminate\\Database\\Connection->runQueryCallback('insert into `co...', Array, Object(Closure))
#3 /Users/akimotokeiju/Desktop/vending_machine/vendor/laravel/framework/src/Illuminate/Database/Connection.php(534): Illuminate\\Database\\Connection->run('insert into `co...', Array, Object(Closure))
#4 /Users/akimotokeiju/Desktop/vending_machine/vendor/laravel/framework/src/Illuminate/Database/Connection.php(498): Illuminate\\Database\\Connection->statement('insert into `co...', Array)
#5 /Users/akimotokeiju/Desktop/vending_machine/vendor/laravel/framework/src/Illuminate/Database/Query/Builder.php(3272): Illuminate\\Database\\Connection->insert('insert into `co...', Array)
#6 /Users/akimotokeiju/Desktop/vending_machine/database/seeders/CompaniesTableSeeder.php(12): Illuminate\\Database\\Query\\Builder->insert(Array)
#7 /Users/akimotokeiju/Desktop/vending_machine/vendor/laravel/framework/src/Illuminate/Container/BoundMethod.php(36): Database\\Seeders\\CompaniesTableSeeder->run()
#8 /Users/akimotokeiju/Desktop/vending_machine/vendor/laravel/framework/src/Illuminate/Container/Util.php(41): Illuminate\\Container\\BoundMethod::Illuminate\\Container\\{closure}()
#9 /Users/akimotokeiju/Desktop/vending_machine/vendor/laravel/framework/src/Illuminate/Container/BoundMethod.php(93): Illuminate\\Container\\Util::unwrapIfClosure(Object(Closure))
#10 /Users/akimotokeiju/Desktop/vending_machine/vendor/laravel/framework/src/Illuminate/Container/BoundMethod.php(35): Illuminate\\Container\\BoundMethod::callBoundMethod(Object(Illuminate\\Foundation\\Application), Array, Object(Closure))
#11 /Users/akimotokeiju/Desktop/vending_machine/vendor/laravel/framework/src/Illuminate/Container/Container.php(661): Illuminate\\Container\\BoundMethod::call(Object(Illuminate\\Foundation\\Application), Array, Array, NULL)
#12 /Users/akimotokeiju/Desktop/vending_machine/vendor/laravel/framework/src/Illuminate/Database/Seeder.php(184): Illuminate\\Container\\Container->call(Array, Array)
#13 /Users/akimotokeiju/Desktop/vending_machine/vendor/laravel/framework/src/Illuminate/Database/Seeder.php(193): Illuminate\\Database\\Seeder->Illuminate\\Database\\{closure}()
#14 /Users/akimotokeiju/Desktop/vending_machine/vendor/laravel/framework/src/Illuminate/Database/Seeder.php(61): Illuminate\\Database\\Seeder->__invoke(Array)
#15 /Users/akimotokeiju/Desktop/vending_machine/database/seeders/DatabaseSeeder.php(17): Illuminate\\Database\\Seeder->call('Database\\\\Seeder...')
#16 /Users/akimotokeiju/Desktop/vending_machine/vendor/laravel/framework/src/Illuminate/Container/BoundMethod.php(36): Database\\Seeders\\DatabaseSeeder->run()
#17 /Users/akimotokeiju/Desktop/vending_machine/vendor/laravel/framework/src/Illuminate/Container/Util.php(41): Illuminate\\Container\\BoundMethod::Illuminate\\Container\\{closure}()
#18 /Users/akimotokeiju/Desktop/vending_machine/vendor/laravel/framework/src/Illuminate/Container/BoundMethod.php(93): Illuminate\\Container\\Util::unwrapIfClosure(Object(Closure))
#19 /Users/akimotokeiju/Desktop/vending_machine/vendor/laravel/framework/src/Illuminate/Container/BoundMethod.php(35): Illuminate\\Container\\BoundMethod::callBoundMethod(Object(Illuminate\\Foundation\\Application), Array, Object(Closure))
#20 /Users/akimotokeiju/Desktop/vending_machine/vendor/laravel/framework/src/Illuminate/Container/Container.php(661): Illuminate\\Container\\BoundMethod::call(Object(Illuminate\\Foundation\\Application), Array, Array, NULL)
#21 /Users/akimotokeiju/Desktop/vending_machine/vendor/laravel/framework/src/Illuminate/Database/Seeder.php(184): Illuminate\\Container\\Container->call(Array, Array)
#22 /Users/akimotokeiju/Desktop/vending_machine/vendor/laravel/framework/src/Illuminate/Database/Seeder.php(193): Illuminate\\Database\\Seeder->Illuminate\\Database\\{closure}()
#23 /Users/akimotokeiju/Desktop/vending_machine/vendor/laravel/framework/src/Illuminate/Database/Console/Seeds/SeedCommand.php(81): Illuminate\\Database\\Seeder->__invoke()
#24 /Users/akimotokeiju/Desktop/vending_machine/vendor/laravel/framework/src/Illuminate/Database/Eloquent/Concerns/GuardsAttributes.php(155): Illuminate\\Database\\Console\\Seeds\\SeedCommand->Illuminate\\Database\\Console\\Seeds\\{closure}()
#25 /Users/akimotokeiju/Desktop/vending_machine/vendor/laravel/framework/src/Illuminate/Database/Console/Seeds/SeedCommand.php(80): Illuminate\\Database\\Eloquent\\Model::unguarded(Object(Closure))
#26 /Users/akimotokeiju/Desktop/vending_machine/vendor/laravel/framework/src/Illuminate/Container/BoundMethod.php(36): Illuminate\\Database\\Console\\Seeds\\SeedCommand->handle()
#27 /Users/akimotokeiju/Desktop/vending_machine/vendor/laravel/framework/src/Illuminate/Container/Util.php(41): Illuminate\\Container\\BoundMethod::Illuminate\\Container\\{closure}()
#28 /Users/akimotokeiju/Desktop/vending_machine/vendor/laravel/framework/src/Illuminate/Container/BoundMethod.php(93): Illuminate\\Container\\Util::unwrapIfClosure(Object(Closure))
#29 /Users/akimotokeiju/Desktop/vending_machine/vendor/laravel/framework/src/Illuminate/Container/BoundMethod.php(35): Illuminate\\Container\\BoundMethod::callBoundMethod(Object(Illuminate\\Foundation\\Application), Array, Object(Closure))
#30 /Users/akimotokeiju/Desktop/vending_machine/vendor/laravel/framework/src/Illuminate/Container/Container.php(661): Illuminate\\Container\\BoundMethod::call(Object(Illuminate\\Foundation\\Application), Array, Array, NULL)
#31 /Users/akimotokeiju/Desktop/vending_machine/vendor/laravel/framework/src/Illuminate/Console/Command.php(183): Illuminate\\Container\\Container->call(Array)
#32 /Users/akimotokeiju/Desktop/vending_machine/vendor/symfony/console/Command/Command.php(326): Illuminate\\Console\\Command->execute(Object(Symfony\\Component\\Console\\Input\\ArrayInput), Object(Illuminate\\Console\\OutputStyle))
#33 /Users/akimotokeiju/Desktop/vending_machine/vendor/laravel/framework/src/Illuminate/Console/Command.php(152): Symfony\\Component\\Console\\Command\\Command->run(Object(Symfony\\Component\\Console\\Input\\ArrayInput), Object(Illuminate\\Console\\OutputStyle))
#34 /Users/akimotokeiju/Desktop/vending_machine/vendor/laravel/framework/src/Illuminate/Console/Concerns/CallsCommands.php(67): Illuminate\\Console\\Command->run(Object(Symfony\\Component\\Console\\Input\\ArrayInput), Object(Illuminate\\Console\\OutputStyle))
#35 /Users/akimotokeiju/Desktop/vending_machine/vendor/laravel/framework/src/Illuminate/Console/Concerns/CallsCommands.php(28): Illuminate\\Console\\Command->runCommand('db:seed', Array, Object(Illuminate\\Console\\OutputStyle))
#36 /Users/akimotokeiju/Desktop/vending_machine/vendor/laravel/framework/src/Illuminate/Database/Console/Migrations/FreshCommand.php(93): Illuminate\\Console\\Command->call('db:seed', Array)
#37 /Users/akimotokeiju/Desktop/vending_machine/vendor/laravel/framework/src/Illuminate/Database/Console/Migrations/FreshCommand.php(69): Illuminate\\Database\\Console\\Migrations\\FreshCommand->runSeeder(NULL)
#38 /Users/akimotokeiju/Desktop/vending_machine/vendor/laravel/framework/src/Illuminate/Container/BoundMethod.php(36): Illuminate\\Database\\Console\\Migrations\\FreshCommand->handle()
#39 /Users/akimotokeiju/Desktop/vending_machine/vendor/laravel/framework/src/Illuminate/Container/Util.php(41): Illuminate\\Container\\BoundMethod::Illuminate\\Container\\{closure}()
#40 /Users/akimotokeiju/Desktop/vending_machine/vendor/laravel/framework/src/Illuminate/Container/BoundMethod.php(93): Illuminate\\Container\\Util::unwrapIfClosure(Object(Closure))
#41 /Users/akimotokeiju/Desktop/vending_machine/vendor/laravel/framework/src/Illuminate/Container/BoundMethod.php(35): Illuminate\\Container\\BoundMethod::callBoundMethod(Object(Illuminate\\Foundation\\Application), Array, Object(Closure))
#42 /Users/akimotokeiju/Desktop/vending_machine/vendor/laravel/framework/src/Illuminate/Container/Container.php(661): Illuminate\\Container\\BoundMethod::call(Object(Illuminate\\Foundation\\Application), Array, Array, NULL)
#43 /Users/akimotokeiju/Desktop/vending_machine/vendor/laravel/framework/src/Illuminate/Console/Command.php(183): Illuminate\\Container\\Container->call(Array)
#44 /Users/akimotokeiju/Desktop/vending_machine/vendor/symfony/console/Command/Command.php(326): Illuminate\\Console\\Command->execute(Object(Symfony\\Component\\Console\\Input\\ArgvInput), Object(Illuminate\\Console\\OutputStyle))
#45 /Users/akimotokeiju/Desktop/vending_machine/vendor/laravel/framework/src/Illuminate/Console/Command.php(152): Symfony\\Component\\Console\\Command\\Command->run(Object(Symfony\\Component\\Console\\Input\\ArgvInput), Object(Illuminate\\Console\\OutputStyle))
#46 /Users/akimotokeiju/Desktop/vending_machine/vendor/symfony/console/Application.php(1098): Illuminate\\Console\\Command->run(Object(Symfony\\Component\\Console\\Input\\ArgvInput), Object(Symfony\\Component\\Console\\Output\\ConsoleOutput))
#47 /Users/akimotokeiju/Desktop/vending_machine/vendor/symfony/console/Application.php(324): Symfony\\Component\\Console\\Application->doRunCommand(Object(Illuminate\\Database\\Console\\Migrations\\FreshCommand), Object(Symfony\\Component\\Console\\Input\\ArgvInput), Object(Symfony\\Component\\Console\\Output\\ConsoleOutput))
#48 /Users/akimotokeiju/Desktop/vending_machine/vendor/symfony/console/Application.php(175): Symfony\\Component\\Console\\Application->doRun(Object(Symfony\\Component\\Console\\Input\\ArgvInput), Object(Symfony\\Component\\Console\\Output\\ConsoleOutput))
#49 /Users/akimotokeiju/Desktop/vending_machine/vendor/laravel/framework/src/Illuminate/Console/Application.php(102): Symfony\\Component\\Console\\Application->run(Object(Symfony\\Component\\Console\\Input\\ArgvInput), Object(Symfony\\Component\\Console\\Output\\ConsoleOutput))
#50 /Users/akimotokeiju/Desktop/vending_machine/vendor/laravel/framework/src/Illuminate/Foundation/Console/Kernel.php(155): Illuminate\\Console\\Application->run(Object(Symfony\\Component\\Console\\Input\\ArgvInput), Object(Symfony\\Component\\Console\\Output\\ConsoleOutput))
#51 /Users/akimotokeiju/Desktop/vending_machine/artisan(35): Illuminate\\Foundation\\Console\\Kernel->handle(Object(Symfony\\Component\\Console\\Input\\ArgvInput), Object(Symfony\\Component\\Console\\Output\\ConsoleOutput))
#52 {main}
"} 
